date,station_code,product,actual,naive,pred_point,pred_p50,pred_p90,pred_p95
2025-10-01,B1,P1,4421.77,2914.98,3899.4,3808.6,4218.3,4720.0
2025-10-02,B1,P1,4703.4,3828.73,3652.4,3485.5,4112.2,4696.7
2025-10-03,B1,P1,3467.99,3579.27,3900.0,3753.2,4810.3,4810.3
2025-10-04,B1,P1,2975.44,2559.8,3025.4,2909.2,3622.0,3881.4
2025-10-05,B1,P1,2256.34,1658.3,1766.2,1822.8,2218.9,2707.6
2025-10-06,B1,P1,4055.4,3520.57,3979.3,3806.7,5218.4,5218.4
2025-10-07,B1,P1,3624.5,4420.58,3568.2,3499.2,4568.3,4699.4
2025-10-08,B1,P1,4201.35,4421.77,3740.1,3647.6,4758.8,4814.6
2025-10-09,B1,P1,2500.21,4703.4,3948.9,3789.2,5134.0,5137.7
2025-10-10,B1,P1,2651.57,3467.99,3734.5,3526.2,4959.3,4959.3
2025-10-11,B1,P1,2587.77,2975.44,2927.2,2985.2,3410.1,3922.3
2025-10-12,B1,P1,2122.2,2256.34,1850.6,1910.6,2619.2,3142.4
2025-10-13,B1,P1,4038.33,4055.4,3913.7,3770.3,4758.3,4920.9
2025-10-14,B1,P1,4548.05,3624.5,3511.7,3512.2,4252.3,4602.9
2025-10-15,B1,P1,3093.52,4201.35,3902.3,3880.8,4920.6,5016.3
2025-10-16,B1,P1,4482.24,2500.21,3570.0,3502.2,4033.7,4695.5
2025-10-17,B1,P1,3470.6,2651.57,3367.4,3154.9,3810.3,4308.0
2025-10-18,B1,P1,2111.09,2587.77,2714.6,2737.0,3389.1,3662.4
2025-10-19,B1,P1,1555.85,2122.2,1899.0,2000.2,2467.0,3022.5
2025-10-20,B1,P1,4303.72,4038.33,3821.4,3658.5,4920.7,4928.2
2025-10-21,B1,P1,2978.37,4548.05,3988.3,3751.1,4994.4,5086.2
2025-10-22,B1,P1,3310.78,3093.52,3580.6,3538.3,3999.4,4593.5
2025-10-23,B1,P1,3880.16,4482.24,3763.2,3550.2,4735.6,4880.8
2025-10-24,B1,P1,4067.49,3470.6,3731.2,3643.5,4761.9,4761.9
2025-10-25,B1,P1,2531.19,2111.09,2651.7,2592.1,2981.3,3782.4
2025-10-26,B1,P1,1864.77,1555.85,1823.7,1834.0,2256.5,2479.9
2025-10-27,B1,P1,5439.35,4303.72,3909.2,3861.9,4962.2,5013.6
2025-10-28,B1,P1,2785.68,2978.37,3685.9,3644.9,4090.1,4751.5
2025-10-29,B1,P1,3866.72,3310.78,3744.3,3675.0,4771.2,4771.2
2025-10-30,B1,P1,3359.13,3880.16,3741.3,3530.8,4718.5,4913.2
2025-10-31,B1,P1,3127.54,4067.49,3661.7,3605.5,4634.8,4880.7
2025-11-01,B1,P1,1949.65,2531.19,2865.7,2777.6,3441.4,3788.8
2025-11-02,B1,P1,1527.25,1864.77,1887.3,1814.4,2482.7,2963.0
2025-11-03,B1,P1,4958.2,5439.35,4083.2,3933.2,5346.1,5415.2
2025-11-04,B1,P1,3534.87,2785.68,3463.9,3450.2,3979.2,4558.0
2025-11-05,B1,P1,2980.8,3866.72,3618.1,3585.2,4613.9,4613.9
2025-11-06,B1,P1,3428.19,3359.13,3534.2,3477.5,3992.7,4619.4
2025-11-07,B1,P1,3821.64,3127.54,3515.2,3492.1,4105.4,4634.7
2025-11-08,B1,P1,3222.06,1949.65,2437.2,2392.9,2887.3,3385.0
2025-11-09,B1,P1,1630.78,1527.25,1776.4,1827.9,2294.5,2549.8
2025-11-10,B1,P1,4587.9,4958.2,4394.5,3980.7,5788.2,5788.2
2025-11-11,B1,P1,2062.22,3534.87,3654.0,3619.9,4818.0,4818.0
2025-11-12,B1,P1,2817.25,2980.8,3357.6,3400.4,3966.3,4578.1
2025-11-13,B1,P1,2970.35,3428.19,3739.0,3708.7,4761.3,4783.6
2025-11-14,B1,P1,3245.24,3821.64,3785.4,3652.5,4897.3,4897.3
2025-11-15,B1,P1,2693.92,3222.06,2668.5,2821.7,3480.1,3869.2
2025-11-16,B1,P1,1864.87,1630.78,1676.0,1645.3,2198.9,2651.8
2025-11-17,B1,P1,4078.52,4587.9,4268.4,5115.8,5136.8,5272.4
2025-11-18,B1,P1,3700.17,2062.22,3001.9,2724.8,3942.9,4210.7
2025-11-19,B1,P1,3955.05,2817.25,3324.5,3244.4,3793.3,4133.5
2025-11-20,B1,P1,5100.78,2970.35,3460.1,3471.9,3931.5,4329.7
2025-11-21,B1,P1,3716.92,3245.24,3654.9,3579.5,4920.6,4920.6
2025-11-22,B1,P1,3841.26,2693.92,2882.2,2901.7,3498.0,3792.4
2025-11-23,B1,P1,2033.93,1864.87,1833.7,1845.9,2409.9,2813.7
2025-11-24,B1,P1,4240.08,4078.52,3981.5,3891.5,5095.7,5249.8
2025-11-25,B1,P1,3593.8,3700.17,3376.2,3256.7,3797.8,4346.7
2025-11-26,B1,P1,4287.3,3955.05,3553.5,3514.6,4539.4,4685.9
2025-11-27,B1,P1,5144.74,5100.78,3790.5,3727.3,4991.7,5102.6
2025-11-28,B1,P1,4027.01,3716.92,3751.6,3730.1,4919.4,4919.4
2025-11-29,B1,P1,3099.8,3841.26,3235.2,3221.0,3833.3,4338.2
2025-11-30,B1,P1,1618.57,2033.93,1824.0,1919.1,2428.6,2943.6
2025-12-01,B1,P1,3757.36,4240.08,4291.7,4035.8,5268.1,5700.6
2025-12-02,B1,P1,2553.91,3593.8,3503.2,3429.1,4682.8,4733.6
2025-12-03,B1,P1,2822.81,4287.3,3756.2,3715.9,4875.8,5065.4
2025-12-04,B1,P1,3468.0,5144.74,3740.4,3817.9,5779.1,5779.1
2025-12-05,B1,P1,4832.14,4027.01,3901.3,3643.3,5266.3,5266.3
2025-12-06,B1,P1,3110.7,3099.8,3146.3,3169.7,3732.8,4298.2
2025-12-07,B1,P1,1986.87,1618.57,1897.0,1933.1,2229.7,2703.9
2025-12-08,B1,P1,3862.7,3757.36,4025.8,3861.4,5030.8,5152.1
2025-12-09,B1,P1,3226.52,2553.91,3140.2,3056.1,3832.9,4314.6
2025-12-10,B1,P1,3108.9,2822.81,3485.5,3522.6,4128.5,4685.8
2025-12-11,B1,P1,3794.15,3468.0,3891.8,3879.4,4958.8,4958.8
2025-12-12,B1,P1,4314.11,4832.14,4173.8,3973.6,5164.2,5320.2
2025-12-13,B1,P1,2421.99,3110.7,3091.1,3191.7,3806.7,4060.2
2025-12-14,B1,P1,1930.67,1986.87,1893.0,1935.1,2543.5,2952.4
2025-12-15,B1,P1,4250.61,3862.7,3920.8,3781.9,4981.1,5134.2
2025-12-16,B1,P1,4384.6,3226.52,3372.5,3415.7,4637.2,4637.2
2025-12-17,B1,P1,4035.24,3108.9,3549.1,3491.2,4952.8,4952.8
2025-12-18,B1,P1,2948.79,3794.15,4099.6,3918.1,4966.5,4966.5
2025-12-19,B1,P1,4709.96,4314.11,4416.2,4199.7,5261.7,5792.2
2025-12-20,B1,P1,3391.81,2421.99,2815.5,2750.2,3728.9,3877.1
2025-12-21,B1,P1,1922.75,1930.67,1827.4,1822.5,2273.9,2856.4
2025-12-22,B1,P1,4130.5,4250.61,2938.7,3103.1,4422.3,5219.7
2025-12-23,B1,P1,2784.02,4384.6,2728.9,2958.4,3200.9,4730.9
2025-12-24,B1,P1,2606.44,4035.24,2261.3,2685.1,4134.2,4509.6
2025-12-25,B1,P1,1510.07,2948.79,2466.7,2794.1,3875.9,4326.4
2025-12-26,B1,P1,3677.17,4709.96,3261.6,3067.3,3663.1,5316.9
2025-12-27,B1,P1,2153.92,3391.81,2313.2,2481.3,3166.6,4041.4
2025-12-28,B1,P1,1747.77,1922.75,1519.6,1380.1,2207.9,2769.6
2025-12-29,B1,P1,3723.7,4130.5,3073.7,3198.9,4638.4,5060.2
2025-12-30,B1,P1,2606.61,2784.02,2640.8,2705.4,3679.1,4248.0
2025-12-31,B1,P1,2658.19,2606.44,2373.8,2421.1,3676.3,4084.4
2026-01-01,B1,P1,787.76,1510.07,2235.0,2287.2,3116.9,4277.7
2026-01-02,B1,P1,3115.63,3677.17,3568.2,3638.9,4733.0,4795.8
2026-01-03,B1,P1,2420.2,2153.92,2517.3,2487.0,3140.9,3211.8
2026-01-04,B1,P1,1184.76,1747.77,1795.1,1741.7,2202.8,2592.5
2026-01-05,B1,P1,3274.39,3723.7,3814.6,3795.9,4868.9,4914.6
2026-01-06,B1,P1,3287.12,2606.61,3193.8,3204.7,3855.8,4418.9
2026-01-07,B1,P1,2874.49,2658.19,3063.4,3088.0,3651.5,3947.5
2026-01-08,B1,P1,3325.14,787.76,2540.7,2201.7,4126.9,4126.9
2026-01-09,B1,P1,3283.53,3115.63,3784.5,3741.3,5134.8,5134.8
2026-01-10,B1,P1,3187.9,2420.2,2476.4,2530.9,3267.2,3849.7
2026-01-11,B1,P1,1361.49,1184.76,1659.4,1711.4,2078.4,2231.4
2026-01-12,B1,P1,3806.61,3274.39,3855.4,3907.9,5084.4,5084.4
2026-01-13,B1,P1,3549.63,3287.12,3558.3,3626.9,4708.1,4708.1
2026-01-14,B1,P1,2767.47,2874.49,3286.5,3355.0,3596.3,3994.4
2026-01-15,B1,P1,3168.44,3325.14,3245.9,2734.9,4617.3,4617.3
2026-01-16,B1,P1,4173.06,3283.53,3743.9,3718.7,4865.6,4865.6
2026-01-17,B1,P1,2576.12,3187.9,3131.8,3157.3,4449.1,4449.1
2026-01-18,B1,P1,1922.33,1361.49,1784.8,1610.1,1996.6,2191.1
2026-01-19,B1,P1,5133.52,3806.61,3755.4,3738.6,4853.9,4853.9
2026-01-20,B1,P1,2788.92,3549.63,3447.4,3423.0,3661.2,4278.2
2026-01-21,B1,P1,3176.91,2767.47,3165.0,3146.4,3570.3,3991.7
2026-01-22,B1,P1,3253.42,3168.44,3237.9,2724.5,3975.3,4014.0
2026-01-23,B1,P1,3244.81,4173.06,3708.5,3533.4,4810.7,4810.7
2026-01-24,B1,P1,2830.55,2576.12,2844.0,2849.7,3487.6,3650.0
2026-01-25,B1,P1,1856.82,1922.33,1754.5,1655.9,2362.4,2793.8
2026-01-26,B1,P1,4838.71,5133.52,4007.5,3765.2,5192.6,5192.6
2026-01-27,B1,P1,3287.65,2788.92,3206.5,3021.7,3757.2,4210.0
2026-01-28,B1,P1,2959.15,3176.91,3203.9,3105.4,3748.0,4038.9
2026-01-29,B1,P1,3761.67,3253.42,3351.4,3257.5,3986.2,4091.6
2026-01-30,B1,P1,4168.99,3244.81,3660.6,3670.4,4933.2,4933.2
2026-01-31,B1,P1,2943.54,2830.55,2922.3,2986.9,3594.6,3915.8
2026-02-01,B1,P1,2428.0,1856.82,1725.1,1817.9,2233.4,2732.4
2026-02-02,B1,P1,4640.26,4838.71,4137.5,4149.2,5344.2,5344.2
2026-02-03,B1,P1,3469.33,3287.65,3422.3,3509.3,4606.4,4606.4
2026-02-04,B1,P1,3178.68,2959.15,3258.0,3274.7,3767.1,4063.9
2026-02-05,B1,P1,3460.54,3761.67,3547.4,3532.6,4695.6,4695.6
2026-02-06,B1,P1,5551.57,4168.99,3857.4,3802.7,4927.2,4939.0
2026-02-07,B1,P1,1883.43,2943.54,2933.7,3171.6,3433.4,3798.4
2026-02-08,B1,P1,2381.19,2428.0,2046.6,2170.8,2788.9,3348.2
2026-02-09,B1,P1,4617.25,4640.26,4292.6,4169.5,5207.7,5277.5
2026-02-10,B1,P1,3636.6,3469.33,3570.3,3498.7,4627.1,4627.1
2026-02-11,B1,P1,3524.56,3178.68,3480.8,3499.9,3866.1,4617.4
2026-02-12,B1,P1,3814.07,3460.54,3480.6,3457.1,4710.3,4710.3
2026-02-13,B1,P1,4716.94,5551.57,4165.8,4007.9,5213.5,5555.4
2026-02-14,B1,P1,2370.49,1883.43,2675.2,2527.1,3292.9,3626.5
2026-02-15,B1,P1,1884.88,2381.19,2226.0,2311.3,2958.5,3292.8
2026-02-16,B1,P1,4946.36,4617.25,4203.7,3885.5,5008.7,5313.1
2026-02-17,B1,P1,3414.1,3636.6,3488.3,3433.3,3833.0,4323.3
2026-02-18,B1,P1,3451.81,3524.56,3635.1,3529.0,4796.0,4796.0
2026-02-19,B1,P1,2840.31,3814.07,3512.6,3305.2,4756.1,4756.1
2026-02-20,B1,P1,4989.47,4716.94,4197.0,4025.4,5119.9,5251.9
2026-02-21,B1,P1,2477.12,2370.49,2712.6,2595.5,3784.5,3784.5
2026-02-22,B1,P1,1182.54,1884.88,2077.3,1975.0,2581.4,2870.6
2026-02-23,B1,P1,3239.76,4946.36,4182.3,3963.7,5197.4,5369.0
2026-02-24,B1,P1,3162.59,3414.1,3698.7,3577.6,4849.0,4849.0
2026-02-25,B1,P1,2787.29,3451.81,3486.7,3373.1,4636.2,4636.2
2026-02-26,B1,P1,2914.93,2840.31,3332.9,3124.0,4058.1,4596.5
2026-02-27,B1,P1,4623.67,4989.47,4623.1,4952.1,5510.5,5779.3
2026-02-28,B1,P1,3210.7,2477.12,2765.4,2755.6,3363.8,3939.1
2026-03-01,B1,P1,3912.63,1182.54,1779.4,1866.8,2199.4,2547.7
2026-03-02,B1,P1,10262.08,3239.76,3808.6,3961.4,5011.8,5011.8
2026-03-03,B1,P1,6118.19,3162.59,3591.4,3650.1,5024.2,5668.3
2026-03-04,B1,P1,12495.97,2787.29,3430.0,3338.2,3881.8,4664.4
2026-03-05,B1,P1,5460.81,2914.93,3431.1,3496.2,3843.9,4218.5
2026-03-06,B1,P1,4466.91,4623.67,4621.1,4182.6,5624.4,5807.4
2026-03-07,B1,P1,3828.92,3210.7,2982.6,3158.7,3539.0,3901.4
2026-03-08,B1,P1,3020.67,3912.63,2634.9,2370.0,3389.9,4097.1
2026-03-09,B1,P1,5242.94,10262.08,4105.8,4470.6,5893.8,5893.8
2026-03-10,B1,P1,2587.93,6118.19,3924.0,3844.5,5388.7,5388.7
2026-03-11,B1,P1,5060.71,12495.97,15373.3,11672.8,27295.8,27922.1
2026-03-12,B1,P1,2856.62,5460.81,5041.2,3919.8,5179.8,5235.0
2026-03-13,B1,P1,3290.91,4466.91,5883.1,4785.5,5726.2,6076.6
2026-03-14,B1,P1,2906.59,3828.92,3145.3,3440.0,3854.2,4761.1
2026-03-15,B1,P1,1265.19,3020.67,2561.7,2694.4,3821.3,4462.0
2026-03-16,B1,P1,4652.25,5242.94,5667.9,5724.0,6871.3,6871.3
2026-03-17,B1,P1,5702.02,2587.93,5146.8,3666.1,4759.8,5979.9
2026-03-18,B1,P1,2698.46,5060.71,8523.8,10653.5,10653.5,10653.5
2026-03-19,B1,P1,3474.4,2856.62,4843.9,3831.5,4040.1,5835.1
2026-03-20,B1,P1,3735.68,3290.91,5194.7,4290.7,5972.0,5972.0
2026-03-21,B1,P1,2728.4,2906.59,3515.5,3344.8,4189.1,4714.4
2026-03-22,B1,P1,3341.85,1265.19,2108.2,2100.4,3056.0,3456.3
2026-03-23,B1,P1,4174.32,4652.25,5464.8,5542.4,5700.6,5700.6
2026-03-24,B1,P1,2147.61,5702.02,5226.4,5930.7,5930.7,5930.7
2026-03-25,B1,P1,2295.22,2698.46,6325.1,5915.7,6426.5,7548.1
2026-03-26,B1,P1,2441.27,3474.4,4995.9,4146.9,5068.4,5068.4
2026-03-27,B1,P1,2374.5,3735.68,5136.2,4653.0,5301.7,5301.7
2026-03-28,B1,P1,2155.27,2728.4,3496.9,3365.7,3997.9,4615.8
2026-03-29,B1,P1,1245.73,3341.85,2806.6,2971.5,4708.7,4742.1
2026-03-30,B1,P1,5622.57,4174.32,5877.9,5689.6,7788.6,7788.6
2026-03-31,B1,P1,1859.09,2147.61,6550.4,4377.2,4377.2,6355.1
2026-04-01,B1,P1,1948.75,2295.22,8061.8,8795.8,8795.8,10276.5
2026-04-02,B1,P1,1983.79,2441.27,4965.0,3665.8,4308.2,5614.9
2026-04-03,B1,P1,1944.37,2374.5,5266.7,3890.8,4588.8,5894.8
2026-04-04,B1,P1,1210.86,2155.27,3197.5,2854.6,4413.9,4552.4
2026-04-05,B1,P1,665.42,1245.73,1989.4,2167.8,3326.7,3326.7
2026-04-06,B1,P1,905.14,5622.57,4994.1,5863.0,5863.0,5863.0
2026-04-07,B1,P1,3383.45,1859.09,3779.7,3075.2,4518.3,6277.8
2026-04-08,B1,P1,944.41,1948.75,3558.2,3238.2,4602.4,4602.4
2026-04-09,B1,P1,1146.95,1983.79,3106.0,3091.4,4795.7,4795.7
2026-04-10,B1,P1,2269.29,1944.37,3472.7,3358.1,6657.9,6657.9
2026-04-11,B1,P1,1351.21,1210.86,2336.6,2269.0,4123.1,4123.1
2026-04-12,B1,P1,682.63,665.42,1403.6,1499.3,2182.2,2793.5
2026-04-13,B1,P1,2519.23,905.14,3601.2,4306.1,5922.0,6229.7
2026-04-14,B1,P1,1367.99,3383.45,3754.7,3591.7,5540.2,5540.2
2026-04-15,B1,P1,930.14,944.41,2629.4,2612.4,2961.1,4417.6
2026-04-16,B1,P1,1061.16,1146.95,2713.2,2789.2,4046.7,4464.8
2026-04-17,B1,P1,807.43,2269.29,3201.8,3254.9,5636.9,5636.9
2026-04-18,B1,P1,746.42,1351.21,2130.8,2056.7,3969.5,4249.8
2026-04-19,B1,P1,342.59,682.63,1373.4,1457.7,3215.2,3215.2
2026-04-20,B1,P1,1319.95,2519.23,3203.7,3164.5,3923.0,5658.4
2026-04-21,B1,P1,1410.75,1367.99,3004.2,2862.4,3553.6,4711.0
2026-04-22,B1,P1,3308.77,930.14,2195.0,2261.5,4064.4,5211.4
2026-04-23,B1,P1,4280.6,1061.16,2321.4,2198.9,4092.6,5296.4
2026-04-24,B1,P1,1958.25,807.43,2473.7,2713.5,4987.4,4987.4
2026-04-25,B1,P1,1356.2,746.42,1729.5,1612.9,2880.9,4269.1
2026-04-26,B1,P1,959.66,342.59,1097.1,1058.5,1738.3,1885.9
2026-04-27,B1,P1,3196.68,1319.95,3125.1,3577.0,6725.3,6725.3
2026-04-28,B1,P1,1442.1,1410.75,2399.7,2564.8,5330.2,8232.6
2026-04-29,B1,P1,2590.5,3308.77,3672.9,5406.3,5942.2,5942.2
2026-04-30,B1,P1,3888.9,4280.6,2999.1,3120.7,4062.5,4516.8
2025-10-01,B1,P2,432.39,413.93,351.0,358.8,498.2,547.6
2025-10-02,B1,P2,428.36,352.22,378.7,392.2,570.2,615.3
2025-10-03,B1,P2,432.21,437.43,427.0,421.9,580.9,633.1
2025-10-04,B1,P2,452.06,347.61,414.4,406.0,561.0,588.4
2025-10-05,B1,P2,225.6,266.73,297.6,279.5,412.3,487.4
2025-10-06,B1,P2,313.11,359.38,346.5,348.3,506.9,573.6
2025-10-07,B1,P2,335.75,396.46,384.8,394.8,572.8,620.9
2025-10-08,B1,P2,465.41,432.39,376.9,398.4,564.9,619.2
2025-10-09,B1,P2,199.37,428.36,352.2,353.0,530.8,606.4
2025-10-10,B1,P2,338.67,432.21,416.6,416.8,591.4,662.5
2025-10-11,B1,P2,387.59,452.06,395.0,390.7,552.9,625.0
2025-10-12,B1,P2,464.18,225.6,292.0,305.9,419.6,483.7
2025-10-13,B1,P2,344.0,313.11,356.6,366.1,528.6,575.9
2025-10-14,B1,P2,434.89,335.75,355.9,353.5,544.5,604.7
2025-10-15,B1,P2,414.31,465.41,375.3,376.5,554.5,633.1
2025-10-16,B1,P2,395.57,199.37,363.8,365.6,546.9,576.0
2025-10-17,B1,P2,367.13,338.67,403.1,405.8,578.5,617.9
2025-10-18,B1,P2,387.3,387.59,408.0,415.7,575.3,619.4
2025-10-19,B1,P2,314.84,464.18,340.2,335.8,453.6,552.0
2025-10-20,B1,P2,311.52,344.0,353.0,339.9,524.6,579.1
2025-10-21,B1,P2,221.13,434.89,372.5,387.1,555.7,677.5
2025-10-22,B1,P2,475.57,414.31,403.8,420.1,561.9,605.6
2025-10-23,B1,P2,301.58,395.57,384.5,386.1,576.8,590.1
2025-10-24,B1,P2,409.57,367.13,393.1,385.9,558.9,571.7
2025-10-25,B1,P2,394.76,387.3,396.4,394.8,558.6,599.4
2025-10-26,B1,P2,139.79,314.84,313.3,321.0,474.8,508.2
2025-10-27,B1,P2,237.77,311.52,358.1,365.2,540.1,551.4
2025-10-28,B1,P2,248.15,221.13,358.6,370.0,535.9,581.7
2025-10-29,B1,P2,442.07,475.57,371.3,380.9,520.2,591.4
2025-10-30,B1,P2,492.36,301.58,389.2,399.3,555.5,591.1
2025-10-31,B1,P2,313.76,409.57,409.6,411.1,569.3,610.6
2025-11-01,B1,P2,454.56,394.76,409.8,415.0,568.4,616.8
2025-11-02,B1,P2,188.06,139.79,318.3,304.0,426.9,461.5
2025-11-03,B1,P2,366.12,237.77,321.6,330.6,510.7,540.9
2025-11-04,B1,P2,298.9,248.15,321.3,325.0,496.0,538.6
2025-11-05,B1,P2,363.02,442.07,374.6,387.1,529.5,602.0
2025-11-06,B1,P2,328.95,492.36,374.6,375.6,548.4,620.7
2025-11-07,B1,P2,478.82,313.76,394.7,390.8,532.0,589.5
2025-11-08,B1,P2,430.26,454.56,382.0,359.1,527.8,590.7
2025-11-09,B1,P2,222.6,188.06,320.3,325.1,412.2,435.6
2025-11-10,B1,P2,245.63,366.12,329.5,336.4,487.1,512.4
2025-11-11,B1,P2,326.75,298.9,353.6,357.0,504.5,517.8
2025-11-12,B1,P2,237.02,363.02,369.4,388.8,519.2,549.7
2025-11-13,B1,P2,395.25,328.95,361.4,375.6,535.2,560.3
2025-11-14,B1,P2,337.97,478.82,406.5,389.7,550.1,644.6
2025-11-15,B1,P2,187.36,430.26,408.2,398.5,548.1,626.1
2025-11-16,B1,P2,448.68,222.6,255.8,249.0,398.3,426.0
2025-11-17,B1,P2,616.11,245.63,321.1,328.9,492.2,528.1
2025-11-18,B1,P2,335.28,326.75,356.7,368.2,493.2,553.6
2025-11-19,B1,P2,250.67,237.02,351.0,373.5,510.7,548.3
2025-11-20,B1,P2,296.71,395.25,355.2,352.3,521.3,556.3
2025-11-21,B1,P2,418.82,337.97,405.9,406.8,548.3,589.2
2025-11-22,B1,P2,471.06,187.36,380.4,382.3,498.0,554.0
2025-11-23,B1,P2,104.3,448.68,298.8,296.1,444.5,504.7
2025-11-24,B1,P2,350.12,616.11,380.3,364.1,605.9,663.5
2025-11-25,B1,P2,349.47,335.28,360.0,356.9,521.8,564.0
2025-11-26,B1,P2,429.89,250.67,359.3,372.1,514.1,557.2
2025-11-27,B1,P2,453.73,296.71,389.7,398.1,568.6,621.3
2025-11-28,B1,P2,467.36,418.82,412.1,394.7,553.6,618.3
2025-11-29,B1,P2,318.03,471.06,419.0,429.3,532.6,631.4
2025-11-30,B1,P2,164.6,104.3,259.5,269.8,430.4,454.3
2025-12-01,B1,P2,316.53,350.12,365.4,382.4,552.6,610.1
2025-12-02,B1,P2,253.12,349.47,355.6,351.3,533.1,569.4
2025-12-03,B1,P2,481.99,429.89,376.4,382.0,527.2,601.5
2025-12-04,B1,P2,635.31,453.73,357.7,347.7,509.9,571.3
2025-12-05,B1,P2,393.32,467.36,420.3,426.2,588.4,655.0
2025-12-06,B1,P2,387.63,318.03,408.0,403.3,550.9,602.0
2025-12-07,B1,P2,92.14,164.6,310.1,333.6,414.4,467.7
2025-12-08,B1,P2,207.15,316.53,343.3,340.0,533.1,558.9
2025-12-09,B1,P2,509.48,253.12,346.8,346.9,519.9,577.0
2025-12-10,B1,P2,276.78,481.99,389.1,390.0,543.2,627.8
2025-12-11,B1,P2,447.55,635.31,408.4,407.5,651.2,688.6
2025-12-12,B1,P2,301.6,393.32,409.7,412.8,569.1,601.8
2025-12-13,B1,P2,273.68,387.63,390.7,379.3,517.7,556.1
2025-12-14,B1,P2,265.71,92.14,273.7,290.0,387.6,420.1
2025-12-15,B1,P2,161.67,207.15,323.6,363.2,540.1,615.9
2025-12-16,B1,P2,308.02,509.48,367.2,353.1,521.9,593.1
2025-12-17,B1,P2,484.58,276.78,372.9,384.5,553.4,581.7
2025-12-18,B1,P2,400.51,447.55,410.2,411.8,582.3,646.2
2025-12-19,B1,P2,395.53,301.6,422.2,420.5,592.5,640.9
2025-12-20,B1,P2,451.36,273.68,347.6,351.5,495.9,529.0
2025-12-21,B1,P2,525.66,265.71,157.6,179.4,307.5,351.7
2025-12-22,B1,P2,713.49,161.67,272.8,291.2,476.3,476.3
2025-12-23,B1,P2,311.71,308.02,318.9,335.5,494.4,497.0
2025-12-24,B1,P2,309.05,484.58,320.1,356.8,491.9,550.4
2025-12-25,B1,P2,89.54,400.51,353.1,369.5,480.6,520.3
2025-12-26,B1,P2,495.72,395.53,347.9,369.7,505.4,518.9
2025-12-27,B1,P2,222.57,451.36,349.4,340.2,487.8,543.1
2025-12-28,B1,P2,256.85,525.66,266.4,302.4,367.3,467.5
2025-12-29,B1,P2,304.99,713.49,379.8,375.7,592.4,661.6
2025-12-30,B1,P2,256.32,311.71,311.8,327.5,486.0,497.7
2025-12-31,B1,P2,461.61,309.05,335.6,335.9,486.9,494.6
2026-01-01,B1,P2,282.73,89.54,245.0,298.8,426.5,507.9
2026-01-02,B1,P2,279.44,495.72,361.6,371.3,509.9,574.6
2026-01-03,B1,P2,346.42,222.57,309.4,315.1,398.9,460.1
2026-01-04,B1,P2,139.48,256.85,246.2,247.1,362.4,407.3
2026-01-05,B1,P2,173.37,304.99,346.6,347.0,573.7,612.0
2026-01-06,B1,P2,249.6,256.32,345.1,340.1,551.1,590.2
2026-01-07,B1,P2,202.49,461.61,342.4,329.6,503.9,552.7
2026-01-08,B1,P2,310.99,282.73,361.5,381.8,526.5,538.0
2026-01-09,B1,P2,430.17,279.44,374.4,387.5,552.2,557.8
2026-01-10,B1,P2,92.01,346.42,355.8,336.9,476.6,502.3
2026-01-11,B1,P2,311.21,139.48,327.3,334.6,432.5,445.9
2026-01-12,B1,P2,414.26,173.37,325.7,353.6,557.1,557.1
2026-01-13,B1,P2,467.75,249.6,330.5,334.2,507.7,527.3
2026-01-14,B1,P2,302.5,202.49,368.4,361.3,569.8,573.8
2026-01-15,B1,P2,582.26,310.99,330.7,333.7,495.9,514.7
2026-01-16,B1,P2,202.72,430.17,405.1,387.9,552.8,583.8
2026-01-17,B1,P2,293.69,92.01,347.0,345.1,489.9,489.9
2026-01-18,B1,P2,381.63,311.21,323.0,344.7,424.7,486.4
2026-01-19,B1,P2,309.79,414.26,376.4,387.0,583.1,620.4
2026-01-20,B1,P2,507.56,467.75,357.6,350.0,510.3,581.4
2026-01-21,B1,P2,339.65,302.5,374.6,363.1,529.0,571.9
2026-01-22,B1,P2,146.29,582.26,375.3,372.5,552.5,623.5
2026-01-23,B1,P2,621.42,202.72,394.9,390.2,591.1,616.4
2026-01-24,B1,P2,360.13,293.69,336.1,334.3,490.4,504.3
2026-01-25,B1,P2,200.54,381.63,288.4,271.2,409.2,443.7
2026-01-26,B1,P2,197.9,309.79,328.5,310.4,520.3,545.6
2026-01-27,B1,P2,94.28,507.56,372.3,347.3,522.7,587.3
2026-01-28,B1,P2,430.6,339.65,358.0,346.0,523.7,561.1
2026-01-29,B1,P2,374.96,146.29,331.7,311.0,567.2,567.2
2026-01-30,B1,P2,281.64,621.42,415.9,399.3,616.2,677.4
2026-01-31,B1,P2,289.83,360.13,380.6,367.8,510.9,558.9
2026-02-01,B1,P2,241.38,200.54,254.8,253.3,427.0,427.0
2026-02-02,B1,P2,371.23,197.9,292.1,260.8,480.5,517.5
2026-02-03,B1,P2,274.97,94.28,340.3,321.9,530.2,591.2
2026-02-04,B1,P2,314.15,430.6,356.9,319.9,527.0,578.2
2026-02-05,B1,P2,263.14,374.96,345.1,318.7,526.7,561.7
2026-02-06,B1,P2,668.17,281.64,360.5,356.3,568.2,582.1
2026-02-07,B1,P2,318.54,289.83,314.7,290.7,436.2,502.1
2026-02-08,B1,P2,256.05,241.38,283.5,262.5,427.7,456.8
2026-02-09,B1,P2,463.35,371.23,349.5,345.9,478.5,505.7
2026-02-10,B1,P2,439.15,274.97,330.1,342.9,471.0,516.8
2026-02-11,B1,P2,144.38,314.15,365.2,370.1,527.4,572.4
2026-02-12,B1,P2,320.85,263.14,323.8,338.7,533.0,585.5
2026-02-13,B1,P2,396.33,668.17,409.0,384.2,628.7,732.9
2026-02-14,B1,P2,311.52,318.54,378.6,354.2,534.6,585.1
2026-02-15,B1,P2,76.04,256.05,297.5,306.3,418.3,469.7
2026-02-16,B1,P2,136.49,463.35,372.5,382.2,587.9,639.5
2026-02-17,B1,P2,339.09,439.15,365.3,378.8,569.4,647.5
2026-02-18,B1,P2,295.68,144.38,338.2,327.8,503.6,540.7
2026-02-19,B1,P2,244.18,320.85,325.2,315.6,459.2,493.6
2026-02-20,B1,P2,352.43,396.33,444.3,449.6,666.4,711.3
2026-02-21,B1,P2,223.23,311.52,372.7,350.9,508.4,547.5
2026-02-22,B1,P2,219.26,76.04,273.8,243.2,381.3,420.6
2026-02-23,B1,P2,308.5,136.49,285.0,276.2,489.9,545.5
2026-02-24,B1,P2,401.3,339.09,302.5,302.2,452.4,487.7
2026-02-25,B1,P2,336.22,295.68,329.5,322.8,488.8,527.3
2026-02-26,B1,P2,277.65,244.18,307.3,298.2,470.5,518.6
2026-02-27,B1,P2,639.26,352.43,353.2,343.2,514.4,560.4
2026-02-28,B1,P2,391.96,223.23,338.5,310.3,474.4,562.5
2026-03-01,B1,P2,440.89,219.26,218.9,218.5,339.3,396.6
2026-03-02,B1,P2,632.08,308.5,295.3,276.1,432.5,507.9
2026-03-03,B1,P2,583.39,401.3,317.6,289.5,456.4,508.0
2026-03-04,B1,P2,763.59,336.22,313.2,284.1,456.3,516.7
2026-03-05,B1,P2,553.68,277.65,314.4,287.4,466.8,512.6
2026-03-06,B1,P2,613.43,639.26,414.9,423.5,666.5,755.2
2026-03-07,B1,P2,429.66,391.96,331.5,338.1,425.5,490.7
2026-03-08,B1,P2,621.2,440.89,302.9,314.9,426.7,504.2
2026-03-09,B1,P2,667.72,632.08,391.4,385.9,630.4,663.8
2026-03-10,B1,P2,381.64,583.39,408.4,413.2,629.9,691.5
2026-03-11,B1,P2,340.97,763.59,436.4,415.2,686.5,751.1
2026-03-12,B1,P2,919.86,553.68,438.0,422.6,544.5,616.6
2026-03-13,B1,P2,292.43,613.43,491.3,449.4,668.2,729.9
2026-03-14,B1,P2,525.75,429.66,398.4,379.8,565.4,617.8
2026-03-15,B1,P2,263.32,621.2,428.7,421.4,528.2,609.3
2026-03-16,B1,P2,425.92,667.72,469.4,430.8,678.4,752.8
2026-03-17,B1,P2,531.06,381.64,432.5,432.3,659.2,677.4
2026-03-18,B1,P2,703.88,340.97,436.8,413.7,730.9,753.9
2026-03-19,B1,P2,241.97,919.86,450.3,449.2,830.4,1592.1
2026-03-20,B1,P2,582.6,292.43,488.6,461.4,719.7,724.7
2026-03-21,B1,P2,390.46,525.75,482.8,437.1,590.8,634.6
2026-03-22,B1,P2,723.55,263.32,363.7,341.9,569.6,570.8
2026-03-23,B1,P2,306.61,425.92,478.1,438.9,653.6,747.8
2026-03-24,B1,P2,458.97,531.06,428.1,391.4,589.7,651.5
2026-03-25,B1,P2,270.68,703.88,469.6,456.7,732.3,799.5
2026-03-26,B1,P2,189.01,241.97,436.9,431.9,775.2,794.0
2026-03-27,B1,P2,370.55,582.6,540.4,466.1,722.2,790.2
2026-03-28,B1,P2,375.65,390.46,449.7,410.4,640.8,640.8
2026-03-29,B1,P2,270.95,723.55,467.3,441.6,656.9,687.9
2026-03-30,B1,P2,649.4,306.61,501.0,489.6,734.7,734.7
2026-03-31,B1,P2,312.61,458.97,476.8,452.9,723.5,747.3
2026-04-01,B1,P2,245.44,270.68,427.1,436.4,762.7,762.7
2026-04-02,B1,P2,305.77,189.01,445.2,453.5,709.8,792.0
2026-04-03,B1,P2,403.39,370.55,508.8,497.0,791.4,791.4
2026-04-04,B1,P2,297.13,375.65,474.1,452.3,660.4,660.4
2026-04-05,B1,P2,167.58,270.95,406.3,403.4,679.3,679.3
2026-04-06,B1,P2,104.93,649.4,502.0,491.7,738.8,798.8
2026-04-07,B1,P2,496.16,312.61,427.3,408.6,649.5,679.9
2026-04-08,B1,P2,226.03,245.44,338.4,353.8,592.0,619.2
2026-04-09,B1,P2,135.23,305.77,412.5,397.3,628.8,750.0
2026-04-10,B1,P2,333.55,403.39,459.1,414.1,627.4,672.6
2026-04-11,B1,P2,202.23,297.13,418.6,401.4,608.6,667.9
2026-04-12,B1,P2,227.16,167.58,289.5,321.5,467.4,522.8
2026-04-13,B1,P2,215.15,104.93,370.4,359.3,582.8,639.7
2026-04-14,B1,P2,456.58,496.16,437.6,434.4,637.9,734.4
2026-04-15,B1,P2,351.79,226.03,388.5,375.3,627.4,638.1
2026-04-16,B1,P2,292.52,135.23,324.8,325.4,548.3,571.7
2026-04-17,B1,P2,491.96,333.55,440.5,424.5,692.3,727.2
2026-04-18,B1,P2,62.77,202.23,371.2,354.8,535.5,598.6
2026-04-19,B1,P2,217.83,227.16,338.7,332.0,523.2,593.2
2026-04-20,B1,P2,209.82,215.15,330.0,336.8,570.1,634.7
2026-04-21,B1,P2,153.13,456.58,427.9,436.3,639.7,676.0
2026-04-22,B1,P2,224.0,351.79,373.8,355.6,573.7,613.7
2026-04-23,B1,P2,382.24,292.52,330.1,304.8,562.3,577.5
2026-04-24,B1,P2,417.42,491.96,475.7,446.5,675.7,700.0
2026-04-25,B1,P2,134.42,62.77,312.9,287.5,519.8,565.6
2026-04-26,B1,P2,368.19,217.83,213.0,218.0,444.1,485.6
2026-04-27,B1,P2,135.99,209.82,304.7,310.1,633.4,702.6
2026-04-28,B1,P2,404.88,153.13,284.4,298.7,623.4,670.7
2026-04-29,B1,P2,322.84,224.0,280.0,295.8,651.5,708.7
2026-04-30,B1,P2,197.96,382.24,316.2,315.7,621.0,642.5
2025-10-01,B1,P3,3058.0,2835.06,2653.8,2602.9,3257.9,3530.1
2025-10-02,B1,P3,2105.69,2239.07,2407.4,2403.9,2871.6,3157.2
2025-10-03,B1,P3,2513.78,2544.8,2781.1,2692.0,3255.3,3555.4
2025-10-04,B1,P3,2433.39,3029.86,2765.3,2765.4,3263.1,3613.1
2025-10-05,B1,P3,1720.5,1919.06,1906.2,1869.1,2426.9,2459.3
2025-10-06,B1,P3,2137.73,2900.67,2622.3,2548.5,3192.0,3322.2
2025-10-07,B1,P3,2537.23,2738.67,2742.5,2841.7,3394.7,3691.5
2025-10-08,B1,P3,2330.95,3058.0,2777.2,2776.1,3233.5,3608.3
2025-10-09,B1,P3,2513.72,2105.69,2370.9,2393.7,2841.7,3190.5
2025-10-10,B1,P3,2591.44,2513.78,2533.0,2428.0,3124.9,3456.2
2025-10-11,B1,P3,2589.0,2433.39,2640.4,2538.6,3191.3,3286.9
2025-10-12,B1,P3,1405.85,1720.5,1807.5,1857.2,2180.9,2440.9
2025-10-13,B1,P3,2310.2,2137.73,2431.7,2432.4,2840.5,2911.6
2025-10-14,B1,P3,2958.45,2537.23,2587.6,2530.2,3286.4,3392.3
2025-10-15,B1,P3,2417.65,2330.95,2480.3,2450.6,3039.1,3322.8
2025-10-16,B1,P3,2166.85,2513.72,2494.2,2403.3,2976.1,3243.3
2025-10-17,B1,P3,3132.5,2591.44,2624.1,2570.7,3226.7,3557.1
2025-10-18,B1,P3,2489.12,2589.0,2655.3,2627.0,3346.6,3622.6
2025-10-19,B1,P3,1864.2,1405.85,1805.9,1753.8,2129.1,2326.9
2025-10-20,B1,P3,2173.07,2310.2,2406.1,2310.6,3018.3,3386.6
2025-10-21,B1,P3,2034.31,2958.45,2764.7,2791.1,3243.5,3467.7
2025-10-22,B1,P3,2974.19,2417.65,2652.2,2579.1,3641.7,3728.3
2025-10-23,B1,P3,2163.25,2166.85,2390.1,2338.7,2863.8,3091.8
2025-10-24,B1,P3,2845.53,3132.5,2902.3,2930.0,3415.9,3919.0
2025-10-25,B1,P3,2509.24,2489.12,2728.8,2791.6,3095.1,3379.7
2025-10-26,B1,P3,1813.55,1864.2,1852.5,1777.8,2262.2,2460.8
2025-10-27,B1,P3,2112.24,2173.07,2495.1,2470.7,3467.2,3467.2
2025-10-28,B1,P3,2463.52,2034.31,2436.5,2373.4,2887.9,3093.9
2025-10-29,B1,P3,2567.0,2974.19,2771.3,2823.0,3236.3,3616.0
2025-10-30,B1,P3,2807.03,2163.25,2235.8,2220.5,2957.8,3294.8
2025-10-31,B1,P3,3003.05,2845.53,2891.7,2871.4,3313.7,3712.0
2025-11-01,B1,P3,2211.94,2509.24,2561.5,2552.7,3088.5,3480.2
2025-11-02,B1,P3,1839.52,1813.55,1853.4,1950.1,2153.3,2514.3
2025-11-03,B1,P3,2928.47,2112.24,2205.7,2191.6,2989.1,3262.1
2025-11-04,B1,P3,2867.58,2463.52,2453.3,2386.1,3130.6,3302.0
2025-11-05,B1,P3,2417.2,2567.0,2593.2,2593.0,3173.8,3332.6
2025-11-06,B1,P3,2488.83,2807.03,2592.7,2496.8,3182.1,3436.3
2025-11-07,B1,P3,3140.49,3003.05,2985.8,2979.6,3500.4,4201.1
2025-11-08,B1,P3,2505.03,2211.94,2402.8,2405.4,3030.5,3083.8
2025-11-09,B1,P3,1667.49,1839.52,1759.9,1838.3,2141.9,2443.9
2025-11-10,B1,P3,2634.73,2928.47,2483.8,2489.9,3177.3,3385.1
2025-11-11,B1,P3,1189.7,2867.58,2651.9,2704.3,3171.7,3436.1
2025-11-12,B1,P3,2487.17,2417.2,2390.6,2396.8,3022.6,3560.6
2025-11-13,B1,P3,2782.92,2488.83,2492.7,2575.9,3023.4,3306.9
2025-11-14,B1,P3,2221.64,3140.49,2980.3,2981.2,3371.4,3873.7
2025-11-15,B1,P3,2436.64,2505.03,2470.7,2439.9,3020.2,3325.8
2025-11-16,B1,P3,1449.32,1667.49,1902.1,2030.0,2215.7,2447.0
2025-11-17,B1,P3,2289.9,2634.73,2591.0,2592.9,3212.7,3444.6
2025-11-18,B1,P3,2094.71,1189.7,2207.7,2045.3,2917.7,3846.4
2025-11-19,B1,P3,3213.73,2487.17,2604.5,2708.1,3035.8,3402.5
2025-11-20,B1,P3,3329.16,2782.92,2675.1,2655.5,3362.9,3654.7
2025-11-21,B1,P3,3279.31,2221.64,2668.3,2575.3,3253.5,3665.0
2025-11-22,B1,P3,2677.67,2436.64,2529.1,2576.8,3040.2,3434.3
2025-11-23,B1,P3,1871.66,1449.32,1774.0,1789.1,1998.3,2204.6
2025-11-24,B1,P3,2240.2,2289.9,2454.8,2449.2,3040.3,3491.6
2025-11-25,B1,P3,2536.51,2094.71,2323.1,2185.3,4111.9,4111.9
2025-11-26,B1,P3,2779.36,3213.73,2749.3,2987.7,3241.6,3885.2
2025-11-27,B1,P3,2420.32,3329.16,2822.6,2947.3,3195.2,3812.1
2025-11-28,B1,P3,2522.44,3279.31,3033.8,2964.8,3300.4,4003.9
2025-11-29,B1,P3,2287.54,2677.67,2561.4,2560.5,3156.1,3511.4
2025-11-30,B1,P3,1820.46,1871.66,1842.4,1834.5,2162.9,2404.4
2025-12-01,B1,P3,2333.86,2240.2,2548.4,2546.3,3377.9,3520.1
2025-12-02,B1,P3,2242.8,2536.51,2534.0,2489.6,3143.0,3278.3
2025-12-03,B1,P3,2031.2,2779.36,2750.0,2702.9,3295.4,3693.6
2025-12-04,B1,P3,2688.59,2420.32,2622.8,2529.7,3208.0,3457.8
2025-12-05,B1,P3,3054.76,2522.44,3000.2,3029.8,3572.5,3729.7
2025-12-06,B1,P3,2687.21,2287.54,2443.3,2420.0,2858.5,3437.2
2025-12-07,B1,P3,1327.27,1820.46,1757.4,1844.5,2101.3,2419.8
2025-12-08,B1,P3,2478.86,2333.86,2418.4,2386.8,2850.7,3450.1
2025-12-09,B1,P3,2439.33,2242.8,2319.0,2411.3,2889.7,3163.7
2025-12-10,B1,P3,2322.52,2031.2,2475.6,2475.0,3148.9,4045.7
2025-12-11,B1,P3,2433.46,2688.59,2795.9,2811.4,3379.3,3715.9
2025-12-12,B1,P3,2827.5,3054.76,3003.2,3059.4,3684.0,5258.8
2025-12-13,B1,P3,2378.37,2687.21,2630.1,2641.1,3193.1,3482.0
2025-12-14,B1,P3,1197.51,1327.27,1671.7,1754.1,1931.3,2140.6
2025-12-15,B1,P3,2433.78,2478.86,2497.5,2528.4,3011.5,3427.9
2025-12-16,B1,P3,2058.26,2439.33,2380.6,2382.5,2833.5,3248.0
2025-12-17,B1,P3,2419.21,2322.52,2532.3,2554.9,3466.0,3653.2
2025-12-18,B1,P3,2645.49,2433.46,2642.6,2687.9,3429.2,3479.6
2025-12-19,B1,P3,3212.36,2827.5,2933.4,2947.9,3267.6,3861.9
2025-12-20,B1,P3,2346.57,2378.37,2416.9,2411.8,2659.5,2979.0
2025-12-21,B1,P3,1504.55,1197.51,1686.4,1541.9,1972.4,1972.4
2025-12-22,B1,P3,1994.07,2433.78,1853.5,2078.8,2924.4,3337.4
2025-12-23,B1,P3,1847.66,2058.26,2001.9,1958.1,2582.1,2817.7
2025-12-24,B1,P3,1967.49,2419.21,1631.4,1977.7,2632.1,3098.8
2025-12-25,B1,P3,1036.39,2645.49,1839.0,2128.7,3007.0,3404.2
2025-12-26,B1,P3,2237.0,3212.36,2413.9,2318.7,3459.5,3712.9
2025-12-27,B1,P3,1630.94,2346.57,1933.1,1988.1,2684.4,3033.6
2025-12-28,B1,P3,1204.59,1504.55,1433.6,1244.1,1775.1,1954.1
2025-12-29,B1,P3,1690.33,1994.07,2213.8,2154.3,2964.5,3176.5
2025-12-30,B1,P3,2388.9,1847.66,2062.8,1991.8,2549.3,3451.7
2025-12-31,B1,P3,2182.08,1967.49,1966.4,1927.1,2462.7,2611.6
2026-01-01,B1,P3,645.78,1036.39,2031.7,1833.9,2535.5,3635.8
2026-01-02,B1,P3,2173.11,2237.0,2700.5,2635.8,3054.1,3245.9
2026-01-03,B1,P3,1319.11,1630.94,2233.1,2182.3,2411.3,2688.7
2026-01-04,B1,P3,1568.29,1204.59,1470.2,1362.0,1634.8,1795.1
2026-01-05,B1,P3,1729.58,1690.33,2318.5,2268.9,2857.4,4008.6
2026-01-06,B1,P3,2090.59,2388.9,2273.0,2200.1,2712.3,3094.2
2026-01-07,B1,P3,1419.35,2182.08,2255.0,2242.2,2772.6,3123.4
2026-01-08,B1,P3,2370.09,645.78,2007.4,1618.9,3059.4,3998.6
2026-01-09,B1,P3,2322.66,2173.11,2530.3,2476.6,3510.6,3510.6
2026-01-10,B1,P3,1516.31,1319.11,2207.4,2079.0,2840.4,3105.9
2026-01-11,B1,P3,1759.74,1568.29,1528.1,1491.3,2048.3,2083.3
2026-01-12,B1,P3,2601.93,1729.58,2270.8,2290.9,2873.4,3908.2
2026-01-13,B1,P3,2158.78,2090.59,2232.7,2214.4,2768.8,2961.3
2026-01-14,B1,P3,2188.32,1419.35,2302.0,2220.9,3097.6,4142.4
2026-01-15,B1,P3,2147.29,2370.09,2245.4,2002.6,2741.6,3170.4
2026-01-16,B1,P3,2840.44,2322.66,2646.0,2640.2,3532.2,3532.2
2026-01-17,B1,P3,2372.83,1516.31,2033.1,1999.9,3868.6,3868.6
2026-01-18,B1,P3,1452.69,1759.74,1774.1,1812.3,2161.3,2267.1
2026-01-19,B1,P3,2387.1,2601.93,2390.3,2350.7,3095.4,3458.7
2026-01-20,B1,P3,2045.86,2158.78,2175.5,2181.5,2645.7,2841.5
2026-01-21,B1,P3,3097.16,2188.32,2216.8,2183.8,2752.1,3152.9
2026-01-22,B1,P3,2617.49,2147.29,2108.0,1968.5,2761.1,3452.6
2026-01-23,B1,P3,2775.75,2840.44,2575.2,2490.4,3171.9,3683.8
2026-01-24,B1,P3,1929.11,2372.83,2219.3,2167.6,2693.2,3334.4
2026-01-25,B1,P3,1922.82,1452.69,1745.3,1746.0,2357.1,2357.1
2026-01-26,B1,P3,2318.48,2387.1,2372.0,2345.0,2787.8,3231.7
2026-01-27,B1,P3,1983.35,2045.86,2248.3,2254.7,2671.7,2940.7
2026-01-28,B1,P3,1970.73,3097.16,2435.8,2336.6,3234.3,3885.7
2026-01-29,B1,P3,3265.8,2617.49,2352.8,2008.1,3255.6,4089.4
2026-01-30,B1,P3,2681.17,2775.75,2737.8,2784.1,3269.2,3758.5
2026-01-31,B1,P3,2874.5,1929.11,2196.1,2317.8,2944.5,3555.5
2026-02-01,B1,P3,1881.74,1922.82,1837.7,1879.6,2304.7,2559.4
2026-02-02,B1,P3,2960.83,2318.48,2322.2,2303.9,2776.0,3189.5
2026-02-03,B1,P3,2517.1,1983.35,2200.5,2208.5,2910.1,3209.5
2026-02-04,B1,P3,2552.62,1970.73,2304.9,2211.2,2820.4,3208.7
2026-02-05,B1,P3,2339.73,3265.8,2611.8,2560.6,3250.3,3952.7
2026-02-06,B1,P3,3236.98,2681.17,2751.3,2593.6,3413.0,3780.2
2026-02-07,B1,P3,2677.46,2874.5,2433.4,2317.2,3143.6,3546.6
2026-02-08,B1,P3,1880.04,1881.74,1753.2,1859.9,2236.6,2587.4
2026-02-09,B1,P3,2534.04,2960.83,2549.3,2602.2,3157.8,3511.2
2026-02-10,B1,P3,2415.66,2517.1,2404.2,2335.3,2945.1,3351.9
2026-02-11,B1,P3,2562.22,2552.62,2498.6,2388.7,3262.7,3553.6
2026-02-12,B1,P3,2742.56,2339.73,2522.6,2461.5,3096.7,3521.0
2026-02-13,B1,P3,3090.44,3236.98,2934.3,2985.4,3341.5,3954.1
2026-02-14,B1,P3,2583.47,2677.46,2549.7,2492.8,3158.1,3336.5
2026-02-15,B1,P3,1642.11,1880.04,1798.7,1846.0,2234.1,2385.7
2026-02-16,B1,P3,2066.44,2534.04,2494.4,2428.5,3156.6,3279.5
2026-02-17,B1,P3,2475.28,2415.66,2337.3,2300.5,2844.2,3214.9
2026-02-18,B1,P3,2384.82,2562.22,2651.4,2569.7,3176.3,3359.0
2026-02-19,B1,P3,2459.68,2742.56,2612.7,2414.6,3326.2,3664.5
2026-02-20,B1,P3,2067.84,3090.44,2921.1,2749.5,3385.2,3854.0
2026-02-21,B1,P3,1926.63,2583.47,2501.4,2386.2,3297.0,3297.0
2026-02-22,B1,P3,1557.19,1642.11,1840.9,1917.1,2304.8,2451.2
2026-02-23,B1,P3,2768.08,2066.44,2263.5,2188.8,2831.2,3161.2
2026-02-24,B1,P3,2018.28,2475.28,2466.3,2431.3,2996.6,3398.5
2026-02-25,B1,P3,2440.79,2384.82,2458.1,2396.8,3041.2,3441.0
2026-02-26,B1,P3,2503.1,2459.68,2641.1,2548.8,3208.0,3579.6
2026-02-27,B1,P3,2976.09,2067.84,2671.3,2566.2,3108.2,4112.9
2026-02-28,B1,P3,2900.1,1926.63,2420.5,2318.5,3517.9,3517.9
2026-03-01,B1,P3,2428.85,1557.19,1753.1,1833.9,2098.8,2194.0
2026-03-02,B1,P3,4991.64,2768.08,2604.4,2490.1,3198.2,3560.1
2026-03-03,B1,P3,5669.48,2018.28,2390.1,2339.4,2997.2,3336.9
2026-03-04,B1,P3,6415.66,2440.79,2401.4,2335.4,3105.4,3520.9
2026-03-05,B1,P3,7961.19,2503.1,2532.3,2555.4,3117.1,3482.5
2026-03-06,B1,P3,2688.6,2976.09,2837.9,2756.6,3562.4,4917.1
2026-03-07,B1,P3,2399.42,2900.1,2514.8,2462.3,3180.2,3742.1
2026-03-08,B1,P3,2267.06,2428.85,2095.1,2059.8,2675.8,3049.8
2026-03-09,B1,P3,3222.35,4991.64,2979.1,2960.7,3547.4,4392.9
2026-03-10,B1,P3,2425.99,5669.48,3050.0,2991.8,4195.1,4372.0
2026-03-11,B1,P3,2595.53,6415.66,3378.3,3136.4,4218.9,4550.8
2026-03-12,B1,P3,5186.21,7961.19,3355.1,3239.6,4357.0,4666.1
2026-03-13,B1,P3,2601.26,2688.6,3122.0,3040.2,3486.8,4029.3
2026-03-14,B1,P3,1659.4,2399.42,2674.0,2718.0,3171.9,3791.8
2026-03-15,B1,P3,904.94,2267.06,2097.3,2293.9,2928.5,3371.4
2026-03-16,B1,P3,2138.03,3222.35,3297.1,3415.9,4147.2,4389.4
2026-03-17,B1,P3,2110.33,2425.99,2771.0,2912.2,3180.8,4033.6
2026-03-18,B1,P3,4113.29,2595.53,2944.7,3074.9,3640.0,4144.7
2026-03-19,B1,P3,2170.31,5186.21,3692.0,3605.9,4692.8,5138.1
2026-03-20,B1,P3,2406.37,2601.26,2860.6,2838.9,3722.3,4117.8
2026-03-21,B1,P3,2074.31,1659.4,2303.9,2281.2,3298.3,3438.9
2026-03-22,B1,P3,2408.25,904.94,1870.4,1639.1,2585.6,2585.6
2026-03-23,B1,P3,2239.9,2138.03,2871.4,2790.8,3966.7,4241.4
2026-03-24,B1,P3,1652.33,2110.33,2479.1,2477.9,3250.4,3956.0
2026-03-25,B1,P3,1875.95,4113.29,3360.0,3281.2,4342.9,4839.8
2026-03-26,B1,P3,1676.9,2170.31,2839.8,2947.8,3668.7,6101.3
2026-03-27,B1,P3,2771.33,2406.37,3007.5,2805.1,4811.6,4811.6
2026-03-28,B1,P3,2617.93,2074.31,2483.7,2408.8,3600.0,3605.7
2026-03-29,B1,P3,1295.28,2408.25,2101.1,2069.9,2992.8,3568.6
2026-03-30,B1,P3,4023.02,2239.9,2874.3,2919.4,4024.5,4110.7
2026-03-31,B1,P3,1877.29,1652.33,2744.1,2681.3,3505.9,4469.6
2026-04-01,B1,P3,1956.03,1875.95,3408.4,3531.8,5476.5,5865.7
2026-04-02,B1,P3,1723.22,1676.9,3191.7,3760.6,4577.9,5231.0
2026-04-03,B1,P3,1665.19,2771.33,3030.5,3008.1,3668.2,4234.2
2026-04-04,B1,P3,1408.12,2617.93,2665.0,2608.3,3521.3,4052.7
2026-04-05,B1,P3,694.45,1295.28,1766.8,1760.2,2712.2,2712.2
2026-04-06,B1,P3,722.62,4023.02,3205.2,3008.1,4580.6,4580.6
2026-04-07,B1,P3,2358.76,1877.29,2313.4,2246.9,2844.1,3964.4
2026-04-08,B1,P3,1081.87,1956.03,2513.6,2423.6,3225.7,3971.9
2026-04-09,B1,P3,1215.33,1723.22,2937.3,2679.9,4341.4,5541.3
2026-04-10,B1,P3,1653.77,1665.19,2767.2,2543.7,3369.2,5581.0
2026-04-11,B1,P3,1477.12,1408.12,2145.9,1882.5,3017.4,3017.4
2026-04-12,B1,P3,603.78,694.45,1386.4,1212.1,1922.8,2122.2
2026-04-13,B1,P3,1987.1,722.62,2277.6,2053.8,3371.0,5054.3
2026-04-14,B1,P3,2056.12,2358.76,2617.0,2488.8,3301.9,4805.5
2026-04-15,B1,P3,1000.22,1081.87,2418.4,2395.4,3507.8,4360.7
2026-04-16,B1,P3,1081.07,1215.33,2334.7,2111.1,3128.5,4195.8
2026-04-17,B1,P3,1597.9,1653.77,2484.1,2304.4,3030.4,5407.9
2026-04-18,B1,P3,1273.99,1477.12,2110.5,1976.3,2613.2,2802.2
2026-04-19,B1,P3,793.03,603.78,1545.4,1248.1,2258.5,2381.8
2026-04-20,B1,P3,1460.36,1987.1,2232.3,2068.6,2996.5,5068.4
2026-04-21,B1,P3,1556.05,2056.12,2408.6,2351.2,3174.9,4471.2
2026-04-22,B1,P3,1743.12,1000.22,1942.8,1818.1,4109.7,4586.8
2026-04-23,B1,P3,2547.2,1081.07,2037.8,1804.4,3858.1,4441.3
2026-04-24,B1,P3,4274.78,1597.9,2536.9,2525.8,3110.8,4919.8
2026-04-25,B1,P3,2024.64,1273.99,2004.3,1960.9,2603.5,2770.3
2026-04-26,B1,P3,1206.54,793.03,935.9,934.2,1721.9,1915.7
2026-04-27,B1,P3,1886.8,1460.36,2340.0,2171.1,4831.0,4831.0
2026-04-28,B1,P3,1811.28,1556.05,2152.2,2287.3,3753.1,4905.7
2026-04-29,B1,P3,2473.88,1743.12,2182.3,2097.5,3708.7,6908.8
2026-04-30,B1,P3,2786.93,2547.2,2437.4,2454.4,3737.2,4405.5
2025-10-01,B2,P1,35109.3,33982.46,28377.0,29198.1,32473.5,34635.7
2025-10-02,B2,P1,31426.1,27719.98,29404.4,29206.7,32762.5,34427.1
2025-10-03,B2,P1,39588.4,37659.15,28145.9,31350.3,36235.1,37326.8
2025-10-04,B2,P1,5452.24,5796.72,6041.9,6552.0,7234.7,8293.1
2025-10-05,B2,P1,5011.61,2952.33,3993.1,3951.3,5147.7,6362.5
2025-10-06,B2,P1,35808.53,32656.32,26792.1,30134.5,32478.4,35488.9
2025-10-07,B2,P1,28336.7,29824.51,29358.1,29123.3,32511.5,34243.7
2025-10-08,B2,P1,26484.38,35109.3,28156.1,29615.0,33230.6,34061.0
2025-10-09,B2,P1,32874.24,31426.1,29123.7,30201.4,32684.1,34541.8
2025-10-10,B2,P1,31437.85,39588.4,26533.6,30693.7,36441.1,37547.1
2025-10-11,B2,P1,9287.7,5452.24,6774.0,6067.6,8108.3,9131.0
2025-10-12,B2,P1,3467.18,5011.61,4574.4,5470.1,5470.1,6656.2
2025-10-13,B2,P1,25043.33,35808.53,25313.1,30964.3,33672.3,35002.5
2025-10-14,B2,P1,29491.84,28336.7,29576.6,29230.4,32065.2,32964.2
2025-10-15,B2,P1,29488.14,26484.38,31781.0,31699.4,33914.2,34464.4
2025-10-16,B2,P1,34728.06,32874.24,29310.2,31294.2,34801.4,35306.0
2025-10-17,B2,P1,24651.87,31437.85,29337.6,32378.7,37166.4,38181.2
2025-10-18,B2,P1,6660.56,9287.7,6344.7,7021.2,8367.3,8838.9
2025-10-19,B2,P1,3023.64,3467.18,3808.2,4086.3,5500.3,5500.3
2025-10-20,B2,P1,31269.55,25043.33,28173.6,29217.3,31739.2,31851.6
2025-10-21,B2,P1,27292.13,29491.84,28245.2,28256.5,32155.2,33895.7
2025-10-22,B2,P1,33914.64,29488.14,28547.4,31055.3,33079.0,34457.2
2025-10-23,B2,P1,27137.07,34728.06,27483.0,28116.8,32598.4,34457.0
2025-10-24,B2,P1,31769.59,24651.87,33196.5,32676.7,37195.6,38717.1
2025-10-25,B2,P1,9174.46,6660.56,6394.8,6641.9,8112.0,9299.6
2025-10-26,B2,P1,1832.91,3023.64,4062.8,3770.6,4495.6,6346.4
2025-10-27,B2,P1,34646.18,31269.55,29192.7,30738.3,33870.5,34950.8
2025-10-28,B2,P1,26091.71,27292.13,28385.5,28379.8,32308.2,32473.3
2025-10-29,B2,P1,40137.35,33914.64,29663.0,30496.2,34133.2,34858.0
2025-10-30,B2,P1,23064.65,27137.07,28546.3,29313.5,31743.2,32175.2
2025-10-31,B2,P1,33365.74,31769.59,31321.3,31936.1,37056.3,37432.3
2025-11-01,B2,P1,4463.3,9174.46,6423.2,6764.8,8814.9,9535.2
2025-11-02,B2,P1,1926.66,1832.91,3985.6,3294.7,6293.9,8197.2
2025-11-03,B2,P1,30601.26,34646.18,27804.1,30056.2,33208.7,35092.8
2025-11-04,B2,P1,32936.44,26091.71,29050.9,28622.1,32374.7,32980.3
2025-11-05,B2,P1,33089.41,40137.35,26626.8,28701.4,32481.5,34548.7
2025-11-06,B2,P1,36151.67,23064.65,29730.3,31539.9,34332.4,35417.4
2025-11-07,B2,P1,39925.55,33365.74,30762.7,29528.9,35727.9,38023.0
2025-11-08,B2,P1,5299.97,4463.3,7196.2,6764.4,8897.0,10932.7
2025-11-09,B2,P1,2318.54,1926.66,2597.1,2759.8,9886.3,9886.3
2025-11-10,B2,P1,28442.27,30601.26,26721.6,29099.2,32807.2,34318.5
2025-11-11,B2,P1,16749.67,32936.44,28100.7,29064.5,32797.0,35125.5
2025-11-12,B2,P1,38698.2,33089.41,30021.3,31794.9,34817.2,36376.8
2025-11-13,B2,P1,37464.67,36151.67,28203.7,30478.2,34650.6,36388.2
2025-11-14,B2,P1,40741.01,39925.55,30901.6,31010.4,37190.5,40017.0
2025-11-15,B2,P1,8876.06,5299.97,6442.8,6596.6,7206.3,8877.2
2025-11-16,B2,P1,2813.15,2318.54,3362.5,2856.8,7395.3,7395.3
2025-11-17,B2,P1,31330.4,28442.27,28705.0,29786.8,33139.7,35184.9
2025-11-18,B2,P1,32748.91,16749.67,27789.5,29625.1,32537.3,33276.8
2025-11-19,B2,P1,32473.46,38698.2,30564.3,32459.9,36742.8,37615.5
2025-11-20,B2,P1,36408.19,37464.67,27085.8,29418.0,33850.1,34883.9
2025-11-21,B2,P1,31271.0,40741.01,31643.8,33359.8,40047.9,40887.9
2025-11-22,B2,P1,7588.92,8876.06,6539.9,5734.7,7845.1,8760.4
2025-11-23,B2,P1,4018.37,2813.15,2970.0,3182.5,3959.6,5897.0
2025-11-24,B2,P1,40138.17,31330.4,28682.5,32168.9,36280.1,37998.3
2025-11-25,B2,P1,35418.67,32748.91,31207.5,32493.6,37071.3,38087.6
2025-11-26,B2,P1,35274.42,32473.46,33766.4,34636.7,37483.3,37483.3
2025-11-27,B2,P1,35849.09,36408.19,30043.5,33856.3,36956.9,37111.1
2025-11-28,B2,P1,38334.36,31271.0,34289.0,35861.9,41310.4,42262.8
2025-11-29,B2,P1,7894.39,7588.92,6410.4,7177.6,8618.9,9737.8
2025-11-30,B2,P1,2207.47,4018.37,3679.4,3471.6,4206.2,4846.2
2025-12-01,B2,P1,30523.52,40138.17,29592.2,31717.4,35536.4,36808.2
2025-12-02,B2,P1,37462.36,35418.67,30895.9,33278.1,36702.2,37466.3
2025-12-03,B2,P1,29743.43,35274.42,31993.8,34447.5,37564.5,39106.9
2025-12-04,B2,P1,32131.79,35849.09,32221.9,34525.3,37483.7,39009.3
2025-12-05,B2,P1,41740.1,38334.36,35164.2,35487.2,41283.6,42405.0
2025-12-06,B2,P1,10431.73,7894.39,6886.2,7193.2,9257.3,10005.8
2025-12-07,B2,P1,4486.6,2207.47,3478.8,3082.5,5295.0,5295.0
2025-12-08,B2,P1,29194.8,30523.52,31101.6,32399.6,35212.9,35777.7
2025-12-09,B2,P1,38249.28,37462.36,29594.5,33121.4,35067.2,36925.1
2025-12-10,B2,P1,34518.68,29743.43,33473.6,35479.2,36203.5,37581.9
2025-12-11,B2,P1,36568.09,32131.79,32580.1,35579.5,36631.1,37312.7
2025-12-12,B2,P1,42229.21,41740.1,35511.7,36317.4,41884.2,41884.2
2025-12-13,B2,P1,7520.75,10431.73,7371.8,7231.9,9246.9,9958.7
2025-12-14,B2,P1,4510.93,4486.6,3931.6,3845.3,4702.4,5529.6
2025-12-15,B2,P1,35183.64,29194.8,30554.1,30974.1,34529.2,35680.0
2025-12-16,B2,P1,32799.98,38249.28,28612.8,32672.4,36467.5,36939.0
2025-12-17,B2,P1,34006.49,34518.68,31777.7,32467.1,37350.9,38072.6
2025-12-18,B2,P1,36000.68,36568.09,30473.4,32101.2,35938.1,38053.2
2025-12-19,B2,P1,33030.81,42229.21,28493.4,32041.7,37942.9,39187.4
2025-12-20,B2,P1,7330.24,7520.75,6743.9,6501.6,8732.1,10351.6
2025-12-21,B2,P1,3900.16,4510.93,2383.3,3053.6,4737.3,5596.0
2025-12-22,B2,P1,28228.59,35183.64,22853.0,22020.2,25242.3,25242.3
2025-12-23,B2,P1,27385.55,32799.98,16336.8,18283.5,24054.2,24054.2
2025-12-24,B2,P1,21281.73,34006.49,17975.5,17177.8,22418.9,24866.4
2025-12-25,B2,P1,1992.31,36000.68,15688.2,15869.6,22541.2,24520.4
2025-12-26,B2,P1,7773.02,33030.81,18000.3,18256.4,27844.6,27844.6
2025-12-27,B2,P1,5659.89,7330.24,5945.7,5425.6,9379.3,11336.2
2025-12-28,B2,P1,3031.71,3900.16,2482.5,2497.8,4836.0,5756.1
2025-12-29,B2,P1,20854.92,28228.59,22498.9,23466.7,27201.3,27555.5
2025-12-30,B2,P1,20047.67,27385.55,22390.1,22940.5,26116.8,26116.8
2025-12-31,B2,P1,17074.4,21281.73,20982.7,23113.8,23113.8,26409.9
2026-01-01,B2,P1,2181.89,1992.31,14573.7,15175.6,15896.9,17926.6
2026-01-02,B2,P1,13923.67,7773.02,23068.9,22460.4,34668.3,34668.3
2026-01-03,B2,P1,3464.12,5659.89,6006.8,5993.0,8396.8,11013.6
2026-01-04,B2,P1,3681.86,3031.71,2774.7,3283.3,4703.5,5054.2
2026-01-05,B2,P1,28444.62,20854.92,30424.6,33791.7,35374.5,35457.7
2026-01-06,B2,P1,34565.63,20047.67,33616.4,33905.7,36638.7,36638.7
2026-01-07,B2,P1,24189.71,17074.4,34895.4,33646.6,38762.4,38762.4
2026-01-08,B2,P1,23812.87,2181.89,16556.6,15657.7,33614.5,33614.5
2026-01-09,B2,P1,42207.92,13923.67,33678.5,28528.0,39373.5,39373.5
2026-01-10,B2,P1,7157.43,3464.12,6090.8,5371.0,9026.8,9026.8
2026-01-11,B2,P1,2656.52,3681.86,3234.4,4265.9,5303.5,5303.5
2026-01-12,B2,P1,32681.04,28444.62,33971.0,32719.1,36762.2,36762.2
2026-01-13,B2,P1,32905.7,34565.63,33194.9,32429.2,36963.9,36963.9
2026-01-14,B2,P1,35757.87,24189.71,33395.0,32900.9,35825.2,35825.2
2026-01-15,B2,P1,34849.54,23812.87,26857.8,20979.5,31224.7,31224.7
2026-01-16,B2,P1,43409.84,42207.92,30529.6,31025.2,37270.9,38267.3
2026-01-17,B2,P1,7354.88,7157.43,6011.7,6721.2,6935.3,8381.8
2026-01-18,B2,P1,2418.22,2656.52,3162.6,3620.1,4920.8,4920.8
2026-01-19,B2,P1,32761.22,32681.04,30921.6,30897.7,33592.3,36049.8
2026-01-20,B2,P1,36690.78,32905.7,30551.4,30765.6,33917.6,35527.6
2026-01-21,B2,P1,35236.7,35757.87,30854.6,31637.8,34726.3,35878.5
2026-01-22,B2,P1,33249.94,34849.54,26481.2,21670.9,33380.4,34685.2
2026-01-23,B2,P1,45179.59,43409.84,29648.7,28901.3,38312.2,38341.9
2026-01-24,B2,P1,6256.75,7354.88,6274.7,5908.0,8530.5,9373.7
2026-01-25,B2,P1,3647.42,2418.22,3136.2,3261.4,5351.5,5351.5
2026-01-26,B2,P1,36659.9,32761.22,31883.9,31780.0,35790.5,36182.7
2026-01-27,B2,P1,33016.84,36690.78,32141.7,34877.3,35951.2,36861.3
2026-01-28,B2,P1,31766.84,35236.7,31818.0,33535.0,36593.0,37338.6
2026-01-29,B2,P1,29041.14,33249.94,29708.1,27039.6,35437.0,36166.4
2026-01-30,B2,P1,46681.86,45179.59,33855.4,36442.9,40792.2,40823.3
2026-01-31,B2,P1,6415.49,6256.75,5549.4,6994.6,8558.5,9472.9
2026-02-01,B2,P1,5270.22,3647.42,3721.8,3755.6,5010.6,5059.2
2026-02-02,B2,P1,29863.21,36659.9,31468.1,33354.1,35757.4,37521.8
2026-02-03,B2,P1,30323.13,33016.84,33611.0,34466.3,36731.7,37162.5
2026-02-04,B2,P1,41648.66,31766.84,32856.0,33472.4,36114.8,37658.1
2026-02-05,B2,P1,32001.95,29041.14,34871.8,34400.1,37784.0,38526.8
2026-02-06,B2,P1,40997.66,46681.86,35386.7,37293.2,41703.5,41703.5
2026-02-07,B2,P1,9466.51,6415.49,7037.0,7377.6,9658.9,9993.6
2026-02-08,B2,P1,2110.97,5270.22,3477.0,3910.6,4781.2,5464.0
2026-02-09,B2,P1,36075.87,29863.21,32110.4,34103.2,36857.2,36979.6
2026-02-10,B2,P1,30074.98,30323.13,33996.9,34103.2,36818.0,37625.1
2026-02-11,B2,P1,33100.78,41648.66,35064.0,35600.5,37484.9,39071.7
2026-02-12,B2,P1,34823.44,32001.95,33578.8,34187.5,37324.7,37326.6
2026-02-13,B2,P1,42447.61,40997.66,34613.3,36690.9,41005.1,41005.1
2026-02-14,B2,P1,7980.36,9466.51,7300.6,7338.9,9224.2,10032.7
2026-02-15,B2,P1,4221.39,2110.97,2703.7,3129.4,4067.5,4594.1
2026-02-16,B2,P1,30982.28,36075.87,31890.0,33065.5,34752.9,35811.2
2026-02-17,B2,P1,37516.45,30074.98,31656.2,32291.1,34320.1,35225.6
2026-02-18,B2,P1,50283.85,33100.78,31759.6,33780.0,34970.1,35911.8
2026-02-19,B2,P1,27420.96,34823.44,31003.1,27919.4,35682.0,36564.8
2026-02-20,B2,P1,41003.16,42447.61,32105.1,34820.0,38608.1,38608.1
2026-02-21,B2,P1,6010.95,7980.36,6675.1,6907.2,8857.0,9645.0
2026-02-22,B2,P1,3683.74,4221.39,3526.0,3547.4,5017.7,5017.7
2026-02-23,B2,P1,39709.08,30982.28,30970.1,32313.4,34810.7,34846.4
2026-02-24,B2,P1,31709.87,37516.45,32254.2,33528.4,35174.4,35778.6
2026-02-25,B2,P1,32771.57,50283.85,31687.1,34338.3,35561.2,36480.3
2026-02-26,B2,P1,34464.88,27420.96,30422.5,27184.6,35206.1,36320.0
2026-02-27,B2,P1,48948.76,41003.16,32958.9,36211.7,39568.0,39568.0
2026-02-28,B2,P1,8884.17,6010.95,6551.7,6926.3,8667.8,10085.2
2026-03-01,B2,P1,2958.03,3683.74,3624.2,4437.4,5731.9,5731.9
2026-03-02,B2,P1,35828.92,39709.08,31798.2,33400.4,36028.9,36742.0
2026-03-03,B2,P1,35064.8,31709.87,31542.5,32689.4,35615.4,36392.9
2026-03-04,B2,P1,46854.36,32771.57,32709.9,36128.5,36755.5,36755.5
2026-03-05,B2,P1,28680.15,34464.88,31426.7,32670.5,36370.1,37501.3
2026-03-06,B2,P1,45479.76,48948.76,34568.6,36517.3,41503.8,42060.9
2026-03-07,B2,P1,8630.14,8884.17,6891.7,7042.3,10806.4,10806.4
2026-03-08,B2,P1,2342.91,2958.03,2732.2,3206.5,4900.4,5182.3
2026-03-09,B2,P1,35080.44,35828.92,30916.0,33076.0,35759.7,36944.3
2026-03-10,B2,P1,39381.75,35064.8,31509.3,33314.0,36993.0,36993.0
2026-03-11,B2,P1,43831.24,46854.36,32915.2,34447.8,38607.8,40562.0
2026-03-12,B2,P1,45619.6,28680.15,30799.6,33340.9,37514.3,38246.1
2026-03-13,B2,P1,52756.72,45479.76,33051.6,35170.0,40482.4,41052.4
2026-03-14,B2,P1,8802.5,8630.14,7344.5,7074.1,9982.9,10582.3
2026-03-15,B2,P1,4662.1,2342.91,3244.2,3410.3,5513.9,5513.9
2026-03-16,B2,P1,49067.01,35080.44,32357.5,33451.1,38862.0,39124.6
2026-03-17,B2,P1,53284.71,39381.75,33899.6,34527.3,38932.3,38932.3
2026-03-18,B2,P1,32336.96,43831.24,34114.3,36151.2,39871.0,39871.0
2026-03-19,B2,P1,39025.07,45619.6,32670.2,33434.6,39272.8,39373.9
2026-03-20,B2,P1,55142.47,52756.72,37190.4,36944.9,43725.1,43725.1
2026-03-21,B2,P1,9213.95,8802.5,7775.1,7312.4,10101.7,10991.3
2026-03-22,B2,P1,4994.91,4662.1,3873.4,3833.9,5032.0,6182.5
2026-03-23,B2,P1,42864.68,49067.01,35526.8,35737.0,40394.0,40394.0
2026-03-24,B2,P1,43328.96,53284.71,34759.8,34517.2,39961.7,39961.7
2026-03-25,B2,P1,44297.58,32336.96,34446.2,35284.5,41327.0,41327.0
2026-03-26,B2,P1,38201.62,39025.07,34321.3,35080.5,39954.2,39954.2
2026-03-27,B2,P1,69162.85,55142.47,39824.5,38813.7,45588.9,45588.9
2026-03-28,B2,P1,10848.0,9213.95,8177.5,7418.8,10205.2,11312.0
2026-03-29,B2,P1,6111.54,4994.91,4110.0,4057.9,5489.4,6321.4
2026-03-30,B2,P1,55436.31,42864.68,34567.2,35092.5,40220.3,40220.3
2026-03-31,B2,P1,44264.78,43328.96,34503.0,35991.3,41228.2,41228.2
2026-04-01,B2,P1,41640.21,44297.58,35977.7,37203.6,42714.4,42714.4
2026-04-02,B2,P1,41515.11,38201.62,34321.5,35208.6,41034.9,41064.3
2026-04-03,B2,P1,49046.12,69162.85,38561.0,36488.1,45329.7,45329.7
2026-04-04,B2,P1,10326.23,10848.0,8140.9,7534.2,10104.2,11170.8
2026-04-05,B2,P1,2192.19,6111.54,3194.8,4756.6,7042.6,7974.7
2026-04-06,B2,P1,6560.33,55436.31,35760.6,36170.2,42266.3,43183.1
2026-04-07,B2,P1,54243.61,44264.78,36997.4,37522.1,42193.7,42514.8
2026-04-08,B2,P1,34673.09,41640.21,35424.7,36507.9,41059.3,41082.6
2026-04-09,B2,P1,32437.77,41515.11,35649.3,37647.9,41929.0,41929.0
2026-04-10,B2,P1,61061.6,49046.12,38117.0,38205.6,44030.2,44030.2
2026-04-11,B2,P1,10186.77,10326.23,8369.7,7786.6,10264.0,10989.6
2026-04-12,B2,P1,5431.46,2192.19,4099.0,4129.2,5238.2,6100.4
2026-04-13,B2,P1,49345.66,6560.33,33043.4,32164.5,40263.4,40263.4
2026-04-14,B2,P1,46496.22,54243.61,36418.6,37185.7,41110.2,42031.7
2026-04-15,B2,P1,35014.76,34673.09,33661.4,35957.6,41558.8,43029.1
2026-04-16,B2,P1,43841.31,32437.77,35956.3,37790.1,42262.1,42262.1
2026-04-17,B2,P1,46453.61,61061.6,35761.8,37295.3,44027.2,44695.1
2026-04-18,B2,P1,13499.08,10186.77,7882.7,7851.1,9791.0,10545.5
2026-04-19,B2,P1,5424.73,5431.46,4100.4,6159.1,6739.2,8761.0
2026-04-20,B2,P1,46789.58,49345.66,30698.1,30609.2,39189.6,39189.6
2026-04-21,B2,P1,33878.43,46496.22,34906.8,37451.7,41901.2,42309.4
2026-04-22,B2,P1,42626.11,35014.76,36852.3,37143.9,42462.5,42462.5
2026-04-23,B2,P1,42872.32,43841.31,37747.4,37397.8,42521.7,42925.1
2026-04-24,B2,P1,40726.65,46453.61,38905.3,38204.6,45165.2,45165.2
2026-04-25,B2,P1,11882.92,13499.08,9817.5,12043.4,15441.6,15441.6
2026-04-26,B2,P1,1754.97,5424.73,4726.7,4411.5,5787.0,7132.8
2026-04-27,B2,P1,21907.7,46789.58,17298.9,33363.6,37283.1,40037.8
2026-04-28,B2,P1,36023.51,33878.43,22808.7,35923.1,41094.9,41120.3
2026-04-29,B2,P1,40420.82,42626.11,20034.9,35157.3,36569.0,40166.7
2026-04-30,B2,P1,56620.14,42872.32,18571.7,35661.2,38325.6,41890.9
2025-10-01,B2,P2,752.05,940.72,1051.9,1029.8,1426.0,2327.8
2025-10-02,B2,P2,1104.43,1689.03,1289.3,1248.3,2830.2,2830.2
2025-10-03,B2,P2,905.6,1102.75,1392.5,1421.6,1780.9,2601.2
2025-10-04,B2,P2,1840.46,1474.64,1412.3,1413.4,1749.3,1886.7
2025-10-05,B2,P2,1344.54,1386.0,1230.2,1174.1,1546.9,1716.5
2025-10-06,B2,P2,1184.01,1401.85,1025.1,930.1,1443.2,1490.7
2025-10-07,B2,P2,1165.79,1156.88,1101.9,1112.0,1560.1,1642.7
2025-10-08,B2,P2,693.57,752.05,948.3,947.9,1251.4,1351.3
2025-10-09,B2,P2,979.02,1104.43,1204.0,1236.6,1678.3,1804.0
2025-10-10,B2,P2,1986.87,905.6,1275.2,1234.6,1655.1,1814.5
2025-10-11,B2,P2,1511.44,1840.46,1495.9,1420.8,3004.9,3004.9
2025-10-12,B2,P2,1450.03,1344.54,1230.6,1206.2,1542.6,1628.0
2025-10-13,B2,P2,938.78,1184.01,1073.6,1094.4,1409.2,1470.3
2025-10-14,B2,P2,841.1,1165.79,1131.9,1139.5,1457.7,1571.1
2025-10-15,B2,P2,1204.29,693.57,880.5,891.4,1217.5,1295.1
2025-10-16,B2,P2,861.05,979.02,1188.1,1195.5,1631.5,1819.6
2025-10-17,B2,P2,1454.14,1986.87,1400.0,1299.3,3019.3,3019.3
2025-10-18,B2,P2,1060.64,1511.44,1478.8,1432.2,1915.7,3037.0
2025-10-19,B2,P2,1121.99,1450.03,1270.8,1211.3,1603.0,1717.0
2025-10-20,B2,P2,1333.27,938.78,1078.9,1041.3,1478.3,1626.0
2025-10-21,B2,P2,784.18,841.1,1064.5,1038.5,1352.8,1466.3
2025-10-22,B2,P2,1327.94,1204.29,1040.2,1007.6,1325.1,1475.4
2025-10-23,B2,P2,1135.58,861.05,1195.8,1188.9,1571.8,1730.7
2025-10-24,B2,P2,1446.9,1454.14,1430.4,1377.8,1843.0,2837.8
2025-10-25,B2,P2,1541.58,1060.64,1429.8,1399.3,1733.0,1854.5
2025-10-26,B2,P2,1252.06,1121.99,1238.2,1214.2,1501.4,1662.9
2025-10-27,B2,P2,1218.23,1333.27,1217.2,1178.4,1595.6,1746.9
2025-10-28,B2,P2,812.56,784.18,980.9,959.2,1303.5,1405.5
2025-10-29,B2,P2,781.77,1327.94,1155.8,1066.4,1479.7,1479.7
2025-10-30,B2,P2,1337.21,1135.58,1065.7,1014.5,1352.4,1467.4
2025-10-31,B2,P2,1414.25,1446.9,1461.9,1419.2,1765.8,1871.9
2025-11-01,B2,P2,974.26,1541.58,1394.3,1298.6,1818.4,1892.1
2025-11-02,B2,P2,1328.37,1252.06,1182.9,1128.5,1561.8,1676.8
2025-11-03,B2,P2,359.5,1218.23,1170.5,1151.9,1464.2,1531.1
2025-11-04,B2,P2,1068.67,812.56,915.1,949.3,1196.6,1317.4
2025-11-05,B2,P2,1186.6,781.77,992.2,943.9,1328.7,1418.4
2025-11-06,B2,P2,1016.89,1337.21,1154.7,1169.3,1498.9,1523.3
2025-11-07,B2,P2,1432.72,1414.25,1435.1,1445.9,1801.2,1937.0
2025-11-08,B2,P2,1672.89,974.26,1269.7,1235.8,1659.8,1783.7
2025-11-09,B2,P2,1047.57,1328.37,1203.3,1168.9,1517.7,1660.2
2025-11-10,B2,P2,1223.92,359.5,924.0,749.1,1355.1,1456.0
2025-11-11,B2,P2,761.47,1068.67,1005.0,1023.3,1498.2,1611.8
2025-11-12,B2,P2,895.91,1186.6,1097.7,1071.8,1505.3,1586.7
2025-11-13,B2,P2,1015.51,1016.89,1106.7,1147.2,1476.5,1513.1
2025-11-14,B2,P2,1128.25,1432.72,1347.5,1386.1,1767.5,1845.6
2025-11-15,B2,P2,1852.09,1672.89,1336.5,1233.6,2957.3,2957.3
2025-11-16,B2,P2,1035.56,1047.57,1173.3,1144.5,1361.1,1554.1
2025-11-17,B2,P2,799.4,1223.92,1025.7,1013.3,1448.8,1556.1
2025-11-18,B2,P2,947.78,761.47,907.4,883.3,1295.2,1351.5
2025-11-19,B2,P2,1034.19,895.91,1065.2,1107.8,1377.0,1507.4
2025-11-20,B2,P2,1251.59,1015.51,1166.1,1161.4,1586.4,1746.0
2025-11-21,B2,P2,1504.23,1128.25,1306.7,1340.1,1676.8,1782.8
2025-11-22,B2,P2,1816.99,1852.09,1473.1,1359.0,2969.1,2969.1
2025-11-23,B2,P2,1625.52,1035.56,1190.0,1164.0,1544.0,1762.8
2025-11-24,B2,P2,1032.76,799.4,1067.3,1083.5,1487.6,2192.4
2025-11-25,B2,P2,1363.28,947.78,990.3,1008.9,1374.4,1472.3
2025-11-26,B2,P2,948.66,1034.19,1050.4,1047.4,1372.4,1490.9
2025-11-27,B2,P2,1504.0,1251.59,1138.5,1122.6,1538.4,1641.1
2025-11-28,B2,P2,1108.51,1504.23,1279.6,1263.5,1734.0,1781.4
2025-11-29,B2,P2,2086.3,1816.99,1564.2,1469.0,3015.7,3129.8
2025-11-30,B2,P2,744.42,1625.52,1255.1,1187.1,2741.2,2741.2
2025-12-01,B2,P2,690.24,1032.76,977.7,991.4,1327.4,1559.0
2025-12-02,B2,P2,1243.88,1363.28,1135.1,1073.2,1473.6,1506.4
2025-12-03,B2,P2,1218.1,948.66,1046.4,1098.5,1389.5,1537.2
2025-12-04,B2,P2,1090.89,1504.0,1217.6,1189.4,1545.1,1628.4
2025-12-05,B2,P2,1764.2,1108.51,1351.3,1417.2,1727.3,1838.9
2025-12-06,B2,P2,1352.69,2086.3,1593.9,1537.0,3114.6,3114.6
2025-12-07,B2,P2,733.11,744.42,1096.4,1039.5,1376.1,1698.9
2025-12-08,B2,P2,1087.61,690.24,939.7,961.7,1285.9,1418.8
2025-12-09,B2,P2,1063.85,1243.88,1139.1,1125.1,1529.5,2240.4
2025-12-10,B2,P2,1043.31,1218.1,1115.3,1096.9,1437.8,2319.4
2025-12-11,B2,P2,1384.61,1090.89,1179.8,1231.5,1554.5,2430.5
2025-12-12,B2,P2,1720.8,1764.2,1440.0,1381.2,3007.1,3007.1
2025-12-13,B2,P2,1140.49,1352.69,1571.1,1500.9,1927.8,2973.5
2025-12-14,B2,P2,1185.46,733.11,970.6,958.0,1248.9,1464.3
2025-12-15,B2,P2,1283.57,1087.61,1036.7,1041.6,1497.8,2336.0
2025-12-16,B2,P2,1201.35,1063.85,1157.6,1128.0,1560.1,2435.6
2025-12-17,B2,P2,1427.79,1043.31,1146.1,1152.0,1521.4,2358.9
2025-12-18,B2,P2,1169.3,1384.61,1270.9,1297.9,1683.7,2550.5
2025-12-19,B2,P2,1759.95,1720.8,1544.3,1441.6,3036.8,3205.7
2025-12-20,B2,P2,1522.81,1140.49,1342.8,1284.8,1508.1,1659.0
2025-12-21,B2,P2,1517.51,1185.46,1008.3,1024.2,1231.3,1443.5
2025-12-22,B2,P2,1565.52,1283.57,961.2,1001.8,1450.1,1478.0
2025-12-23,B2,P2,1833.43,1201.35,946.6,1011.0,1390.6,1522.8
2025-12-24,B2,P2,1760.11,1427.79,846.4,960.8,1357.6,1552.5
2025-12-25,B2,P2,901.96,1169.3,996.4,1042.6,1505.7,1624.5
2025-12-26,B2,P2,1610.9,1759.95,1058.6,1204.3,2877.2,3077.3
2025-12-27,B2,P2,1596.96,1522.81,963.8,994.0,1625.7,1748.4
2025-12-28,B2,P2,1318.63,1517.51,991.1,875.4,1491.4,1491.4
2025-12-29,B2,P2,1363.89,1565.52,1089.5,1177.8,1730.2,1730.2
2025-12-30,B2,P2,1726.82,1833.43,1221.7,1175.7,2707.8,2707.8
2025-12-31,B2,P2,671.77,1760.11,1253.0,1260.9,2772.7,2772.7
2026-01-01,B2,P2,601.7,901.96,1059.3,1035.2,1314.2,2319.2
2026-01-02,B2,P2,1448.22,1610.9,1511.0,1452.6,2878.3,3046.6
2026-01-03,B2,P2,1241.3,1596.96,1429.5,1362.2,2867.1,2867.1
2026-01-04,B2,P2,1062.86,1318.63,1203.3,1170.7,1423.5,1427.7
2026-01-05,B2,P2,869.78,1363.89,1338.0,1381.7,1681.1,1778.7
2026-01-06,B2,P2,982.02,1726.82,1422.3,1377.9,2908.3,3018.9
2026-01-07,B2,P2,405.49,671.77,1107.4,1064.9,1671.3,2827.4
2026-01-08,B2,P2,680.94,601.7,1006.5,1014.6,1328.3,1408.0
2026-01-09,B2,P2,1577.56,1448.22,1489.3,1473.9,1842.2,1907.3
2026-01-10,B2,P2,1461.45,1241.3,1438.4,1391.4,1689.8,1844.1
2026-01-11,B2,P2,1078.59,1062.86,1219.5,1205.3,1445.8,1629.5
2026-01-12,B2,P2,1061.35,869.78,1186.0,1104.6,1552.1,1637.5
2026-01-13,B2,P2,1127.05,982.02,1267.5,1235.0,1793.7,2917.8
2026-01-14,B2,P2,1228.57,405.49,1052.3,896.4,1368.3,1528.0
2026-01-15,B2,P2,1132.54,680.94,946.2,924.7,1320.2,1395.3
2026-01-16,B2,P2,1172.02,1577.56,1496.7,1508.2,1938.7,1938.7
2026-01-17,B2,P2,1919.75,1461.45,1432.4,1364.9,1730.7,1813.5
2026-01-18,B2,P2,1110.04,1078.59,1292.9,1243.5,1523.1,1676.7
2026-01-19,B2,P2,1339.72,1061.35,1209.2,1143.6,1643.2,2498.7
2026-01-20,B2,P2,1236.55,1127.05,1320.9,1287.7,1718.0,2566.3
2026-01-21,B2,P2,864.53,1228.57,1058.4,1139.9,1439.2,2302.8
2026-01-22,B2,P2,1446.72,1132.54,1073.3,1069.4,1497.7,2328.9
2026-01-23,B2,P2,1362.66,1172.02,1435.2,1413.7,1776.1,2602.5
2026-01-24,B2,P2,1464.26,1919.75,1661.6,1644.4,3065.7,3065.7
2026-01-25,B2,P2,1357.35,1110.04,1086.0,1088.2,1340.0,1489.6
2026-01-26,B2,P2,1269.57,1339.72,1192.8,1215.9,1565.3,2370.7
2026-01-27,B2,P2,1099.51,1236.55,1207.2,1244.1,1616.4,2462.7
2026-01-28,B2,P2,1869.26,864.53,1004.9,959.4,1338.5,1968.9
2026-01-29,B2,P2,1040.57,1446.72,1124.5,1097.1,1466.9,2242.2
2026-01-30,B2,P2,2201.07,1362.66,1406.2,1360.1,1796.3,2639.8
2026-01-31,B2,P2,1114.38,1464.26,1473.8,1435.0,1904.9,2995.0
2026-02-01,B2,P2,1456.66,1357.35,1138.0,1098.1,1425.6,1475.3
2026-02-02,B2,P2,1057.75,1269.57,1179.8,1210.6,1582.2,1582.2
2026-02-03,B2,P2,892.75,1099.51,1112.1,1116.1,1426.6,1543.8
2026-02-04,B2,P2,903.34,1869.26,1194.0,1119.8,2775.2,2775.2
2026-02-05,B2,P2,1492.33,1040.57,1159.7,1198.3,1568.0,1725.8
2026-02-06,B2,P2,1480.26,2201.07,1585.3,1520.1,3178.0,3178.0
2026-02-07,B2,P2,2579.74,1114.38,1374.0,1381.4,1637.5,1725.8
2026-02-08,B2,P2,1620.31,1456.66,1227.7,1225.0,1515.5,1515.5
2026-02-09,B2,P2,1265.91,1057.75,1204.9,1213.3,1623.1,2504.1
2026-02-10,B2,P2,983.91,892.75,1104.7,1077.3,1442.9,2365.2
2026-02-11,B2,P2,1131.21,903.34,1264.1,1235.7,1763.2,2885.9
2026-02-12,B2,P2,1495.59,1492.33,1227.3,1264.8,1708.7,1724.5
2026-02-13,B2,P2,1317.79,1480.26,1561.1,1521.2,2031.6,3035.0
2026-02-14,B2,P2,2043.05,2579.74,1697.5,1544.6,3014.4,4724.4
2026-02-15,B2,P2,969.75,1620.31,1440.9,1392.9,2800.9,2800.9
2026-02-16,B2,P2,1593.11,1265.91,1352.0,1364.0,1711.5,2561.6
2026-02-17,B2,P2,912.53,983.91,1175.0,1176.8,1673.2,2565.2
2026-02-18,B2,P2,783.73,1131.21,1261.2,1240.1,1668.6,2485.7
2026-02-19,B2,P2,1456.0,1495.59,1356.0,1349.4,1751.9,1790.4
2026-02-20,B2,P2,1493.33,1317.79,1534.9,1547.6,1850.5,2628.9
2026-02-21,B2,P2,1358.61,2043.05,1730.8,1609.6,2178.4,2273.3
2026-02-22,B2,P2,1116.45,969.75,1317.9,1295.5,1576.0,1796.5
2026-02-23,B2,P2,1675.75,1593.11,1379.4,1336.9,2911.0,2911.0
2026-02-24,B2,P2,946.48,912.53,1152.3,1159.9,1534.8,2474.8
2026-02-25,B2,P2,2291.78,783.73,1078.2,1081.5,1483.3,1581.4
2026-02-26,B2,P2,1366.9,1456.0,1364.2,1421.0,1791.2,2570.4
2026-02-27,B2,P2,1779.26,1493.33,1527.8,1549.4,1885.6,2089.3
2026-02-28,B2,P2,1909.32,1358.61,1620.2,1546.4,1935.8,3053.1
2026-03-01,B2,P2,2449.57,1116.45,1226.3,1171.2,1498.9,2468.6
2026-03-02,B2,P2,2157.52,1675.75,1389.6,1424.0,2918.5,2918.5
2026-03-03,B2,P2,1334.22,946.48,1058.5,1064.9,1430.2,2264.5
2026-03-04,B2,P2,1806.02,2291.78,1300.2,1252.9,3279.0,4517.5
2026-03-05,B2,P2,2203.08,1366.9,1371.4,1430.0,1763.6,3415.1
2026-03-06,B2,P2,2297.27,1779.26,1554.0,1541.0,3038.2,3038.2
2026-03-07,B2,P2,1929.81,1909.32,1676.9,1598.5,3242.1,3242.1
2026-03-08,B2,P2,1228.06,2449.57,1594.5,1378.2,3316.6,4560.3
2026-03-09,B2,P2,1778.43,2157.52,1493.7,1651.3,3232.8,3232.8
2026-03-10,B2,P2,1825.02,1334.22,1239.3,1197.2,1526.5,2354.3
2026-03-11,B2,P2,2058.07,1806.02,1482.0,1401.2,3139.3,3189.1
2026-03-12,B2,P2,2460.5,2203.08,1490.6,1623.5,3200.9,3200.9
2026-03-13,B2,P2,1663.91,2297.27,1787.0,1735.1,3357.2,4624.7
2026-03-14,B2,P2,2239.12,1929.81,1738.5,1806.9,3165.6,3165.6
2026-03-15,B2,P2,1732.07,1228.06,1333.3,1315.0,1825.8,3724.2
2026-03-16,B2,P2,1458.29,1778.43,1657.1,1722.7,3131.6,3244.9
2026-03-17,B2,P2,1247.34,1825.02,1442.5,1437.8,2920.0,2920.0
2026-03-18,B2,P2,1642.79,2058.07,1612.1,1610.8,3162.2,3162.2
2026-03-19,B2,P2,2125.79,2460.5,1771.5,1788.4,2763.1,4808.9
2026-03-20,B2,P2,2274.69,1663.91,1791.4,1747.9,3264.2,4155.1
2026-03-21,B2,P2,2352.81,2239.12,1792.1,1822.5,3279.7,4400.2
2026-03-22,B2,P2,3132.33,1732.07,1487.1,1510.1,2936.4,2936.4
2026-03-23,B2,P2,1968.31,1458.29,1546.4,1604.2,2102.3,5493.4
2026-03-24,B2,P2,1055.8,1247.34,1378.3,1426.7,1967.2,6181.5
2026-03-25,B2,P2,1611.06,1642.79,1776.2,1855.9,3254.5,3412.5
2026-03-26,B2,P2,1696.61,2125.79,1670.7,1847.4,2449.9,2449.9
2026-03-27,B2,P2,1723.66,2274.69,1907.1,1954.2,3414.8,4549.6
2026-03-28,B2,P2,1389.68,2352.81,2007.8,1858.0,3535.8,4668.1
2026-03-29,B2,P2,1533.92,3132.33,2048.5,1779.9,3030.1,4209.2
2026-03-30,B2,P2,1545.26,1968.31,1608.4,1674.5,3252.4,3252.4
2026-03-31,B2,P2,1253.84,1055.8,1299.8,1276.7,2534.0,5098.1
2026-04-01,B2,P2,1746.3,1611.06,1555.2,1631.2,5017.0,5017.0
2026-04-02,B2,P2,2165.37,1696.61,1817.8,1816.1,4150.3,4322.5
2026-04-03,B2,P2,1337.61,1723.66,1902.9,1824.4,4221.0,4328.3
2026-04-04,B2,P2,2366.09,1389.68,1801.3,1674.4,3084.1,3973.1
2026-04-05,B2,P2,1223.91,1533.92,1699.6,1691.4,4078.3,4174.5
2026-04-06,B2,P2,1778.21,1545.26,1538.0,1623.0,3925.2,3995.1
2026-04-07,B2,P2,1694.36,1253.84,1290.8,1341.1,2612.0,5022.4
2026-04-08,B2,P2,1109.25,1746.3,1657.9,1635.9,3132.3,3157.7
2026-04-09,B2,P2,923.22,2165.37,1718.9,1762.8,3402.0,3402.0
2026-04-10,B2,P2,1488.24,1337.61,1709.9,1657.5,2952.7,6345.8
2026-04-11,B2,P2,1597.02,2366.09,2003.4,1912.1,3380.3,3574.7
2026-04-12,B2,P2,1282.1,1223.91,1523.2,1510.3,2654.8,3210.2
2026-04-13,B2,P2,1265.99,1778.21,1580.1,1672.5,3125.2,3125.2
2026-04-14,B2,P2,899.18,1694.36,1310.8,1428.1,2934.7,2934.7
2026-04-15,B2,P2,1525.61,1109.25,1425.9,1402.3,1925.3,6256.8
2026-04-16,B2,P2,1104.12,923.22,1530.4,1547.6,2948.7,6386.1
2026-04-17,B2,P2,1515.87,1488.24,1655.2,1653.0,2021.3,4582.5
2026-04-18,B2,P2,2070.28,1597.02,1791.7,1726.7,2264.0,3453.3
2026-04-19,B2,P2,1311.43,1282.1,1484.4,1529.7,1853.1,2739.3
2026-04-20,B2,P2,1658.78,1265.99,1622.1,1643.0,1999.0,6327.6
2026-04-21,B2,P2,1375.19,899.18,1239.1,1226.0,1694.8,5083.4
2026-04-22,B2,P2,1579.0,1525.61,1477.0,1535.0,1845.8,2762.3
2026-04-23,B2,P2,1568.09,1104.12,1368.1,1337.6,1784.2,5072.2
2026-04-24,B2,P2,1712.59,1515.87,1576.9,1640.6,1891.8,3652.3
2026-04-25,B2,P2,1466.19,2070.28,1679.1,1751.7,3153.2,3153.2
2026-04-26,B2,P2,1097.68,1311.43,1323.7,1367.8,1544.7,1695.6
2026-04-27,B2,P2,1242.04,1658.78,1525.8,1616.2,3115.5,3115.5
2026-04-28,B2,P2,1588.39,1375.19,1252.9,1299.5,1712.9,1870.5
2026-04-29,B2,P2,1598.99,1579.0,1451.1,1475.3,1876.2,1992.9
2026-04-30,B2,P2,1528.85,1568.09,1560.2,1523.9,1915.2,2062.4
2025-10-01,B2,P3,3105.2,3312.04,3472.8,3519.3,4563.6,4563.6
2025-10-02,B2,P3,4320.5,3987.15,3733.4,3695.1,4794.1,4857.0
2025-10-03,B2,P3,3998.52,4584.96,4220.3,4025.8,4993.4,5510.9
2025-10-04,B2,P3,4943.47,4213.98,4518.3,4243.2,5095.6,5355.5
2025-10-05,B2,P3,3722.64,3978.84,4064.5,3951.1,4939.7,5406.0
2025-10-06,B2,P3,3368.37,3600.59,3541.1,3703.3,4577.2,4577.2
2025-10-07,B2,P3,2829.7,2929.81,3262.0,3344.8,3684.3,4119.9
2025-10-08,B2,P3,2766.08,3105.2,3300.7,3424.8,4683.6,4683.6
2025-10-09,B2,P3,3410.63,4320.5,3967.5,3912.3,4829.1,5228.6
2025-10-10,B2,P3,4791.09,3998.52,4227.2,4088.3,5145.5,5304.7
2025-10-11,B2,P3,5629.97,4943.47,4806.9,5465.1,5465.1,5670.4
2025-10-12,B2,P3,3970.23,3722.64,3811.2,3943.9,4757.3,5031.4
2025-10-13,B2,P3,3549.76,3368.37,3399.7,3586.6,4584.9,4584.9
2025-10-14,B2,P3,2967.22,2829.7,3212.0,3204.9,3574.6,4085.1
2025-10-15,B2,P3,3106.08,2766.08,3292.1,3304.6,3713.0,4082.9
2025-10-16,B2,P3,2993.23,3410.63,3793.4,3839.7,4830.9,4836.5
2025-10-17,B2,P3,4275.84,4791.09,4639.1,4244.3,5229.9,5391.0
2025-10-18,B2,P3,5006.97,5629.97,4677.4,5639.0,6861.7,6861.7
2025-10-19,B2,P3,4681.7,3970.23,3919.1,3804.2,4811.5,5080.5
2025-10-20,B2,P3,3869.78,3549.76,3606.7,3625.3,4585.4,4585.4
2025-10-21,B2,P3,3075.31,2967.22,3389.4,3453.7,3709.8,4111.5
2025-10-22,B2,P3,2460.09,3106.08,3398.0,3249.7,4661.0,4661.0
2025-10-23,B2,P3,3167.6,2993.23,3603.0,3607.9,3927.0,4264.4
2025-10-24,B2,P3,5000.42,4275.84,4522.8,4600.7,5329.3,5784.6
2025-10-25,B2,P3,5275.57,5006.97,5241.7,5089.8,6738.3,6738.3
2025-10-26,B2,P3,3373.6,4681.7,4074.1,3872.1,4918.5,5133.5
2025-10-27,B2,P3,3739.05,3869.78,3731.0,3727.0,4744.3,4744.3
2025-10-28,B2,P3,3487.94,3075.31,3289.4,3311.1,3624.5,4059.2
2025-10-29,B2,P3,3302.39,2460.09,3252.9,3108.2,3660.0,3878.1
2025-10-30,B2,P3,3935.7,3167.6,3517.7,3517.7,4778.7,4778.7
2025-10-31,B2,P3,4672.77,5000.42,4586.4,4906.2,5155.1,5442.1
2025-11-01,B2,P3,5058.89,5275.57,4657.0,6403.1,6403.1,6403.1
2025-11-02,B2,P3,4177.28,3373.6,3885.3,3935.9,5041.3,5041.3
2025-11-03,B2,P3,3260.23,3739.05,3645.1,3669.4,4723.2,4723.2
2025-11-04,B2,P3,3340.47,3487.94,3435.0,3506.2,4585.7,4585.7
2025-11-05,B2,P3,4060.63,3302.39,3321.7,3311.0,3631.3,4095.6
2025-11-06,B2,P3,2717.95,3935.7,3562.9,3553.9,4623.3,4623.3
2025-11-07,B2,P3,5142.69,4672.77,4213.7,4445.1,5821.0,5821.0
2025-11-08,B2,P3,4798.77,5058.89,5111.9,5489.2,6791.1,6791.1
2025-11-09,B2,P3,3834.7,4177.28,3813.6,3755.4,4744.3,4777.5
2025-11-10,B2,P3,3767.98,3260.23,3558.4,3603.7,4750.4,4750.4
2025-11-11,B2,P3,3002.38,3340.47,3395.8,3526.2,4584.8,4584.8
2025-11-12,B2,P3,3105.43,4060.63,3511.0,3534.0,4586.8,4586.8
2025-11-13,B2,P3,3610.77,2717.95,3393.9,3283.2,3908.2,4445.1
2025-11-14,B2,P3,4569.27,5142.69,4632.5,5018.8,5469.0,5469.0
2025-11-15,B2,P3,3981.02,4798.77,4680.2,5584.5,6809.2,6809.2
2025-11-16,B2,P3,4542.42,3834.7,3861.4,4242.9,4754.8,4900.2
2025-11-17,B2,P3,3790.22,3767.98,3700.8,3668.1,4705.5,4705.5
2025-11-18,B2,P3,3195.69,3002.38,3319.1,3380.2,3779.7,4113.0
2025-11-19,B2,P3,3740.31,3105.43,3342.3,3345.7,3977.7,4409.8
2025-11-20,B2,P3,4076.29,3610.77,3530.1,3558.3,4640.4,4640.4
2025-11-21,B2,P3,5233.01,4569.27,4597.0,4684.7,6793.7,6793.7
2025-11-22,B2,P3,6619.94,3981.02,4685.6,4637.1,5448.7,6005.1
2025-11-23,B2,P3,3758.47,4542.42,4109.4,3967.8,5020.9,5301.8
2025-11-24,B2,P3,3211.69,3790.22,3781.9,3741.3,4890.5,4890.5
2025-11-25,B2,P3,2961.52,3195.69,3412.3,3450.1,4618.3,4618.3
2025-11-26,B2,P3,4488.28,3740.31,3655.1,3651.1,4650.8,4650.8
2025-11-27,B2,P3,3798.03,4076.29,3725.0,3527.9,4646.2,4812.2
2025-11-28,B2,P3,4816.11,5233.01,4932.7,5393.5,5429.8,5879.3
2025-11-29,B2,P3,5234.71,6619.94,5038.9,5433.8,5788.4,6381.6
2025-11-30,B2,P3,3741.84,3758.47,3948.5,3911.7,4954.2,5071.0
2025-12-01,B2,P3,2823.1,3211.69,3566.9,3549.7,4873.2,4873.2
2025-12-02,B2,P3,3432.04,2961.52,3426.3,3257.7,3719.2,5054.5
2025-12-03,B2,P3,3608.22,4488.28,3980.4,3662.0,4865.9,5064.0
2025-12-04,B2,P3,3168.78,3798.03,3596.6,3695.7,4022.0,4718.8
2025-12-05,B2,P3,4583.94,4816.11,4759.9,4697.1,6821.9,6821.9
2025-12-06,B2,P3,5079.87,5234.71,5364.0,5553.7,7016.7,7016.7
2025-12-07,B2,P3,3818.48,3741.84,3936.7,3882.7,4908.5,5018.5
2025-12-08,B2,P3,4121.2,2823.1,3421.5,3334.1,3836.4,5102.1
2025-12-09,B2,P3,3256.19,3432.04,3390.1,3462.9,4603.8,4603.8
2025-12-10,B2,P3,3661.63,3608.22,3645.1,3705.1,4851.6,4851.6
2025-12-11,B2,P3,3519.79,3168.78,3510.5,3494.8,4926.4,4926.4
2025-12-12,B2,P3,5760.05,4583.94,4489.8,5465.5,5465.5,5558.3
2025-12-13,B2,P3,4258.49,5079.87,5208.9,6066.8,7370.5,7370.5
2025-12-14,B2,P3,3552.98,3818.48,3946.0,4243.7,4945.0,5118.9
2025-12-15,B2,P3,3861.76,4121.2,3603.2,3496.0,4624.2,4633.9
2025-12-16,B2,P3,3954.03,3256.19,3391.6,3409.0,4571.4,4571.4
2025-12-17,B2,P3,3578.36,3661.63,3591.8,3557.5,4713.1,4713.1
2025-12-18,B2,P3,3610.67,3519.79,3640.2,3687.1,4686.4,4686.4
2025-12-19,B2,P3,5405.94,5760.05,4778.4,5446.4,5547.8,6130.8
2025-12-20,B2,P3,5617.23,4258.49,4790.7,4501.1,5183.1,5703.0
2025-12-21,B2,P3,3231.85,3552.98,3372.2,3518.7,4665.8,4665.8
2025-12-22,B2,P3,5367.61,3861.76,3027.8,3183.9,3675.3,4733.5
2025-12-23,B2,P3,5220.55,3954.03,2790.4,2995.1,3588.8,4485.4
2025-12-24,B2,P3,3414.96,3578.36,2618.9,3285.7,4278.6,4610.9
2025-12-25,B2,P3,2951.52,3610.67,2714.3,2994.0,3413.8,4407.1
2025-12-26,B2,P3,4854.18,5405.94,4081.2,4779.6,6380.1,7670.6
2025-12-27,B2,P3,5366.11,5617.23,3924.4,4617.7,4951.0,7662.6
2025-12-28,B2,P3,3632.19,3231.85,3015.3,2968.1,3407.7,4213.6
2025-12-29,B2,P3,5053.28,5367.61,3579.2,4327.4,5809.9,6352.0
2025-12-30,B2,P3,5360.27,5220.55,3409.0,4373.3,5009.1,6418.2
2025-12-31,B2,P3,3753.61,3414.96,2981.8,3178.2,4440.6,4451.9
2026-01-01,B2,P3,2915.43,2951.52,3314.2,3114.7,3606.3,5031.2
2026-01-02,B2,P3,4846.06,4854.18,4942.3,5278.6,6669.1,7076.3
2026-01-03,B2,P3,3647.31,5366.11,4474.7,5139.3,6441.9,7039.6
2026-01-04,B2,P3,3765.59,3632.19,3346.3,3508.8,4381.5,4381.5
2026-01-05,B2,P3,3278.06,5053.28,4553.3,4905.3,6363.1,6798.7
2026-01-06,B2,P3,2421.17,5360.27,4068.0,4893.1,5289.0,6684.3
2026-01-07,B2,P3,2191.69,3753.61,3530.6,3576.3,4560.2,4560.2
2026-01-08,B2,P3,3258.26,2915.43,3324.0,3411.4,3712.1,5031.4
2026-01-09,B2,P3,4159.52,4846.06,4530.1,5462.9,5462.9,6992.1
2026-01-10,B2,P3,4298.21,3647.31,4535.6,4049.9,5094.5,5094.5
2026-01-11,B2,P3,3280.31,3765.59,3555.6,3645.3,4557.3,4557.3
2026-01-12,B2,P3,3748.1,3278.06,3773.8,3730.0,4794.3,4794.3
2026-01-13,B2,P3,2793.55,2421.17,3382.8,3500.6,4127.5,5436.5
2026-01-14,B2,P3,3986.85,2191.69,3081.0,3082.8,3919.3,5307.1
2026-01-15,B2,P3,4629.02,3258.26,3511.2,3514.6,4531.8,4531.8
2026-01-16,B2,P3,4197.5,4159.52,4613.5,4697.8,5348.1,5443.0
2026-01-17,B2,P3,5270.72,4298.21,4532.3,4517.8,5972.9,5972.9
2026-01-18,B2,P3,3370.34,3280.31,3623.1,3679.6,4681.6,4681.6
2026-01-19,B2,P3,3641.84,3748.1,3818.7,4208.1,4757.6,4810.7
2026-01-20,B2,P3,3965.07,2793.55,3337.0,3348.6,3826.2,4972.8
2026-01-21,B2,P3,3308.0,3986.85,3522.3,3454.2,4654.7,4654.7
2026-01-22,B2,P3,4074.35,4629.02,4071.2,3810.7,5035.0,6235.2
2026-01-23,B2,P3,5493.49,4197.5,4628.3,4569.1,5273.7,5461.6
2026-01-24,B2,P3,5357.81,5270.72,4717.3,5436.0,5534.7,5671.9
2026-01-25,B2,P3,4455.98,3370.34,3661.5,3745.4,4631.3,4631.3
2026-01-26,B2,P3,3683.57,3641.84,3844.8,4104.2,4899.4,4899.4
2026-01-27,B2,P3,2948.4,3965.07,3635.9,3995.2,4599.8,4679.7
2026-01-28,B2,P3,3201.2,3308.0,3545.3,3565.2,4675.9,4675.9
2026-01-29,B2,P3,4458.04,4074.35,3656.9,3674.6,4830.0,4830.0
2026-01-30,B2,P3,5134.05,5493.49,4540.3,5436.8,5436.8,7136.1
2026-01-31,B2,P3,4917.12,5357.81,4510.0,5100.9,6742.3,7239.1
2026-02-01,B2,P3,4622.51,4455.98,3832.1,3743.4,4702.8,4764.4
2026-02-02,B2,P3,4440.42,3683.57,3650.4,3700.5,4794.8,4794.8
2026-02-03,B2,P3,3148.26,2948.4,3331.3,3337.2,3938.3,4260.6
2026-02-04,B2,P3,4149.38,3201.2,3369.7,3422.0,3910.3,4083.4
2026-02-05,B2,P3,3554.67,4458.04,4040.8,3892.6,5019.0,5019.0
2026-02-06,B2,P3,5422.04,5134.05,4968.8,5195.6,6755.0,7119.2
2026-02-07,B2,P3,5604.49,4917.12,5063.0,5616.3,6718.2,7137.4
2026-02-08,B2,P3,3905.54,4622.51,3950.2,3896.2,4976.3,4976.3
2026-02-09,B2,P3,4015.67,4440.42,3826.5,3786.8,4777.6,5040.2
2026-02-10,B2,P3,3128.1,3148.26,3425.6,3430.4,3843.8,4174.1
2026-02-11,B2,P3,3750.77,4149.38,3647.5,3590.9,4682.0,4741.5
2026-02-12,B2,P3,3707.43,3554.67,3867.0,4281.0,4916.8,5052.3
2026-02-13,B2,P3,5226.06,5422.04,4893.4,6213.6,6870.9,7555.2
2026-02-14,B2,P3,4961.89,5604.49,4801.3,6527.6,6527.6,7577.8
2026-02-15,B2,P3,3439.29,3905.54,3886.4,3859.8,4933.4,4933.4
2026-02-16,B2,P3,3707.49,4015.67,3913.9,3759.9,4934.4,4944.6
2026-02-17,B2,P3,4392.94,3128.1,3571.8,3492.1,4907.0,4907.0
2026-02-18,B2,P3,4526.3,3750.77,3909.4,3753.4,4947.0,4947.0
2026-02-19,B2,P3,4081.93,3707.43,4073.2,3739.9,4929.8,4929.8
2026-02-20,B2,P3,5721.94,5226.06,5218.9,5488.4,6837.9,7160.6
2026-02-21,B2,P3,6650.51,4961.89,5085.5,5464.3,6678.4,7214.2
2026-02-22,B2,P3,4564.07,3439.29,3910.5,3817.7,4902.7,5099.7
2026-02-23,B2,P3,4146.93,3707.49,3797.8,3758.9,4760.6,4760.6
2026-02-24,B2,P3,4004.13,4392.94,3838.7,3648.1,4823.3,4856.9
2026-02-25,B2,P3,4154.86,4526.3,4185.3,3808.6,4977.2,6344.3
2026-02-26,B2,P3,4281.21,4081.93,4000.8,4006.1,4816.0,5038.3
2026-02-27,B2,P3,5325.82,5721.94,5019.1,6426.0,6871.8,7727.1
2026-02-28,B2,P3,5282.58,6650.51,4870.6,6422.7,6950.7,7482.7
2026-03-01,B2,P3,6286.77,4564.07,4142.8,4253.0,4789.7,6333.6
2026-03-02,B2,P3,5582.52,4146.93,3833.2,4062.6,4862.0,5077.7
2026-03-03,B2,P3,5215.69,4004.13,3834.0,3520.0,4891.0,4891.0
2026-03-04,B2,P3,5829.7,4154.86,3967.7,3632.2,4938.2,5150.3
2026-03-05,B2,P3,6223.08,4281.21,3848.8,3790.3,4883.7,4944.9
2026-03-06,B2,P3,20.14,5325.82,5445.7,5496.1,6884.3,7709.7
2026-03-07,B2,P3,6758.8,5282.58,5588.7,5503.5,7175.3,7975.5
2026-03-08,B2,P3,5632.52,6286.77,4213.2,4846.0,5860.0,5860.0
2026-03-09,B2,P3,6959.12,5582.52,4206.9,4765.9,5119.5,6710.1
2026-03-10,B2,P3,4962.65,5215.69,4215.6,4710.1,5345.1,6502.3
2026-03-11,B2,P3,5408.47,5829.7,4253.0,4791.6,5266.3,7236.1
2026-03-12,B2,P3,5947.95,6223.08,4351.2,4799.1,5596.8,6906.7
2026-03-13,B2,P3,6786.12,20.14,3135.1,2487.5,6196.9,10277.3
2026-03-14,B2,P3,7334.63,6758.8,5532.7,6427.5,7508.4,7889.8
2026-03-15,B2,P3,5262.38,5632.52,4454.0,5010.4,6869.8,7226.8
2026-03-16,B2,P3,6004.33,6959.12,4439.5,5003.3,7098.6,7098.6
2026-03-17,B2,P3,5898.61,4962.65,4188.7,5351.4,5775.7,6883.6
2026-03-18,B2,P3,6509.34,5408.47,4672.9,5309.1,5900.1,6914.5
2026-03-19,B2,P3,6856.41,5947.95,4732.8,4979.9,5878.4,7101.4
2026-03-20,B2,P3,7467.75,6786.12,3985.3,5386.0,5468.2,7028.2
2026-03-21,B2,P3,8824.02,7334.63,5873.9,6552.8,7111.8,7787.8
2026-03-22,B2,P3,7481.02,5262.38,4969.5,6377.2,6377.2,7398.7
2026-03-23,B2,P3,6802.34,6004.33,4924.1,5974.9,6614.2,7553.4
2026-03-24,B2,P3,5440.87,5898.61,4569.3,4948.2,6072.0,7499.6
2026-03-25,B2,P3,6336.94,6509.34,5157.3,6065.7,7213.9,7614.9
2026-03-26,B2,P3,5927.48,6856.41,5099.2,6090.2,6788.3,7831.0
2026-03-27,B2,P3,8011.43,7467.75,4694.7,3894.6,6900.0,7720.6
2026-03-28,B2,P3,8198.04,8824.02,5541.2,6658.3,8013.7,8245.1
2026-03-29,B2,P3,6277.53,7481.02,5215.7,6400.2,6400.2,7679.8
2026-03-30,B2,P3,5855.92,6802.34,4970.4,6446.7,6446.7,7721.2
2026-03-31,B2,P3,5753.33,5440.87,5571.5,5594.4,6831.7,7565.9
2026-04-01,B2,P3,5683.43,6336.94,5398.3,6431.6,6778.2,7529.8
2026-04-02,B2,P3,6577.72,5927.48,5934.0,6431.6,6431.6,7442.9
2026-04-03,B2,P3,11163.44,8011.43,5352.3,4770.3,6976.1,7510.5
2026-04-04,B2,P3,7119.69,8198.04,6322.5,6600.2,7611.1,8320.9
2026-04-05,B2,P3,5807.75,6277.53,4783.1,6474.6,6474.6,7649.8
2026-04-06,B2,P3,7173.24,5855.92,6020.5,6500.0,6500.0,7715.2
2026-04-07,B2,P3,5531.89,5753.33,5363.9,6432.4,6632.0,7460.2
2026-04-08,B2,P3,4479.1,5683.43,5674.2,6461.1,6461.1,7606.7
2026-04-09,B2,P3,3921.07,6577.72,5718.2,6541.5,7252.6,7604.1
2026-04-10,B2,P3,6259.0,11163.44,6391.5,6798.0,7890.4,8105.9
2026-04-11,B2,P3,7640.79,7119.69,5944.2,6620.0,7375.3,7953.3
2026-04-12,B2,P3,6109.26,5807.75,4998.3,6500.4,7186.5,7525.4
2026-04-13,B2,P3,5445.28,7173.24,5919.9,6422.5,6547.2,7551.3
2026-04-14,B2,P3,4692.59,5531.89,5305.6,6437.6,6437.6,7521.9
2026-04-15,B2,P3,5336.81,4479.1,5525.0,5662.3,5662.3,5662.3
2026-04-16,B2,P3,4307.45,3921.07,5331.0,4710.5,5126.7,5354.8
2026-04-17,B2,P3,7081.47,6259.0,7017.3,6687.8,7848.1,8260.1
2026-04-18,B2,P3,6997.8,7640.79,6240.3,6729.9,8223.1,8309.2
2026-04-19,B2,P3,5927.38,6109.26,4979.2,6531.4,6531.4,7577.4
2026-04-20,B2,P3,4885.28,5445.28,6110.4,6629.3,6851.5,7711.7
2026-04-21,B2,P3,4865.46,4692.59,5653.9,5685.2,6737.8,7311.6
2026-04-22,B2,P3,5164.08,5336.81,5511.4,6389.3,6389.3,7602.2
2026-04-23,B2,P3,6342.36,4307.45,4922.0,4597.2,5666.3,5666.3
2026-04-24,B2,P3,7151.99,7081.47,6757.6,6683.2,7692.4,8297.3
2026-04-25,B2,P3,5409.05,6997.8,5943.3,6612.2,7415.9,7894.8
2026-04-26,B2,P3,3229.79,5927.38,5313.0,6597.6,6941.6,7628.9
2026-04-27,B2,P3,5942.65,4885.28,5888.5,5706.1,7242.0,7485.0
2026-04-28,B2,P3,6002.85,4865.46,5030.1,5464.5,5464.5,7111.7
2026-04-29,B2,P3,5029.96,5164.08,5594.2,5681.6,6855.3,7325.8
2026-04-30,B2,P3,6808.43,6342.36,5029.4,5358.9,5453.5,7338.6
2025-10-01,NB1,P1,25.57,239.76,212.4,180.6,337.9,372.8
2025-10-02,NB1,P1,367.53,139.56,199.8,179.8,333.2,350.8
2025-10-03,NB1,P1,268.76,229.86,212.5,191.5,365.1,413.7
2025-10-04,NB1,P1,48.6,107.99,187.3,163.7,329.3,346.6
2025-10-05,NB1,P1,80.55,0.0,137.1,91.0,213.8,250.8
2025-10-06,NB1,P1,204.93,257.52,188.4,175.7,321.8,378.4
2025-10-07,NB1,P1,230.81,68.61,177.3,160.0,296.3,337.4
2025-10-08,NB1,P1,271.23,25.57,191.7,164.8,337.4,354.8
2025-10-09,NB1,P1,453.53,367.53,216.6,192.8,369.4,416.3
2025-10-10,NB1,P1,142.33,268.76,243.7,225.5,401.3,426.4
2025-10-11,NB1,P1,175.34,48.6,150.3,107.7,280.1,316.8
2025-10-12,NB1,P1,110.9,80.55,62.9,63.7,175.0,175.0
2025-10-13,NB1,P1,174.81,204.93,210.0,207.8,359.9,403.3
2025-10-14,NB1,P1,425.6,230.81,175.7,174.2,324.7,364.5
2025-10-15,NB1,P1,89.45,271.23,212.7,201.5,353.1,390.6
2025-10-16,NB1,P1,315.69,453.53,254.3,261.0,444.9,501.6
2025-10-17,NB1,P1,243.83,142.33,207.0,197.8,378.2,418.9
2025-10-18,NB1,P1,232.22,175.34,171.9,179.2,292.5,346.0
2025-10-19,NB1,P1,128.2,110.9,62.7,74.0,154.2,184.2
2025-10-20,NB1,P1,88.92,174.81,188.8,193.2,313.8,357.4
2025-10-21,NB1,P1,113.07,425.6,227.6,225.2,380.9,438.7
2025-10-22,NB1,P1,416.23,89.45,222.9,202.7,353.8,404.9
2025-10-23,NB1,P1,182.99,315.69,248.0,238.6,450.7,491.8
2025-10-24,NB1,P1,248.1,243.83,233.6,207.0,365.9,439.1
2025-10-25,NB1,P1,144.14,232.22,189.3,162.2,305.5,381.0
2025-10-26,NB1,P1,0.0,128.2,87.1,59.2,133.3,201.9
2025-10-27,NB1,P1,257.05,88.92,203.7,201.2,330.0,388.0
2025-10-28,NB1,P1,185.06,113.07,201.8,208.2,368.6,398.8
2025-10-29,NB1,P1,361.82,416.23,234.8,215.5,373.5,409.4
2025-10-30,NB1,P1,171.97,182.99,257.1,261.3,409.6,475.9
2025-10-31,NB1,P1,216.8,248.1,255.3,243.8,406.8,454.6
2025-11-01,NB1,P1,148.26,144.14,204.6,159.4,331.7,388.3
2025-11-02,NB1,P1,52.06,0.0,81.5,79.6,180.2,235.5
2025-11-03,NB1,P1,384.24,257.05,196.9,203.4,354.2,405.7
2025-11-04,NB1,P1,112.77,185.06,221.1,225.4,393.5,452.8
2025-11-05,NB1,P1,95.62,361.82,251.4,255.2,427.8,462.0
2025-11-06,NB1,P1,382.53,171.97,255.3,249.0,399.3,452.7
2025-11-07,NB1,P1,169.54,216.8,263.6,256.5,399.5,462.2
2025-11-08,NB1,P1,59.17,148.26,193.3,146.9,327.1,402.0
2025-11-09,NB1,P1,80.21,52.06,76.0,75.0,158.9,158.9
2025-11-10,NB1,P1,141.76,384.24,238.3,228.4,377.3,436.8
2025-11-11,NB1,P1,52.37,112.77,251.0,225.2,371.9,437.4
2025-11-12,NB1,P1,294.63,95.62,224.3,223.6,353.5,444.3
2025-11-13,NB1,P1,46.06,382.53,242.6,232.4,395.5,445.4
2025-11-14,NB1,P1,219.52,169.54,249.4,245.6,390.8,438.1
2025-11-15,NB1,P1,152.09,59.17,198.1,151.0,341.6,380.7
2025-11-16,NB1,P1,47.32,80.21,77.7,82.5,148.4,201.9
2025-11-17,NB1,P1,336.03,141.76,225.7,220.7,363.2,425.1
2025-11-18,NB1,P1,194.37,52.37,172.5,162.2,283.2,313.4
2025-11-19,NB1,P1,165.97,294.63,225.9,228.6,380.5,413.5
2025-11-20,NB1,P1,372.11,46.06,205.6,189.6,367.3,406.3
2025-11-21,NB1,P1,277.63,219.52,225.1,217.7,377.7,417.4
2025-11-22,NB1,P1,56.56,152.09,147.1,113.4,304.7,314.8
2025-11-23,NB1,P1,15.46,47.32,51.8,35.1,123.8,149.2
2025-11-24,NB1,P1,190.48,336.03,219.7,204.1,391.6,454.9
2025-11-25,NB1,P1,166.92,194.37,170.6,171.3,295.6,338.9
2025-11-26,NB1,P1,146.07,165.97,222.1,214.0,347.3,387.4
2025-11-27,NB1,P1,351.05,372.11,209.8,211.7,406.7,437.5
2025-11-28,NB1,P1,134.77,277.63,233.9,226.0,391.0,441.8
2025-11-29,NB1,P1,152.15,56.56,179.9,123.3,267.4,318.9
2025-11-30,NB1,P1,0.0,15.46,61.3,35.8,136.3,190.1
2025-12-01,NB1,P1,174.01,190.48,231.3,233.3,369.5,407.8
2025-12-02,NB1,P1,213.8,166.92,189.3,189.9,321.0,345.5
2025-12-03,NB1,P1,280.43,146.07,197.5,194.8,350.1,390.0
2025-12-04,NB1,P1,79.15,351.05,236.6,251.0,413.7,471.2
2025-12-05,NB1,P1,11.67,134.77,207.3,203.1,354.3,400.7
2025-12-06,NB1,P1,247.18,152.15,153.9,116.4,287.0,303.7
2025-12-07,NB1,P1,88.75,0.0,71.8,46.7,127.1,162.1
2025-12-08,NB1,P1,166.14,174.01,201.0,209.7,346.0,410.1
2025-12-09,NB1,P1,111.68,213.8,208.6,213.2,338.8,365.8
2025-12-10,NB1,P1,128.45,280.43,213.9,211.3,358.3,400.2
2025-12-11,NB1,P1,228.36,79.15,198.0,194.3,376.3,409.6
2025-12-12,NB1,P1,170.6,11.67,181.8,169.2,337.5,376.3
2025-12-13,NB1,P1,103.18,247.18,180.6,155.2,305.5,380.5
2025-12-14,NB1,P1,41.39,88.75,74.6,76.2,166.7,175.4
2025-12-15,NB1,P1,260.51,166.14,205.1,203.0,338.6,392.0
2025-12-16,NB1,P1,0.05,111.68,192.3,186.8,343.7,383.0
2025-12-17,NB1,P1,61.95,128.45,207.7,201.8,379.2,415.9
2025-12-18,NB1,P1,183.78,228.36,203.1,210.9,377.4,396.5
2025-12-19,NB1,P1,355.82,170.6,173.5,188.9,317.9,357.7
2025-12-20,NB1,P1,0.0,103.18,144.5,104.2,254.1,311.0
2025-12-21,NB1,P1,0.0,41.39,51.4,9.3,113.3,116.3
2025-12-22,NB1,P1,263.25,260.51,166.5,147.0,326.2,356.9
2025-12-23,NB1,P1,100.16,0.05,122.6,62.8,260.6,304.6
2025-12-24,NB1,P1,150.77,61.95,104.9,40.4,277.5,323.9
2025-12-25,NB1,P1,106.32,183.78,129.4,81.1,294.8,360.0
2025-12-26,NB1,P1,42.45,355.82,157.5,148.8,341.3,367.1
2025-12-27,NB1,P1,60.98,0.0,90.2,42.9,208.7,245.2
2025-12-28,NB1,P1,0.0,0.0,28.5,0.0,104.5,158.4
2025-12-29,NB1,P1,140.9,263.25,186.0,165.9,354.0,367.8
2025-12-30,NB1,P1,175.92,100.16,124.8,84.8,290.2,300.9
2025-12-31,NB1,P1,29.1,150.77,125.9,60.5,266.8,302.8
2026-01-01,NB1,P1,43.61,106.32,138.9,100.4,291.5,323.7
2026-01-02,NB1,P1,34.82,42.45,150.9,140.0,293.6,337.7
2026-01-03,NB1,P1,65.49,60.98,91.2,66.8,123.8,203.7
2026-01-04,NB1,P1,20.86,0.0,47.7,42.2,72.0,96.9
2026-01-05,NB1,P1,45.49,140.9,193.0,244.3,300.4,349.0
2026-01-06,NB1,P1,37.71,175.92,167.0,230.7,266.9,305.5
2026-01-07,NB1,P1,14.52,29.1,173.4,214.9,279.8,324.3
2026-01-08,NB1,P1,83.66,43.61,186.2,228.2,324.7,337.1
2026-01-09,NB1,P1,88.83,34.82,185.9,171.1,320.9,346.7
2026-01-10,NB1,P1,32.37,65.49,109.8,73.0,190.2,229.8
2026-01-11,NB1,P1,31.51,20.86,54.5,29.2,104.2,133.1
2026-01-12,NB1,P1,164.52,45.49,175.7,220.5,320.7,343.4
2026-01-13,NB1,P1,99.87,37.71,187.0,224.9,317.0,326.8
2026-01-14,NB1,P1,137.02,14.52,168.7,201.7,265.5,277.7
2026-01-15,NB1,P1,52.39,83.66,157.3,232.6,329.6,350.0
2026-01-16,NB1,P1,106.03,88.83,155.0,174.2,322.3,350.7
2026-01-17,NB1,P1,5.6,32.37,73.8,49.1,156.2,186.8
2026-01-18,NB1,P1,89.58,31.51,47.5,26.8,89.9,96.1
2026-01-19,NB1,P1,65.72,164.52,137.1,203.8,285.4,311.8
2026-01-20,NB1,P1,137.54,99.87,144.7,207.0,285.7,317.7
2026-01-21,NB1,P1,239.41,137.02,133.8,189.3,272.8,298.1
2026-01-22,NB1,P1,98.09,52.39,132.2,178.5,235.6,269.1
2026-01-23,NB1,P1,162.72,106.03,123.4,139.5,247.3,285.9
2026-01-24,NB1,P1,187.03,5.6,70.7,63.9,121.6,169.9
2026-01-25,NB1,P1,36.95,89.58,51.3,44.8,101.2,131.4
2026-01-26,NB1,P1,207.39,65.72,112.8,155.1,228.2,262.1
2026-01-27,NB1,P1,129.54,137.54,141.5,159.5,275.9,308.1
2026-01-28,NB1,P1,121.26,239.41,135.7,168.2,263.0,299.6
2026-01-29,NB1,P1,93.24,98.09,121.6,136.4,226.8,239.2
2026-01-30,NB1,P1,214.41,162.72,122.4,112.1,233.7,233.7
2026-01-31,NB1,P1,49.23,187.03,106.0,91.1,163.2,243.1
2026-02-01,NB1,P1,0.0,36.95,64.7,55.6,111.1,152.7
2026-02-02,NB1,P1,137.66,207.39,129.3,139.8,226.9,267.2
2026-02-03,NB1,P1,116.5,129.54,132.3,137.1,237.1,244.2
2026-02-04,NB1,P1,58.2,121.26,131.2,122.5,263.9,263.9
2026-02-05,NB1,P1,56.78,93.24,109.2,118.1,215.6,247.2
2026-02-06,NB1,P1,65.5,214.41,124.0,122.4,239.4,271.1
2026-02-07,NB1,P1,99.36,49.23,93.0,77.7,169.7,219.3
2026-02-08,NB1,P1,9.09,0.0,37.6,27.1,118.3,139.3
2026-02-09,NB1,P1,63.82,137.66,122.1,124.6,248.9,276.5
2026-02-10,NB1,P1,179.21,116.5,111.5,112.7,200.3,248.6
2026-02-11,NB1,P1,206.69,58.2,123.3,126.9,216.8,243.0
2026-02-12,NB1,P1,169.61,56.78,99.6,94.6,201.4,242.1
2026-02-13,NB1,P1,206.49,65.5,116.9,114.4,239.2,287.9
2026-02-14,NB1,P1,110.84,99.36,97.4,78.5,198.2,206.0
2026-02-15,NB1,P1,51.69,9.09,35.7,35.6,84.5,87.3
2026-02-16,NB1,P1,153.1,63.82,138.1,140.8,252.6,254.5
2026-02-17,NB1,P1,64.24,179.21,128.9,132.5,227.1,251.5
2026-02-18,NB1,P1,134.02,206.69,140.4,147.8,273.4,288.8
2026-02-19,NB1,P1,101.07,169.61,120.4,115.7,222.8,248.0
2026-02-20,NB1,P1,108.36,206.49,123.0,123.7,216.7,243.8
2026-02-21,NB1,P1,0.0,110.84,133.3,126.8,204.3,215.2
2026-02-22,NB1,P1,5.55,51.69,59.1,38.4,71.3,79.0
2026-02-23,NB1,P1,170.83,153.1,167.8,163.8,279.6,295.3
2026-02-24,NB1,P1,167.62,64.24,121.2,134.3,242.8,260.3
2026-02-25,NB1,P1,131.75,134.02,122.7,125.5,231.2,269.4
2026-02-26,NB1,P1,243.38,101.07,126.1,119.8,226.5,248.6
2026-02-27,NB1,P1,120.81,108.36,145.5,144.3,271.1,313.7
2026-02-28,NB1,P1,243.14,0.0,79.9,71.3,162.3,202.4
2026-03-01,NB1,P1,103.02,5.55,39.4,23.6,88.4,102.6
2026-03-02,NB1,P1,90.08,170.83,148.9,136.1,249.1,262.3
2026-03-03,NB1,P1,0.0,167.62,118.3,115.8,217.3,245.4
2026-03-04,NB1,P1,112.1,131.75,114.2,111.8,197.3,225.8
2026-03-05,NB1,P1,218.11,243.38,133.3,120.9,240.1,274.5
2026-03-06,NB1,P1,0.0,120.81,126.9,116.5,225.6,245.0
2026-03-07,NB1,P1,37.22,243.14,115.2,97.5,189.9,237.2
2026-03-08,NB1,P1,37.9,103.02,85.3,58.9,143.7,162.4
2026-03-09,NB1,P1,225.68,90.08,130.2,126.3,242.4,260.7
2026-03-10,NB1,P1,268.1,0.0,134.6,132.0,259.2,280.3
2026-03-11,NB1,P1,44.85,112.1,140.2,139.5,258.9,282.4
2026-03-12,NB1,P1,112.23,218.11,167.0,151.0,266.8,304.1
2026-03-13,NB1,P1,55.91,0.0,136.6,145.3,249.4,283.8
2026-03-14,NB1,P1,114.06,37.22,109.2,85.8,190.4,225.5
2026-03-15,NB1,P1,20.32,37.9,76.8,63.8,111.0,160.1
2026-03-16,NB1,P1,286.65,225.68,142.9,140.9,248.0,305.9
2026-03-17,NB1,P1,78.52,268.1,137.9,131.1,252.2,297.2
2026-03-18,NB1,P1,9.58,44.85,141.6,146.1,246.3,264.2
2026-03-19,NB1,P1,131.62,112.23,178.9,148.2,278.3,315.1
2026-03-20,NB1,P1,147.26,55.91,132.3,145.3,226.7,248.1
2026-03-21,NB1,P1,57.48,114.06,130.5,106.3,192.6,215.9
2026-03-22,NB1,P1,59.0,20.32,54.2,43.5,146.1,168.1
2026-03-23,NB1,P1,106.77,286.65,181.3,175.8,311.6,331.5
2026-03-24,NB1,P1,169.15,78.52,150.5,150.9,270.8,275.0
2026-03-25,NB1,P1,59.93,9.58,138.5,134.1,236.1,262.1
2026-03-26,NB1,P1,193.42,131.62,205.1,175.9,351.1,372.3
2026-03-27,NB1,P1,187.76,147.26,137.6,138.5,260.9,278.0
2026-03-28,NB1,P1,144.18,57.48,178.9,152.3,240.0,260.5
2026-03-29,NB1,P1,12.02,59.0,72.1,73.5,112.2,126.8
2026-03-30,NB1,P1,296.31,106.77,155.4,136.2,270.6,294.3
2026-03-31,NB1,P1,228.49,169.15,135.6,119.2,235.4,290.1
2026-04-01,NB1,P1,123.52,59.93,118.3,113.8,194.9,228.9
2026-04-02,NB1,P1,124.46,193.42,144.9,160.2,315.0,362.2
2026-04-03,NB1,P1,0.0,187.76,136.5,123.7,234.9,271.5
2026-04-04,NB1,P1,34.04,144.18,146.6,118.6,220.2,245.4
2026-04-05,NB1,P1,5.32,12.02,48.9,38.5,84.9,125.1
2026-04-06,NB1,P1,92.68,296.31,147.2,150.0,303.2,361.0
2026-04-07,NB1,P1,244.41,228.49,151.1,154.9,283.4,329.1
2026-04-08,NB1,P1,66.37,123.52,132.5,121.6,229.2,250.0
2026-04-09,NB1,P1,25.32,124.46,140.0,130.3,258.7,285.7
2026-04-10,NB1,P1,143.89,0.0,123.3,125.6,224.0,253.6
2026-04-11,NB1,P1,30.58,34.04,111.6,94.3,178.0,214.4
2026-04-12,NB1,P1,0.0,5.32,47.1,33.0,74.9,110.1
2026-04-13,NB1,P1,54.46,92.68,159.3,157.1,301.9,323.0
2026-04-14,NB1,P1,15.12,244.41,141.2,137.1,256.6,312.2
2026-04-15,NB1,P1,3.71,66.37,120.0,126.3,211.0,231.9
2026-04-16,NB1,P1,30.09,25.32,120.3,112.9,217.4,248.0
2026-04-17,NB1,P1,71.33,143.89,138.6,133.0,222.7,250.3
2026-04-18,NB1,P1,140.49,30.58,78.0,72.2,152.0,193.4
2026-04-19,NB1,P1,33.33,0.0,42.1,21.3,68.7,70.9
2026-04-20,NB1,P1,16.49,54.46,122.8,126.3,244.9,283.6
2026-04-21,NB1,P1,64.16,15.12,126.0,136.3,240.2,288.6
2026-04-22,NB1,P1,103.71,3.71,119.1,113.3,198.3,241.2
2026-04-23,NB1,P1,43.37,30.09,126.2,124.4,234.9,287.4
2026-04-24,NB1,P1,266.93,71.33,132.7,121.3,250.7,291.2
2026-04-25,NB1,P1,51.89,140.49,99.0,71.5,166.8,239.5
2026-04-26,NB1,P1,0.0,33.33,55.1,23.1,87.5,102.2
2026-04-27,NB1,P1,105.13,16.49,95.4,98.0,246.8,291.7
2026-04-28,NB1,P1,40.59,64.16,121.3,106.7,254.8,295.0
2026-04-29,NB1,P1,77.08,103.71,102.1,91.9,221.4,260.2
2026-04-30,NB1,P1,83.36,43.37,89.5,76.2,201.5,245.2
2025-10-01,NB1,P2,18.09,22.68,10.1,17.9,69.9,86.9
2025-10-02,NB1,P2,114.75,0.0,15.9,23.2,54.9,80.9
2025-10-03,NB1,P2,55.91,52.04,33.5,44.1,86.9,104.0
2025-10-04,NB1,P2,21.17,32.95,31.8,40.0,66.7,103.7
2025-10-05,NB1,P2,0.0,85.63,23.9,28.4,78.0,113.0
2025-10-06,NB1,P2,23.49,10.05,21.0,17.0,78.0,99.7
2025-10-07,NB1,P2,4.07,4.09,11.9,9.1,58.0,78.1
2025-10-08,NB1,P2,67.36,18.09,17.9,19.0,64.9,93.9
2025-10-09,NB1,P2,55.63,114.75,22.3,21.6,82.6,113.6
2025-10-10,NB1,P2,36.87,55.91,35.6,39.4,101.8,134.8
2025-10-11,NB1,P2,63.7,21.17,24.4,30.1,81.9,121.3
2025-10-12,NB1,P2,12.87,0.0,11.4,15.7,60.5,91.3
2025-10-13,NB1,P2,23.62,23.49,12.9,14.5,68.4,89.9
2025-10-14,NB1,P2,0.0,4.07,14.1,7.2,58.7,83.7
2025-10-15,NB1,P2,44.04,67.36,23.2,26.2,77.9,126.2
2025-10-16,NB1,P2,0.0,55.63,24.9,23.0,73.5,92.8
2025-10-17,NB1,P2,26.06,36.87,29.1,35.8,78.0,94.8
2025-10-18,NB1,P2,15.76,63.7,23.8,31.3,63.8,107.7
2025-10-19,NB1,P2,9.74,12.87,10.7,11.7,76.8,106.0
2025-10-20,NB1,P2,53.96,23.62,21.2,16.8,65.5,90.7
2025-10-21,NB1,P2,0.0,0.0,11.0,0.6,62.7,79.0
2025-10-22,NB1,P2,43.71,44.04,20.6,23.0,71.6,94.3
2025-10-23,NB1,P2,13.13,0.0,27.7,24.4,117.6,132.5
2025-10-24,NB1,P2,42.24,26.06,27.1,31.9,65.7,89.8
2025-10-25,NB1,P2,105.71,15.76,19.9,27.3,52.2,97.4
2025-10-26,NB1,P2,24.72,9.74,7.3,14.7,56.2,75.1
2025-10-27,NB1,P2,36.5,53.96,20.0,24.2,59.2,88.9
2025-10-28,NB1,P2,44.61,0.0,9.4,0.5,58.8,77.5
2025-10-29,NB1,P2,78.81,43.71,29.2,33.7,85.7,122.8
2025-10-30,NB1,P2,0.0,13.13,24.6,25.7,96.9,101.3
2025-10-31,NB1,P2,13.29,42.24,28.7,32.6,80.5,124.4
2025-11-01,NB1,P2,5.34,105.71,41.7,43.5,84.5,121.8
2025-11-02,NB1,P2,0.0,24.72,11.7,10.4,44.2,60.4
2025-11-03,NB1,P2,21.6,36.5,22.6,21.0,64.2,98.9
2025-11-04,NB1,P2,97.38,44.61,22.4,8.2,64.2,94.0
2025-11-05,NB1,P2,25.45,78.81,26.3,31.5,83.9,135.3
2025-11-06,NB1,P2,0.0,0.0,16.7,9.5,48.8,82.7
2025-11-07,NB1,P2,5.29,13.29,24.3,27.5,57.5,95.7
2025-11-08,NB1,P2,42.42,5.34,22.1,21.8,61.8,99.7
2025-11-09,NB1,P2,0.0,0.0,9.6,8.4,42.5,75.1
2025-11-10,NB1,P2,7.03,21.6,20.1,20.0,65.3,91.1
2025-11-11,NB1,P2,6.26,97.38,17.9,13.6,80.0,112.3
2025-11-12,NB1,P2,8.07,25.45,23.7,22.6,75.3,94.4
2025-11-13,NB1,P2,11.51,0.0,13.3,5.2,59.2,78.6
2025-11-14,NB1,P2,12.76,5.29,25.0,26.8,70.9,91.3
2025-11-15,NB1,P2,10.05,42.42,28.1,33.0,93.9,114.0
2025-11-16,NB1,P2,4.33,0.0,5.6,2.7,43.2,67.1
2025-11-17,NB1,P2,38.24,7.03,16.0,16.9,58.2,82.3
2025-11-18,NB1,P2,0.0,6.26,20.0,18.0,64.4,91.8
2025-11-19,NB1,P2,8.35,8.07,18.6,19.3,85.6,109.7
2025-11-20,NB1,P2,10.09,11.51,11.9,8.5,70.4,91.7
2025-11-21,NB1,P2,46.46,12.76,19.7,16.6,62.1,83.2
2025-11-22,NB1,P2,11.79,10.05,19.3,27.2,76.6,94.1
2025-11-23,NB1,P2,30.04,4.33,9.7,16.4,45.3,64.1
2025-11-24,NB1,P2,32.82,38.24,18.8,18.6,61.1,91.3
2025-11-25,NB1,P2,71.07,0.0,18.7,15.0,85.6,118.0
2025-11-26,NB1,P2,7.3,8.35,13.8,19.0,70.4,87.7
2025-11-27,NB1,P2,21.55,10.09,22.2,27.7,86.2,94.7
2025-11-28,NB1,P2,26.77,46.46,20.3,25.3,68.2,87.7
2025-11-29,NB1,P2,8.97,11.79,24.7,24.5,66.7,81.6
2025-11-30,NB1,P2,0.0,30.04,5.7,7.2,42.9,78.8
2025-12-01,NB1,P2,45.74,32.82,20.8,19.9,58.4,86.0
2025-12-02,NB1,P2,6.32,71.07,23.1,18.4,78.2,111.7
2025-12-03,NB1,P2,4.42,7.3,12.7,12.6,44.6,60.1
2025-12-04,NB1,P2,90.61,21.55,17.2,17.3,45.9,62.5
2025-12-05,NB1,P2,20.26,26.77,29.9,30.0,63.3,86.3
2025-12-06,NB1,P2,0.0,8.97,25.2,24.8,54.3,66.9
2025-12-07,NB1,P2,5.84,0.0,10.8,10.7,35.7,59.0
2025-12-08,NB1,P2,4.24,45.74,17.8,24.2,55.6,84.4
2025-12-09,NB1,P2,112.98,6.32,16.0,11.9,66.2,85.5
2025-12-10,NB1,P2,26.96,4.42,13.3,12.7,54.3,72.1
2025-12-11,NB1,P2,85.27,90.61,22.3,31.1,74.2,107.8
2025-12-12,NB1,P2,15.55,20.26,25.3,29.5,65.8,86.1
2025-12-13,NB1,P2,2.46,0.0,15.6,14.2,37.7,50.8
2025-12-14,NB1,P2,14.11,5.84,10.2,12.5,52.6,67.3
2025-12-15,NB1,P2,42.63,4.24,14.0,12.6,51.7,78.3
2025-12-16,NB1,P2,19.2,112.98,25.7,23.9,93.6,127.7
2025-12-17,NB1,P2,38.95,26.96,17.6,10.3,66.1,87.6
2025-12-18,NB1,P2,50.75,85.27,28.4,34.5,88.3,127.8
2025-12-19,NB1,P2,3.89,15.55,23.3,24.4,60.7,90.0
2025-12-20,NB1,P2,0.0,2.46,20.0,14.6,66.4,72.7
2025-12-21,NB1,P2,0.0,14.11,6.7,4.4,40.5,60.7
2025-12-22,NB1,P2,13.86,42.63,15.4,13.3,74.1,90.0
2025-12-23,NB1,P2,0.0,19.2,18.8,12.7,75.1,84.1
2025-12-24,NB1,P2,53.23,38.95,13.8,0.0,54.6,87.2
2025-12-25,NB1,P2,1.77,50.75,19.0,23.5,83.1,122.0
2025-12-26,NB1,P2,28.12,3.89,13.7,12.0,58.5,77.9
2025-12-27,NB1,P2,5.3,0.0,8.5,9.9,34.0,56.9
2025-12-28,NB1,P2,40.75,0.0,6.4,5.8,33.6,66.4
2025-12-29,NB1,P2,0.0,13.86,11.7,8.2,68.9,87.9
2025-12-30,NB1,P2,7.57,0.0,31.0,20.2,112.7,117.2
2025-12-31,NB1,P2,96.98,53.23,10.5,11.3,84.5,117.8
2026-01-01,NB1,P2,36.83,1.77,23.1,6.9,72.9,124.4
2026-01-02,NB1,P2,0.0,28.12,18.8,13.3,128.4,131.0
2026-01-03,NB1,P2,86.28,5.3,7.3,2.4,25.7,64.3
2026-01-04,NB1,P2,0.0,40.75,6.9,0.0,69.1,87.6
2026-01-05,NB1,P2,8.92,0.0,17.1,0.0,66.3,99.0
2026-01-06,NB1,P2,12.6,7.57,20.5,0.0,82.9,113.4
2026-01-07,NB1,P2,9.11,96.98,16.7,9.3,108.8,123.1
2026-01-08,NB1,P2,0.0,36.83,23.5,24.8,84.5,100.8
2026-01-09,NB1,P2,0.0,0.0,20.8,15.2,66.0,93.6
2026-01-10,NB1,P2,21.34,86.28,23.4,25.5,113.2,134.6
2026-01-11,NB1,P2,0.0,0.0,7.4,13.5,46.2,85.5
2026-01-12,NB1,P2,0.0,8.92,15.3,8.9,69.9,82.6
2026-01-13,NB1,P2,11.69,12.6,17.3,13.4,68.6,94.6
2026-01-14,NB1,P2,57.78,9.11,24.0,23.0,76.9,98.0
2026-01-15,NB1,P2,34.33,0.0,12.1,9.3,51.4,74.9
2026-01-16,NB1,P2,4.66,0.0,17.5,10.6,54.2,79.7
2026-01-17,NB1,P2,36.01,21.34,22.1,25.5,62.7,87.1
2026-01-18,NB1,P2,0.0,0.0,5.2,5.0,44.5,64.7
2026-01-19,NB1,P2,4.56,0.0,11.2,7.5,51.8,72.3
2026-01-20,NB1,P2,46.25,11.69,16.6,14.9,55.3,73.9
2026-01-21,NB1,P2,8.33,57.78,24.8,26.5,87.4,118.8
2026-01-22,NB1,P2,24.1,34.33,22.8,21.5,65.4,91.1
2026-01-23,NB1,P2,0.0,4.66,19.1,7.8,62.0,78.9
2026-01-24,NB1,P2,25.21,36.01,33.8,34.5,93.7,128.8
2026-01-25,NB1,P2,5.43,0.0,3.9,3.6,36.6,54.2
2026-01-26,NB1,P2,10.7,4.56,14.0,5.8,54.9,70.5
2026-01-27,NB1,P2,5.61,46.25,21.7,18.9,59.8,90.1
2026-01-28,NB1,P2,13.64,8.33,20.2,18.4,77.4,96.3
2026-01-29,NB1,P2,33.5,24.1,26.9,24.7,71.7,93.4
2026-01-30,NB1,P2,0.0,0.0,13.8,7.8,55.5,71.1
2026-01-31,NB1,P2,39.63,25.21,25.3,35.4,76.0,115.4
2026-02-01,NB1,P2,0.0,5.43,5.8,5.9,39.6,53.9
2026-02-02,NB1,P2,8.63,10.7,13.1,5.7,62.6,86.0
2026-02-03,NB1,P2,49.24,5.61,29.8,22.0,68.8,97.2
2026-02-04,NB1,P2,2.01,13.64,22.2,17.7,68.0,86.9
2026-02-05,NB1,P2,28.76,33.5,24.6,32.7,55.7,74.6
2026-02-06,NB1,P2,8.83,0.0,13.6,9.0,49.8,53.3
2026-02-07,NB1,P2,13.89,39.63,26.3,29.2,56.7,86.6
2026-02-08,NB1,P2,0.0,0.0,4.9,6.5,35.4,39.9
2026-02-09,NB1,P2,21.38,8.63,9.0,7.8,49.2,60.5
2026-02-10,NB1,P2,11.85,49.24,19.5,17.0,60.8,76.8
2026-02-11,NB1,P2,4.48,2.01,13.7,10.0,43.3,69.2
2026-02-12,NB1,P2,13.28,28.76,13.1,13.8,59.0,78.9
2026-02-13,NB1,P2,0.0,8.83,15.1,8.8,54.4,81.8
2026-02-14,NB1,P2,5.01,13.89,13.6,14.8,52.6,85.5
2026-02-15,NB1,P2,37.35,0.0,5.5,7.0,33.6,39.1
2026-02-16,NB1,P2,0.0,21.38,25.7,20.4,55.4,76.7
2026-02-17,NB1,P2,3.5,11.85,17.3,15.3,55.3,75.9
2026-02-18,NB1,P2,48.13,4.48,16.9,12.3,52.1,74.8
2026-02-19,NB1,P2,27.75,13.28,23.6,25.5,52.2,83.2
2026-02-20,NB1,P2,25.25,0.0,18.2,16.6,45.9,54.8
2026-02-21,NB1,P2,43.9,5.01,19.3,22.0,49.6,75.2
2026-02-22,NB1,P2,5.57,37.35,16.4,18.9,61.6,84.0
2026-02-23,NB1,P2,32.87,0.0,22.2,17.5,43.8,64.8
2026-02-24,NB1,P2,18.26,3.5,19.1,12.4,53.1,82.6
2026-02-25,NB1,P2,51.86,48.13,32.3,22.0,67.2,83.4
2026-02-26,NB1,P2,38.67,27.75,21.9,25.6,58.4,82.2
2026-02-27,NB1,P2,3.81,25.25,26.2,22.1,49.5,62.1
2026-02-28,NB1,P2,4.83,43.9,28.5,27.9,65.8,98.2
2026-03-01,NB1,P2,51.36,5.57,14.8,14.7,39.6,65.0
2026-03-02,NB1,P2,15.96,32.87,21.9,13.4,59.0,79.6
2026-03-03,NB1,P2,8.6,18.26,17.5,9.2,46.4,61.5
2026-03-04,NB1,P2,10.25,51.86,30.5,20.9,62.2,98.8
2026-03-05,NB1,P2,17.78,38.67,27.3,29.3,55.8,77.2
2026-03-06,NB1,P2,38.29,3.81,28.0,19.5,53.9,65.4
2026-03-07,NB1,P2,5.0,4.83,24.1,29.3,54.5,70.7
2026-03-08,NB1,P2,38.34,51.36,13.7,11.0,44.4,51.4
2026-03-09,NB1,P2,4.94,15.96,21.8,17.3,59.4,76.3
2026-03-10,NB1,P2,16.68,8.6,24.3,16.3,60.0,76.6
2026-03-11,NB1,P2,0.0,10.25,31.8,21.0,76.6,89.8
2026-03-12,NB1,P2,6.46,17.78,35.0,33.3,76.3,87.6
2026-03-13,NB1,P2,4.3,38.29,24.6,17.0,53.0,65.9
2026-03-14,NB1,P2,40.83,5.0,21.4,14.2,64.4,69.8
2026-03-15,NB1,P2,24.47,38.34,25.3,23.0,53.9,69.6
2026-03-16,NB1,P2,1.65,4.94,24.7,16.6,50.8,73.0
2026-03-17,NB1,P2,26.07,16.68,29.4,25.0,63.9,80.6
2026-03-18,NB1,P2,4.39,0.0,19.2,14.2,48.9,58.3
2026-03-19,NB1,P2,5.06,6.46,20.9,24.2,48.7,68.0
2026-03-20,NB1,P2,46.4,4.3,25.9,22.5,52.7,67.1
2026-03-21,NB1,P2,24.65,40.83,22.8,28.1,57.3,58.6
2026-03-22,NB1,P2,28.96,24.47,32.2,26.9,56.7,82.4
2026-03-23,NB1,P2,49.21,1.65,18.8,14.7,47.8,55.4
2026-03-24,NB1,P2,72.86,26.07,31.7,30.6,59.3,85.9
2026-03-25,NB1,P2,91.22,4.39,23.1,14.8,50.3,58.4
2026-03-26,NB1,P2,4.64,5.06,22.1,22.0,50.1,58.5
2026-03-27,NB1,P2,54.7,46.4,32.8,28.0,75.5,90.9
2026-03-28,NB1,P2,151.96,24.65,41.3,44.7,88.9,119.4
2026-03-29,NB1,P2,43.34,28.96,26.1,33.1,59.6,71.7
2026-03-30,NB1,P2,58.21,49.21,20.7,14.6,51.9,71.5
2026-03-31,NB1,P2,10.13,72.86,37.4,37.0,85.0,123.4
2026-04-01,NB1,P2,27.31,91.22,27.2,20.8,71.1,108.4
2026-04-02,NB1,P2,8.94,4.64,21.4,17.2,53.7,64.0
2026-04-03,NB1,P2,41.79,54.7,35.5,40.3,82.1,100.6
2026-04-04,NB1,P2,52.26,151.96,43.1,55.5,115.1,151.4
2026-04-05,NB1,P2,0.0,43.34,24.4,31.5,55.3,91.5
2026-04-06,NB1,P2,40.25,58.21,27.2,19.8,71.0,102.8
2026-04-07,NB1,P2,4.86,10.13,29.6,25.1,82.5,104.9
2026-04-08,NB1,P2,82.9,27.31,41.8,33.9,87.3,98.5
2026-04-09,NB1,P2,43.85,8.94,23.6,13.1,76.1,92.8
2026-04-10,NB1,P2,0.0,41.79,39.7,35.1,83.2,108.8
2026-04-11,NB1,P2,10.65,52.26,49.0,44.7,114.4,161.3
2026-04-12,NB1,P2,3.06,0.0,18.7,14.6,63.7,90.6
2026-04-13,NB1,P2,24.19,40.25,29.5,27.9,73.2,105.5
2026-04-14,NB1,P2,13.99,4.86,25.9,18.1,90.7,114.1
2026-04-15,NB1,P2,21.8,82.9,42.6,37.2,111.9,144.2
2026-04-16,NB1,P2,19.31,43.85,30.8,26.0,73.1,98.6
2026-04-17,NB1,P2,37.06,0.0,32.7,25.3,80.5,94.9
2026-04-18,NB1,P2,31.38,10.65,49.1,45.3,133.1,150.4
2026-04-19,NB1,P2,19.41,3.06,11.4,7.3,58.6,71.2
2026-04-20,NB1,P2,78.3,24.19,27.7,23.9,77.9,98.7
2026-04-21,NB1,P2,54.44,13.99,22.2,13.6,79.5,87.1
2026-04-22,NB1,P2,96.39,21.8,32.9,32.4,98.2,99.2
2026-04-23,NB1,P2,79.69,19.31,26.1,17.6,78.0,107.1
2026-04-24,NB1,P2,0.0,37.06,26.0,16.4,74.8,101.3
2026-04-25,NB1,P2,3.43,31.38,25.7,36.1,109.0,116.6
2026-04-26,NB1,P2,57.89,19.41,17.4,3.9,51.3,66.6
2026-04-27,NB1,P2,38.62,78.3,24.1,22.2,94.0,126.7
2026-04-28,NB1,P2,13.47,54.44,31.9,10.3,70.0,96.2
2026-04-29,NB1,P2,74.42,96.39,32.3,21.1,107.5,140.4
2026-04-30,NB1,P2,13.13,79.69,35.9,29.7,122.4,147.2
2025-10-01,NB1,P3,292.52,526.58,348.0,325.2,529.2,556.7
2025-10-02,NB1,P3,201.78,385.71,307.6,293.7,447.8,485.1
2025-10-03,NB1,P3,362.48,313.18,334.9,308.9,488.4,520.0
2025-10-04,NB1,P3,136.31,407.18,379.8,356.1,512.8,552.6
2025-10-05,NB1,P3,180.51,152.14,246.2,235.6,367.2,395.3
2025-10-06,NB1,P3,239.36,306.25,320.0,303.6,478.5,517.3
2025-10-07,NB1,P3,514.32,306.61,284.6,273.3,422.3,456.6
2025-10-08,NB1,P3,540.19,292.52,337.5,314.3,494.4,509.0
2025-10-09,NB1,P3,317.13,201.78,314.0,293.6,468.4,514.7
2025-10-10,NB1,P3,274.66,362.48,336.4,326.9,473.4,521.4
2025-10-11,NB1,P3,459.84,136.31,320.8,300.5,509.3,584.3
2025-10-12,NB1,P3,150.0,180.51,226.5,241.6,343.9,394.5
2025-10-13,NB1,P3,372.99,239.36,290.8,274.5,441.6,500.8
2025-10-14,NB1,P3,369.84,514.32,327.9,320.8,505.3,574.9
2025-10-15,NB1,P3,416.69,540.19,349.1,326.2,527.2,600.0
2025-10-16,NB1,P3,326.22,317.13,331.2,328.0,470.4,540.5
2025-10-17,NB1,P3,419.28,274.66,339.4,337.3,497.4,521.2
2025-10-18,NB1,P3,218.28,459.84,367.6,385.3,483.8,547.1
2025-10-19,NB1,P3,173.2,150.0,198.8,195.1,321.4,394.8
2025-10-20,NB1,P3,246.43,372.99,337.5,330.1,452.8,504.9
2025-10-21,NB1,P3,374.73,369.84,357.3,398.0,494.5,548.8
2025-10-22,NB1,P3,394.75,416.69,391.1,403.4,577.3,665.5
2025-10-23,NB1,P3,258.09,326.22,336.2,335.0,471.1,530.1
2025-10-24,NB1,P3,231.99,419.28,360.3,344.5,480.0,549.2
2025-10-25,NB1,P3,363.61,218.28,356.9,333.4,479.6,536.2
2025-10-26,NB1,P3,145.83,173.2,153.2,192.7,263.3,347.2
2025-10-27,NB1,P3,270.11,246.43,318.8,314.1,468.4,523.5
2025-10-28,NB1,P3,475.62,374.73,330.1,324.8,454.2,500.2
2025-10-29,NB1,P3,380.47,394.75,339.0,324.8,511.0,571.0
2025-10-30,NB1,P3,157.36,258.09,298.6,283.2,471.0,521.4
2025-10-31,NB1,P3,262.58,231.99,341.7,321.6,510.8,552.0
2025-11-01,NB1,P3,402.76,363.61,310.9,284.4,454.6,513.0
2025-11-02,NB1,P3,97.22,145.83,191.2,193.1,361.9,402.0
2025-11-03,NB1,P3,467.4,270.11,305.2,282.2,449.5,493.2
2025-11-04,NB1,P3,286.82,475.62,345.8,339.7,511.8,634.0
2025-11-05,NB1,P3,395.5,380.47,340.2,332.5,549.0,639.9
2025-11-06,NB1,P3,248.75,157.36,282.5,267.3,438.3,483.8
2025-11-07,NB1,P3,343.82,262.58,317.4,294.7,472.6,516.8
2025-11-08,NB1,P3,460.88,402.76,370.9,397.6,492.2,557.6
2025-11-09,NB1,P3,209.64,97.22,191.8,173.2,301.8,365.8
2025-11-10,NB1,P3,61.79,467.4,330.3,330.9,462.0,559.9
2025-11-11,NB1,P3,182.11,286.82,321.2,312.4,483.0,516.0
2025-11-12,NB1,P3,279.63,395.5,337.0,329.5,494.0,541.5
2025-11-13,NB1,P3,246.41,248.75,293.4,280.3,431.8,497.8
2025-11-14,NB1,P3,214.1,343.82,339.1,318.8,477.6,537.9
2025-11-15,NB1,P3,417.33,460.88,353.7,332.0,507.4,566.3
2025-11-16,NB1,P3,29.36,209.64,186.1,183.5,291.5,332.1
2025-11-17,NB1,P3,415.29,61.79,303.5,271.5,448.5,505.9
2025-11-18,NB1,P3,305.29,182.11,303.7,299.4,440.7,485.8
2025-11-19,NB1,P3,155.07,279.63,321.1,318.3,490.6,519.4
2025-11-20,NB1,P3,481.23,246.41,299.5,286.7,437.3,484.3
2025-11-21,NB1,P3,170.85,214.1,320.5,298.9,449.5,476.9
2025-11-22,NB1,P3,473.69,417.33,363.7,350.4,510.6,549.7
2025-11-23,NB1,P3,161.08,29.36,158.9,150.1,277.6,328.0
2025-11-24,NB1,P3,370.47,415.29,298.8,292.0,456.9,488.8
2025-11-25,NB1,P3,386.52,305.29,305.5,294.3,462.5,497.1
2025-11-26,NB1,P3,192.58,155.07,299.5,268.3,428.2,460.3
2025-11-27,NB1,P3,231.94,481.23,328.0,312.9,449.0,517.9
2025-11-28,NB1,P3,479.79,170.85,318.4,297.6,462.8,514.2
2025-11-29,NB1,P3,395.07,473.69,344.4,334.9,514.2,576.1
2025-11-30,NB1,P3,101.46,161.08,154.5,162.4,279.9,279.9
2025-12-01,NB1,P3,208.28,370.47,325.1,315.8,488.2,505.1
2025-12-02,NB1,P3,271.94,386.52,322.5,312.5,459.6,496.9
2025-12-03,NB1,P3,437.27,192.58,312.3,296.6,441.0,489.3
2025-12-04,NB1,P3,206.57,231.94,318.7,306.7,491.8,521.7
2025-12-05,NB1,P3,350.24,479.79,341.9,317.4,474.1,561.7
2025-12-06,NB1,P3,175.9,395.07,371.0,364.8,525.8,560.7
2025-12-07,NB1,P3,214.25,101.46,169.8,177.5,276.0,324.0
2025-12-08,NB1,P3,303.91,208.28,278.1,268.4,416.6,448.9
2025-12-09,NB1,P3,249.16,271.94,285.4,282.2,465.3,484.8
2025-12-10,NB1,P3,309.31,437.27,338.8,320.0,485.0,551.3
2025-12-11,NB1,P3,266.52,206.57,300.3,282.8,448.9,483.5
2025-12-12,NB1,P3,306.34,350.24,352.8,341.1,496.3,533.5
2025-12-13,NB1,P3,280.57,175.9,333.8,318.3,459.9,481.8
2025-12-14,NB1,P3,175.23,214.25,181.1,174.5,269.3,273.8
2025-12-15,NB1,P3,352.99,303.91,305.4,282.2,439.7,468.3
2025-12-16,NB1,P3,246.47,249.16,309.6,292.0,462.5,487.5
2025-12-17,NB1,P3,344.09,309.31,328.7,318.2,472.2,495.6
2025-12-18,NB1,P3,337.42,266.52,312.3,290.6,463.2,502.3
2025-12-19,NB1,P3,298.88,306.34,324.2,290.1,454.8,531.7
2025-12-20,NB1,P3,390.53,280.57,296.4,266.2,437.7,440.2
2025-12-21,NB1,P3,83.25,175.23,176.9,179.7,300.7,339.0
2025-12-22,NB1,P3,506.69,352.99,283.6,278.4,432.9,432.9
2025-12-23,NB1,P3,214.68,246.47,260.6,242.8,422.5,422.5
2025-12-24,NB1,P3,414.02,344.09,260.9,260.0,406.8,434.0
2025-12-25,NB1,P3,241.75,337.42,244.6,247.4,387.9,395.5
2025-12-26,NB1,P3,165.2,298.88,284.7,272.0,456.5,458.5
2025-12-27,NB1,P3,394.3,390.53,293.1,281.5,425.2,440.8
2025-12-28,NB1,P3,143.78,83.25,173.2,160.5,314.0,314.0
2025-12-29,NB1,P3,299.67,506.69,340.6,314.0,491.5,502.6
2025-12-30,NB1,P3,475.78,214.68,261.9,245.4,398.1,398.1
2025-12-31,NB1,P3,353.3,414.02,319.5,291.4,453.7,453.7
2026-01-01,NB1,P3,14.88,241.75,246.4,252.9,344.7,427.6
2026-01-02,NB1,P3,166.04,165.2,245.7,259.7,332.1,384.3
2026-01-03,NB1,P3,25.73,394.3,308.8,305.3,429.0,480.7
2026-01-04,NB1,P3,79.35,143.78,166.5,160.0,252.0,283.4
2026-01-05,NB1,P3,32.28,299.67,303.2,299.5,428.2,482.0
2026-01-06,NB1,P3,181.86,475.78,313.6,279.0,422.0,488.0
2026-01-07,NB1,P3,128.06,353.3,327.4,298.7,487.1,499.2
2026-01-08,NB1,P3,121.55,14.88,278.8,262.8,407.4,444.2
2026-01-09,NB1,P3,353.33,166.04,284.5,276.3,402.5,431.1
2026-01-10,NB1,P3,268.69,25.73,283.8,260.9,412.4,466.7
2026-01-11,NB1,P3,126.99,79.35,138.0,121.1,228.5,278.6
2026-01-12,NB1,P3,298.19,32.28,287.1,264.8,414.1,456.4
2026-01-13,NB1,P3,268.56,181.86,292.7,282.2,438.9,482.3
2026-01-14,NB1,P3,248.47,128.06,297.7,265.2,417.9,459.2
2026-01-15,NB1,P3,138.04,121.55,250.0,237.3,388.8,391.0
2026-01-16,NB1,P3,224.25,353.33,284.2,258.9,395.7,427.2
2026-01-17,NB1,P3,406.15,268.69,257.7,256.6,417.3,417.3
2026-01-18,NB1,P3,121.39,126.99,126.2,123.4,253.9,253.9
2026-01-19,NB1,P3,205.12,298.19,283.1,281.2,488.9,502.6
2026-01-20,NB1,P3,176.55,268.56,269.4,258.9,437.8,465.7
2026-01-21,NB1,P3,247.4,248.47,267.5,266.3,413.8,467.4
2026-01-22,NB1,P3,267.45,138.04,240.7,206.8,364.1,424.1
2026-01-23,NB1,P3,170.56,224.25,326.1,290.2,443.4,497.2
2026-01-24,NB1,P3,252.89,406.15,320.4,285.6,417.4,504.3
2026-01-25,NB1,P3,135.52,121.39,137.5,135.7,248.8,310.1
2026-01-26,NB1,P3,417.18,205.12,264.2,241.5,375.7,438.7
2026-01-27,NB1,P3,300.4,176.55,270.5,256.1,401.8,456.7
2026-01-28,NB1,P3,181.07,247.4,264.4,246.7,415.7,472.5
2026-01-29,NB1,P3,171.42,267.45,233.2,208.7,365.9,424.0
2026-01-30,NB1,P3,326.07,170.56,275.1,255.3,428.6,490.8
2026-01-31,NB1,P3,386.84,252.89,280.5,259.1,391.5,447.7
2026-02-01,NB1,P3,92.91,135.52,145.2,138.1,256.7,279.7
2026-02-02,NB1,P3,441.92,417.18,255.6,256.4,419.0,448.4
2026-02-03,NB1,P3,261.81,300.4,239.8,219.7,389.8,437.4
2026-02-04,NB1,P3,161.98,181.07,236.3,229.0,369.2,423.4
2026-02-05,NB1,P3,125.89,171.42,231.3,225.4,360.9,424.9
2026-02-06,NB1,P3,279.18,326.07,252.7,253.6,413.4,460.8
2026-02-07,NB1,P3,257.56,386.84,288.2,254.0,437.5,480.1
2026-02-08,NB1,P3,46.86,92.91,150.8,137.7,262.5,279.4
2026-02-09,NB1,P3,181.05,441.92,285.4,278.6,478.2,532.8
2026-02-10,NB1,P3,391.07,261.81,269.1,248.7,419.7,459.3
2026-02-11,NB1,P3,378.49,161.98,257.7,235.4,405.0,446.2
2026-02-12,NB1,P3,416.33,125.89,252.2,214.0,388.7,444.5
2026-02-13,NB1,P3,441.61,279.18,268.4,251.4,440.8,475.4
2026-02-14,NB1,P3,221.37,257.56,315.5,290.1,479.1,497.7
2026-02-15,NB1,P3,143.08,46.86,129.5,112.1,235.1,247.7
2026-02-16,NB1,P3,231.61,181.05,299.4,279.9,456.6,499.5
2026-02-17,NB1,P3,396.58,391.07,273.7,246.5,414.0,448.7
2026-02-18,NB1,P3,306.54,378.49,281.5,255.5,428.7,489.0
2026-02-19,NB1,P3,350.57,416.33,265.6,262.1,404.0,486.8
2026-02-20,NB1,P3,138.77,441.61,298.8,270.7,431.8,491.9
2026-02-21,NB1,P3,359.71,221.37,302.2,280.2,440.5,515.0
2026-02-22,NB1,P3,59.82,143.08,143.9,132.7,261.5,293.2
2026-02-23,NB1,P3,201.26,231.61,318.3,310.2,469.8,559.1
2026-02-24,NB1,P3,264.78,396.58,309.7,303.4,458.6,529.2
2026-02-25,NB1,P3,241.25,306.54,276.0,253.9,408.3,489.3
2026-02-26,NB1,P3,239.97,350.57,282.1,270.2,419.5,460.8
2026-02-27,NB1,P3,190.35,138.77,285.3,270.9,426.8,483.2
2026-02-28,NB1,P3,244.64,359.71,287.2,256.1,377.2,442.4
2026-03-01,NB1,P3,202.99,59.82,139.4,119.9,212.4,274.2
2026-03-02,NB1,P3,251.35,201.26,302.0,268.4,429.6,498.4
2026-03-03,NB1,P3,459.18,264.78,287.0,274.5,455.1,498.1
2026-03-04,NB1,P3,277.24,241.25,271.3,241.4,406.0,471.2
2026-03-05,NB1,P3,128.97,239.97,264.5,253.8,407.8,458.3
2026-03-06,NB1,P3,290.75,190.35,277.5,253.5,399.3,478.2
2026-03-07,NB1,P3,159.32,244.64,296.1,280.4,428.2,473.8
2026-03-08,NB1,P3,187.11,202.99,138.8,129.2,253.3,271.1
2026-03-09,NB1,P3,372.05,251.35,255.5,239.2,390.9,426.1
2026-03-10,NB1,P3,413.4,459.18,293.0,268.0,460.6,509.4
2026-03-11,NB1,P3,326.13,277.24,283.4,260.5,422.0,446.9
2026-03-12,NB1,P3,165.35,128.97,285.9,258.0,401.1,427.0
2026-03-13,NB1,P3,194.15,290.75,299.9,273.0,438.1,464.7
2026-03-14,NB1,P3,369.53,159.32,286.4,236.9,426.4,464.3
2026-03-15,NB1,P3,125.8,187.11,181.6,182.2,271.0,313.9
2026-03-16,NB1,P3,232.58,372.05,274.6,253.0,404.6,432.1
2026-03-17,NB1,P3,235.72,413.4,311.6,293.8,442.9,506.1
2026-03-18,NB1,P3,148.78,326.13,289.3,263.8,414.3,455.6
2026-03-19,NB1,P3,112.91,165.35,292.6,268.4,386.3,436.6
2026-03-20,NB1,P3,145.36,194.15,281.6,266.2,395.4,439.4
2026-03-21,NB1,P3,392.57,369.53,295.1,268.4,399.7,449.0
2026-03-22,NB1,P3,185.8,125.8,183.8,187.7,277.4,300.2
2026-03-23,NB1,P3,214.15,232.58,306.7,282.0,417.2,503.0
2026-03-24,NB1,P3,186.16,235.72,317.2,289.0,452.1,514.2
2026-03-25,NB1,P3,274.78,148.78,291.7,263.3,436.6,460.9
2026-03-26,NB1,P3,273.38,112.91,284.8,252.1,410.6,469.6
2026-03-27,NB1,P3,164.77,145.36,279.8,255.3,432.5,457.4
2026-03-28,NB1,P3,442.84,392.57,322.8,297.7,457.0,517.4
2026-03-29,NB1,P3,86.95,185.8,194.2,200.5,313.3,329.8
2026-03-30,NB1,P3,345.96,214.15,282.2,275.7,410.4,507.7
2026-03-31,NB1,P3,444.23,186.16,284.8,275.3,411.4,495.8
2026-04-01,NB1,P3,357.94,274.78,256.0,244.5,400.3,487.9
2026-04-02,NB1,P3,443.8,273.38,234.9,225.5,365.8,449.5
2026-04-03,NB1,P3,178.01,164.77,278.1,254.1,406.4,444.9
2026-04-04,NB1,P3,153.83,442.84,324.6,294.4,487.0,555.1
2026-04-05,NB1,P3,84.19,86.95,183.4,180.4,295.9,317.4
2026-04-06,NB1,P3,53.81,345.96,270.9,256.6,397.2,452.7
2026-04-07,NB1,P3,375.84,444.23,289.2,279.9,458.6,508.1
2026-04-08,NB1,P3,335.19,357.94,291.3,277.0,428.7,484.8
2026-04-09,NB1,P3,200.61,443.8,285.6,290.0,443.8,516.3
2026-04-10,NB1,P3,344.83,178.01,284.0,267.5,418.1,460.2
2026-04-11,NB1,P3,125.71,153.83,312.6,275.3,438.7,518.6
2026-04-12,NB1,P3,97.1,84.19,154.4,155.8,248.4,269.2
2026-04-13,NB1,P3,181.54,53.81,251.3,236.8,381.3,445.4
2026-04-14,NB1,P3,247.18,375.84,296.9,282.5,441.8,493.8
2026-04-15,NB1,P3,269.9,335.19,270.2,257.9,423.5,476.4
2026-04-16,NB1,P3,277.46,200.61,264.0,262.4,404.4,439.9
2026-04-17,NB1,P3,154.39,344.83,264.0,249.6,393.3,485.4
2026-04-18,NB1,P3,338.42,125.71,265.1,237.5,396.5,451.3
2026-04-19,NB1,P3,96.66,97.1,120.7,128.2,198.0,244.0
2026-04-20,NB1,P3,248.1,181.54,222.5,208.4,359.6,426.8
2026-04-21,NB1,P3,409.17,247.18,248.0,243.9,414.7,471.5
2026-04-22,NB1,P3,42.18,269.9,270.6,259.2,433.1,474.1
2026-04-23,NB1,P3,339.13,277.46,251.9,243.7,413.2,464.6
2026-04-24,NB1,P3,271.3,154.39,246.8,225.2,382.6,436.2
2026-04-25,NB1,P3,373.98,338.42,224.1,205.0,388.7,444.5
2026-04-26,NB1,P3,97.42,96.66,115.6,104.1,209.2,252.8
2026-04-27,NB1,P3,196.35,248.1,207.6,192.8,363.4,439.0
2026-04-28,NB1,P3,343.72,409.17,256.3,245.1,458.9,521.5
2026-04-29,NB1,P3,378.73,42.18,224.9,199.8,412.1,465.8
2026-04-30,NB1,P3,304.23,339.13,246.2,221.8,449.5,501.6
2025-10-01,NB2,P1,1901.85,1325.8,1527.0,1578.0,1823.1,1908.5
2025-10-02,NB2,P1,2070.67,1647.21,1599.4,1531.6,2079.7,2144.2
2025-10-03,NB2,P1,1997.63,2097.01,1829.7,1721.9,2311.4,2436.0
2025-10-04,NB2,P1,1016.28,803.06,1109.3,1083.2,1442.8,1539.1
2025-10-05,NB2,P1,718.82,988.62,736.5,778.4,1058.9,1190.8
2025-10-06,NB2,P1,1934.16,1472.99,1594.8,1580.7,1976.5,2073.8
2025-10-07,NB2,P1,1876.19,1768.84,1622.7,1556.1,2063.2,2160.8
2025-10-08,NB2,P1,2015.16,1901.85,1674.4,1681.0,2016.0,2197.6
2025-10-09,NB2,P1,2148.69,2070.67,1714.1,1735.3,2099.5,2279.4
2025-10-10,NB2,P1,1752.63,1997.63,1889.5,1845.9,2224.4,2376.6
2025-10-11,NB2,P1,1012.58,1016.28,1121.9,1117.9,1560.8,1597.7
2025-10-12,NB2,P1,824.81,718.82,662.1,668.6,911.4,1009.6
2025-10-13,NB2,P1,1407.47,1934.16,1752.4,1761.4,2106.1,2226.9
2025-10-14,NB2,P1,1526.8,1876.19,1738.3,1732.7,2065.0,2223.2
2025-10-15,NB2,P1,1570.22,2015.16,1791.9,1793.6,2135.5,2277.6
2025-10-16,NB2,P1,1772.51,2148.69,1842.8,1823.6,2278.0,2284.1
2025-10-17,NB2,P1,2017.65,1752.63,1859.1,1819.7,2157.4,2272.2
2025-10-18,NB2,P1,1034.81,1012.58,1032.3,1016.3,1423.8,1486.8
2025-10-19,NB2,P1,807.64,824.81,756.1,798.3,977.3,1111.8
2025-10-20,NB2,P1,1643.56,1407.47,1597.9,1610.9,2024.0,2105.5
2025-10-21,NB2,P1,1639.85,1526.8,1628.7,1631.8,2037.7,2091.2
2025-10-22,NB2,P1,1584.21,1570.22,1760.6,1709.3,2042.5,2146.2
2025-10-23,NB2,P1,1384.88,1772.51,1832.5,1791.9,2175.2,2249.5
2025-10-24,NB2,P1,2153.41,2017.65,1846.9,1819.9,2215.9,2370.7
2025-10-25,NB2,P1,910.97,1034.81,1029.2,993.6,1361.9,1487.8
2025-10-26,NB2,P1,718.52,807.64,820.3,837.4,1052.9,1114.5
2025-10-27,NB2,P1,1111.51,1643.56,1657.2,1725.2,2071.6,2168.8
2025-10-28,NB2,P1,2020.93,1639.85,1683.5,1702.7,2052.8,2167.3
2025-10-29,NB2,P1,2193.29,1584.21,1731.5,1712.5,1983.4,2074.5
2025-10-30,NB2,P1,1604.71,1384.88,1749.3,1675.8,2093.7,2209.4
2025-10-31,NB2,P1,1359.87,2153.41,1896.8,1929.1,2289.8,2316.1
2025-11-01,NB2,P1,1277.92,910.97,1019.0,1017.5,1336.0,1469.7
2025-11-02,NB2,P1,574.86,718.52,707.4,753.8,959.4,1142.7
2025-11-03,NB2,P1,1737.74,1111.51,1531.8,1512.8,1871.0,2047.2
2025-11-04,NB2,P1,1588.83,2020.93,1749.2,1811.8,2107.5,2270.4
2025-11-05,NB2,P1,1490.95,2193.29,1784.8,1773.6,2227.6,2322.4
2025-11-06,NB2,P1,2572.61,1604.71,1756.5,1744.1,2072.3,2264.1
2025-11-07,NB2,P1,1402.47,1359.87,1811.4,1770.2,2095.6,2095.6
2025-11-08,NB2,P1,797.13,1277.92,1083.6,1148.6,1511.8,1554.5
2025-11-09,NB2,P1,453.29,574.86,688.4,718.6,895.2,976.4
2025-11-10,NB2,P1,1912.56,1737.74,1593.3,1633.9,2024.5,2148.2
2025-11-11,NB2,P1,1723.71,1588.83,1720.4,1716.7,2049.9,2188.2
2025-11-12,NB2,P1,1781.48,1490.95,1674.3,1715.0,2078.3,2103.8
2025-11-13,NB2,P1,1209.61,2572.61,1897.5,1768.2,2969.8,2969.8
2025-11-14,NB2,P1,2068.93,1402.47,1672.5,1632.8,1897.7,2053.2
2025-11-15,NB2,P1,1058.25,797.13,1014.9,961.8,1356.2,1362.5
2025-11-16,NB2,P1,775.33,453.29,659.2,632.0,829.7,889.2
2025-11-17,NB2,P1,1151.42,1912.56,1716.0,1683.0,2125.9,2246.9
2025-11-18,NB2,P1,1984.55,1723.71,1691.7,1716.8,2093.1,2217.6
2025-11-19,NB2,P1,1758.21,1781.48,1740.8,1761.9,2099.1,2174.0
2025-11-20,NB2,P1,1212.01,1209.61,1595.5,1621.3,2154.4,2209.7
2025-11-21,NB2,P1,1671.85,2068.93,1749.2,1857.6,2202.6,2324.4
2025-11-22,NB2,P1,1625.38,1058.25,1014.4,1026.1,1363.6,1476.9
2025-11-23,NB2,P1,1032.24,775.33,667.8,620.1,903.2,1033.4
2025-11-24,NB2,P1,2066.54,1151.42,1548.4,1540.4,1917.4,2039.1
2025-11-25,NB2,P1,1449.12,1984.55,1751.1,1751.8,2210.5,2324.2
2025-11-26,NB2,P1,1212.31,1758.21,1779.4,1856.0,2175.6,2358.4
2025-11-27,NB2,P1,2042.16,1212.01,1626.0,1558.1,1847.5,2035.1
2025-11-28,NB2,P1,1565.43,1671.85,1733.1,1829.4,2135.8,2239.4
2025-11-29,NB2,P1,1191.34,1625.38,1259.3,1195.1,1761.9,1884.5
2025-11-30,NB2,P1,1045.55,1032.24,776.7,762.7,1046.7,1212.4
2025-12-01,NB2,P1,1550.66,2066.54,1672.0,1729.6,2146.1,2245.6
2025-12-02,NB2,P1,2155.65,1449.12,1711.9,1682.0,2068.2,2101.0
2025-12-03,NB2,P1,1551.12,1212.31,1593.6,1577.1,1981.6,2068.2
2025-12-04,NB2,P1,1662.66,2042.16,1771.3,1749.1,2197.8,2379.4
2025-12-05,NB2,P1,1485.84,1565.43,1726.5,1735.7,2025.4,2105.9
2025-12-06,NB2,P1,1037.49,1191.34,1086.4,1189.2,1485.5,1586.6
2025-12-07,NB2,P1,490.79,1045.55,850.9,836.7,1163.5,1278.4
2025-12-08,NB2,P1,1328.55,1550.66,1606.5,1601.9,2065.5,2091.0
2025-12-09,NB2,P1,1671.78,2155.65,1720.0,1782.1,2183.9,2234.6
2025-12-10,NB2,P1,1976.68,1551.12,1612.2,1620.3,1928.4,2024.7
2025-12-11,NB2,P1,1758.85,1662.66,1674.3,1647.7,2019.1,2181.6
2025-12-12,NB2,P1,1757.85,1485.84,1709.7,1771.1,1941.2,2135.2
2025-12-13,NB2,P1,1132.14,1037.49,1157.0,1155.5,1521.4,1638.2
2025-12-14,NB2,P1,660.47,490.79,785.4,729.4,1162.5,1231.2
2025-12-15,NB2,P1,1760.3,1328.55,1589.6,1621.0,1832.8,1927.3
2025-12-16,NB2,P1,1716.28,1671.78,1755.7,1800.5,2141.2,2250.7
2025-12-17,NB2,P1,2300.51,1976.68,1764.1,1717.4,2062.2,2241.9
2025-12-18,NB2,P1,1479.97,1758.85,1691.4,1688.3,2060.0,2187.9
2025-12-19,NB2,P1,2208.28,1757.85,1796.0,1827.4,2081.6,2178.0
2025-12-20,NB2,P1,1087.86,1132.14,1041.0,1025.7,1290.8,1420.9
2025-12-21,NB2,P1,589.32,660.47,671.8,593.8,894.1,1037.9
2025-12-22,NB2,P1,1517.04,1760.3,1251.1,1389.5,1911.9,2079.7
2025-12-23,NB2,P1,1322.45,1716.28,1202.3,1254.1,1861.7,1991.6
2025-12-24,NB2,P1,856.81,2300.51,823.6,1254.4,2088.2,2445.0
2025-12-25,NB2,P1,483.59,1479.97,915.1,1087.3,1882.7,2005.5
2025-12-26,NB2,P1,799.76,2208.28,1015.4,1277.0,2010.3,2137.5
2025-12-27,NB2,P1,1039.11,1087.86,865.4,809.9,1286.2,1435.2
2025-12-28,NB2,P1,772.69,589.32,623.8,515.2,698.2,876.0
2025-12-29,NB2,P1,1600.67,1517.04,1328.9,1388.6,1865.8,1917.7
2025-12-30,NB2,P1,1171.88,1322.45,1129.8,1266.2,1860.2,1986.0
2025-12-31,NB2,P1,1352.39,856.81,959.0,1045.9,1809.4,1836.7
2026-01-01,NB2,P1,209.22,483.59,912.7,912.3,1445.4,1583.7
2026-01-02,NB2,P1,744.2,799.76,1165.0,1198.8,1699.8,1787.0
2026-01-03,NB2,P1,505.35,1039.11,953.1,916.3,1085.0,1303.0
2026-01-04,NB2,P1,594.7,772.69,511.2,468.0,656.4,884.1
2026-01-05,NB2,P1,1226.2,1600.67,1694.3,1822.1,1993.1,2134.3
2026-01-06,NB2,P1,1639.39,1171.88,1570.3,1620.3,1805.6,1944.4
2026-01-07,NB2,P1,1279.56,1352.39,1672.6,1582.8,1915.2,2081.8
2026-01-08,NB2,P1,1410.48,209.22,1295.8,1016.6,1700.4,1709.5
2026-01-09,NB2,P1,1434.94,744.2,1319.5,1271.3,1667.4,1867.7
2026-01-10,NB2,P1,1184.77,505.35,901.5,854.7,1234.5,1282.0
2026-01-11,NB2,P1,827.05,594.7,662.1,671.7,872.3,977.0
2026-01-12,NB2,P1,1515.24,1226.2,1563.5,1598.0,1837.5,2006.9
2026-01-13,NB2,P1,2023.61,1639.39,1571.0,1570.9,2079.5,2204.2
2026-01-14,NB2,P1,1699.54,1279.56,1590.9,1667.9,2005.8,2170.2
2026-01-15,NB2,P1,1500.11,1410.48,1263.5,1138.0,1609.5,1884.3
2026-01-16,NB2,P1,1583.81,1434.94,1453.9,1313.7,1834.7,2061.4
2026-01-17,NB2,P1,1038.56,1184.77,1056.5,1010.3,1461.2,1553.8
2026-01-18,NB2,P1,571.37,827.05,693.6,674.2,905.6,1035.7
2026-01-19,NB2,P1,1337.58,1515.24,1550.8,1522.3,1892.0,2017.3
2026-01-20,NB2,P1,1554.56,2023.61,1645.8,1642.2,2037.8,2230.8
2026-01-21,NB2,P1,1316.51,1699.54,1495.7,1473.4,1984.0,2077.2
2026-01-22,NB2,P1,1760.66,1500.11,1375.1,1289.2,1682.8,1798.1
2026-01-23,NB2,P1,1970.09,1583.81,1502.6,1352.3,1848.3,1927.0
2026-01-24,NB2,P1,749.33,1038.56,1014.1,1027.1,1323.3,1406.9
2026-01-25,NB2,P1,640.55,571.37,706.6,722.9,946.5,1016.4
2026-01-26,NB2,P1,1824.18,1337.58,1533.4,1521.5,1850.1,2001.8
2026-01-27,NB2,P1,1600.5,1554.56,1632.8,1583.6,2035.1,2083.1
2026-01-28,NB2,P1,1636.64,1316.51,1513.6,1477.3,1946.3,2031.3
2026-01-29,NB2,P1,1748.63,1760.66,1519.5,1462.1,1966.7,2038.1
2026-01-30,NB2,P1,2108.13,1970.09,1618.4,1541.0,2091.2,2194.6
2026-01-31,NB2,P1,985.71,749.33,895.3,836.1,1210.5,1291.5
2026-02-01,NB2,P1,719.58,640.55,630.8,603.4,845.6,930.0
2026-02-02,NB2,P1,1939.02,1824.18,1563.8,1493.8,2039.1,2096.5
2026-02-03,NB2,P1,1801.52,1600.5,1619.8,1619.6,2066.1,2169.9
2026-02-04,NB2,P1,1747.74,1636.64,1569.3,1574.3,2060.3,2170.0
2026-02-05,NB2,P1,1188.35,1748.63,1630.6,1585.8,2105.2,2238.1
2026-02-06,NB2,P1,1873.91,2108.13,1710.9,1697.7,2193.8,2262.0
2026-02-07,NB2,P1,1118.5,985.71,994.4,990.8,1341.6,1456.1
2026-02-08,NB2,P1,830.46,719.58,671.1,695.7,869.3,974.1
2026-02-09,NB2,P1,1657.66,1939.02,1653.9,1679.9,2151.6,2266.1
2026-02-10,NB2,P1,1551.96,1801.52,1732.9,1694.4,2117.1,2261.4
2026-02-11,NB2,P1,1262.18,1747.74,1680.4,1672.0,2090.7,2220.2
2026-02-12,NB2,P1,1505.53,1188.35,1518.9,1552.7,2002.9,2077.1
2026-02-13,NB2,P1,1711.37,1873.91,1781.3,1761.8,2173.8,2246.1
2026-02-14,NB2,P1,720.65,1118.5,956.4,966.5,1347.3,1357.5
2026-02-15,NB2,P1,650.02,830.46,661.1,681.1,904.5,960.6
2026-02-16,NB2,P1,1386.29,1657.66,1652.4,1639.0,2088.8,2212.7
2026-02-17,NB2,P1,1862.54,1551.96,1617.3,1676.1,2089.7,2097.4
2026-02-18,NB2,P1,1176.92,1262.18,1497.3,1503.2,1960.7,2029.1
2026-02-19,NB2,P1,1232.7,1505.53,1510.6,1511.9,1823.2,1987.0
2026-02-20,NB2,P1,1535.29,1711.37,1709.0,1637.6,2134.0,2261.7
2026-02-21,NB2,P1,863.87,720.65,889.2,840.9,1217.4,1259.3
2026-02-22,NB2,P1,704.28,650.02,682.4,710.0,931.4,972.0
2026-02-23,NB2,P1,2003.22,1386.29,1652.8,1688.2,1980.1,2069.0
2026-02-24,NB2,P1,1431.86,1862.54,1640.7,1604.5,2037.3,2236.8
2026-02-25,NB2,P1,1911.98,1176.92,1482.9,1504.0,1796.5,1957.6
2026-02-26,NB2,P1,1985.99,1232.7,1440.7,1457.6,1703.9,1880.3
2026-02-27,NB2,P1,1482.53,1535.29,1607.7,1614.1,2054.9,2153.6
2026-02-28,NB2,P1,1157.55,863.87,907.2,880.3,1214.6,1298.5
2026-03-01,NB2,P1,895.42,704.28,692.9,722.5,930.8,1029.1
2026-03-02,NB2,P1,1935.83,2003.22,1591.9,1548.1,2104.3,2215.7
2026-03-03,NB2,P1,1830.76,1431.86,1589.5,1678.4,2025.4,2091.3
2026-03-04,NB2,P1,1833.03,1911.98,1474.2,1483.5,2023.8,2197.3
2026-03-05,NB2,P1,1311.64,1985.99,1574.9,1614.2,2030.2,2217.8
2026-03-06,NB2,P1,1376.09,1482.53,1625.3,1747.2,1926.8,1999.3
2026-03-07,NB2,P1,962.89,1157.55,991.2,973.3,1345.9,1384.3
2026-03-08,NB2,P1,1160.62,895.42,752.5,779.7,959.7,1092.1
2026-03-09,NB2,P1,2605.99,1935.83,1682.8,1773.2,2080.3,2246.8
2026-03-10,NB2,P1,1669.43,1830.76,1672.0,1792.7,2026.8,2120.7
2026-03-11,NB2,P1,1135.79,1833.03,1664.8,1674.2,1994.1,2177.2
2026-03-12,NB2,P1,1779.79,1311.64,1612.5,1608.7,1954.5,2029.7
2026-03-13,NB2,P1,1319.76,1376.09,1603.4,1622.5,1849.6,1946.5
2026-03-14,NB2,P1,855.4,962.89,964.0,1007.6,1296.5,1373.3
2026-03-15,NB2,P1,964.54,1160.62,792.0,865.7,1149.9,1173.2
2026-03-16,NB2,P1,1551.39,2605.99,1949.1,1834.1,2961.8,2961.8
2026-03-17,NB2,P1,1296.03,1669.43,1677.7,1756.6,2078.6,2230.4
2026-03-18,NB2,P1,1685.06,1135.79,1517.7,1528.7,1891.5,2037.1
2026-03-19,NB2,P1,1285.76,1779.79,1676.4,1696.6,2008.1,2127.8
2026-03-20,NB2,P1,1835.71,1319.76,1609.8,1589.7,1816.2,1985.1
2026-03-21,NB2,P1,1175.04,855.4,983.6,945.1,1206.3,1294.6
2026-03-22,NB2,P1,1014.82,964.54,854.2,941.0,1135.7,1290.3
2026-03-23,NB2,P1,1701.18,1551.39,1797.7,1868.4,2359.1,2366.4
2026-03-24,NB2,P1,1808.02,1296.03,1552.7,1580.4,1961.5,2068.7
2026-03-25,NB2,P1,1820.37,1685.06,1644.0,1635.6,2079.4,2177.5
2026-03-26,NB2,P1,1459.85,1285.76,1654.7,1649.1,2005.1,2098.2
2026-03-27,NB2,P1,1237.5,1835.71,1732.1,1825.7,2043.0,2150.1
2026-03-28,NB2,P1,920.23,1175.04,1038.3,990.2,1341.7,1417.0
2026-03-29,NB2,P1,665.6,1014.82,966.2,982.7,1218.1,1375.6
2026-03-30,NB2,P1,1429.43,1701.18,1790.9,1843.2,2078.2,2191.8
2026-03-31,NB2,P1,1604.63,1808.02,1663.5,1675.1,2024.0,2136.2
2026-04-01,NB2,P1,1916.53,1820.37,1771.6,1698.0,2021.7,2165.7
2026-04-02,NB2,P1,1458.92,1459.85,1473.9,1561.3,1760.1,1879.9
2026-04-03,NB2,P1,1419.2,1237.5,1586.3,1569.8,1955.9,2009.2
2026-04-04,NB2,P1,1059.01,920.23,988.9,1046.6,1310.6,1400.7
2026-04-05,NB2,P1,459.2,665.6,870.8,854.1,1029.4,1210.4
2026-04-06,NB2,P1,925.45,1429.43,1646.4,1722.4,2082.0,2251.7
2026-04-07,NB2,P1,1389.39,1604.63,1640.6,1731.4,2012.5,2155.7
2026-04-08,NB2,P1,1444.44,1916.53,1681.5,1752.0,2071.9,2205.2
2026-04-09,NB2,P1,1483.57,1458.92,1585.8,1663.8,1796.1,1964.8
2026-04-10,NB2,P1,1351.93,1419.2,1545.5,1542.3,1812.5,1938.5
2026-04-11,NB2,P1,871.19,1059.01,981.1,982.2,1321.5,1431.6
2026-04-12,NB2,P1,1031.66,459.2,764.4,696.6,971.0,1075.6
2026-04-13,NB2,P1,1495.26,925.45,1393.2,1409.3,1780.6,1926.8
2026-04-14,NB2,P1,1468.97,1389.39,1566.8,1587.7,1809.8,1987.0
2026-04-15,NB2,P1,1402.18,1444.44,1636.8,1658.4,2017.7,2042.6
2026-04-16,NB2,P1,1350.52,1483.57,1484.5,1617.4,1781.7,1928.3
2026-04-17,NB2,P1,1173.5,1351.93,1614.7,1647.7,1788.2,1957.7
2026-04-18,NB2,P1,745.84,871.19,968.0,970.8,1218.2,1316.1
2026-04-19,NB2,P1,764.19,1031.66,714.0,773.0,1133.2,1199.3
2026-04-20,NB2,P1,1318.3,1495.26,1451.5,1488.1,1791.4,1959.8
2026-04-21,NB2,P1,1277.14,1468.97,1508.0,1644.2,1828.3,1948.1
2026-04-22,NB2,P1,1208.74,1402.18,1644.5,1711.2,1807.5,1975.7
2026-04-23,NB2,P1,1384.04,1350.52,1492.8,1537.1,1810.6,1929.2
2026-04-24,NB2,P1,1927.76,1173.5,1428.1,1364.8,1780.3,1928.8
2026-04-25,NB2,P1,1225.09,745.84,788.7,833.9,1206.2,1291.8
2026-04-26,NB2,P1,385.88,764.19,638.3,669.5,991.8,1065.2
2026-04-27,NB2,P1,529.43,1318.3,1286.5,1408.7,1735.2,1838.8
2026-04-28,NB2,P1,2019.3,1277.14,1355.6,1497.6,1790.7,1932.2
2026-04-29,NB2,P1,1264.12,1208.74,1306.3,1458.9,1804.0,1889.2
2026-04-30,NB2,P1,1725.49,1384.04,1224.6,1343.5,1750.9,1861.6
2025-10-01,NB2,P2,512.88,446.96,417.8,420.6,567.4,621.3
2025-10-02,NB2,P2,290.4,443.52,418.1,428.0,572.9,633.4
2025-10-03,NB2,P2,171.95,604.87,482.2,458.5,684.7,776.6
2025-10-04,NB2,P2,426.61,284.91,407.5,433.0,562.3,615.9
2025-10-05,NB2,P2,349.58,519.43,393.9,412.0,470.8,557.6
2025-10-06,NB2,P2,272.37,243.49,349.8,355.3,520.0,567.5
2025-10-07,NB2,P2,219.97,410.82,406.5,412.1,540.4,646.2
2025-10-08,NB2,P2,440.44,512.88,437.0,459.6,586.3,661.9
2025-10-09,NB2,P2,222.95,290.4,409.4,397.0,569.9,623.4
2025-10-10,NB2,P2,383.25,171.95,412.2,429.4,626.7,682.5
2025-10-11,NB2,P2,336.23,426.61,417.5,424.9,586.2,694.0
2025-10-12,NB2,P2,323.07,349.58,323.1,326.5,474.4,523.3
2025-10-13,NB2,P2,510.59,272.37,373.0,385.1,567.4,639.4
2025-10-14,NB2,P2,264.59,219.97,361.4,369.0,523.1,580.4
2025-10-15,NB2,P2,323.04,440.44,409.8,413.0,547.9,605.7
2025-10-16,NB2,P2,621.87,222.95,377.6,379.0,534.9,589.1
2025-10-17,NB2,P2,393.18,383.25,388.1,392.0,550.9,611.7
2025-10-18,NB2,P2,489.23,336.23,402.2,389.8,559.0,598.3
2025-10-19,NB2,P2,106.51,323.07,328.3,319.1,435.9,511.6
2025-10-20,NB2,P2,219.62,510.59,404.9,404.6,524.2,612.3
2025-10-21,NB2,P2,251.19,264.59,362.0,359.3,547.2,582.1
2025-10-22,NB2,P2,425.2,323.04,419.8,428.3,576.8,625.8
2025-10-23,NB2,P2,250.41,621.87,431.1,423.8,615.8,676.8
2025-10-24,NB2,P2,407.88,393.18,440.4,440.0,603.7,681.9
2025-10-25,NB2,P2,425.08,489.23,420.5,409.0,545.0,621.9
2025-10-26,NB2,P2,380.67,106.51,338.6,313.4,483.7,572.9
2025-10-27,NB2,P2,444.45,219.62,371.9,384.1,546.5,589.3
2025-10-28,NB2,P2,514.77,251.19,363.3,380.7,510.4,553.2
2025-10-29,NB2,P2,296.01,425.2,406.1,422.7,590.8,684.3
2025-10-30,NB2,P2,452.19,250.41,380.8,401.7,550.7,608.1
2025-10-31,NB2,P2,421.59,407.88,422.1,411.2,563.6,606.5
2025-11-01,NB2,P2,114.94,425.08,421.4,426.6,573.8,640.4
2025-11-02,NB2,P2,229.34,380.67,319.3,342.0,448.5,522.0
2025-11-03,NB2,P2,405.7,444.45,372.9,376.8,528.6,609.8
2025-11-04,NB2,P2,304.4,514.77,394.3,395.9,502.1,597.6
2025-11-05,NB2,P2,523.16,296.01,404.0,402.4,563.9,617.7
2025-11-06,NB2,P2,451.27,452.19,400.2,403.4,529.0,601.0
2025-11-07,NB2,P2,405.57,421.59,421.0,418.3,600.0,643.9
2025-11-08,NB2,P2,409.22,114.94,366.3,355.9,526.5,602.1
2025-11-09,NB2,P2,372.38,229.34,274.1,270.0,446.4,499.1
2025-11-10,NB2,P2,124.36,405.7,397.8,430.1,623.7,698.0
2025-11-11,NB2,P2,501.64,304.4,373.5,385.6,516.3,571.1
2025-11-12,NB2,P2,389.24,523.16,395.1,392.8,569.0,629.9
2025-11-13,NB2,P2,389.43,451.27,417.3,434.3,608.6,714.8
2025-11-14,NB2,P2,364.19,405.57,404.2,407.0,564.6,616.0
2025-11-15,NB2,P2,407.03,409.22,391.4,410.3,557.2,595.4
2025-11-16,NB2,P2,205.98,372.38,287.2,288.0,415.6,463.2
2025-11-17,NB2,P2,302.87,124.36,347.8,322.8,528.4,588.0
2025-11-18,NB2,P2,350.31,501.64,366.5,361.5,512.7,592.7
2025-11-19,NB2,P2,398.21,389.24,399.9,422.4,566.7,589.1
2025-11-20,NB2,P2,343.59,389.43,415.3,421.0,557.1,620.3
2025-11-21,NB2,P2,583.4,364.19,407.5,416.6,555.3,618.9
2025-11-22,NB2,P2,601.24,407.03,391.8,400.8,547.4,576.8
2025-11-23,NB2,P2,103.56,205.98,305.3,317.1,415.8,477.6
2025-11-24,NB2,P2,318.23,302.87,367.0,359.1,558.0,565.1
2025-11-25,NB2,P2,420.45,350.31,403.8,417.2,587.6,668.7
2025-11-26,NB2,P2,369.31,398.21,395.3,395.5,551.0,611.2
2025-11-27,NB2,P2,443.94,343.59,397.5,399.3,568.8,620.7
2025-11-28,NB2,P2,445.36,583.4,415.9,399.3,586.8,654.1
2025-11-29,NB2,P2,412.72,601.24,429.8,420.5,581.1,656.1
2025-11-30,NB2,P2,218.06,103.56,290.0,271.6,425.7,455.6
2025-12-01,NB2,P2,297.93,318.23,356.0,347.0,512.7,558.9
2025-12-02,NB2,P2,345.37,420.45,373.9,365.8,523.5,592.8
2025-12-03,NB2,P2,458.42,369.31,389.6,409.9,595.0,665.8
2025-12-04,NB2,P2,273.58,443.94,387.2,394.2,518.5,597.9
2025-12-05,NB2,P2,212.22,445.36,430.8,429.9,598.6,651.9
2025-12-06,NB2,P2,485.86,412.72,429.9,424.6,571.3,623.8
2025-12-07,NB2,P2,193.85,218.06,274.9,286.8,374.5,417.0
2025-12-08,NB2,P2,319.41,297.93,366.4,375.8,492.9,540.7
2025-12-09,NB2,P2,360.84,345.37,390.8,401.7,597.9,661.3
2025-12-10,NB2,P2,234.21,458.42,378.6,371.4,535.7,597.4
2025-12-11,NB2,P2,313.89,273.58,386.5,399.0,575.1,603.7
2025-12-12,NB2,P2,311.16,212.22,429.7,456.7,567.8,641.4
2025-12-13,NB2,P2,264.41,485.86,420.7,410.7,581.6,656.2
2025-12-14,NB2,P2,219.67,193.85,210.1,229.1,345.7,399.7
2025-12-15,NB2,P2,511.57,319.41,353.5,339.8,497.4,556.6
2025-12-16,NB2,P2,349.12,360.84,364.8,352.2,505.4,565.7
2025-12-17,NB2,P2,236.93,234.21,374.3,382.6,548.1,592.1
2025-12-18,NB2,P2,389.96,313.89,372.7,357.5,506.6,584.7
2025-12-19,NB2,P2,773.97,311.16,443.1,455.3,610.7,684.3
2025-12-20,NB2,P2,428.55,264.41,338.2,343.7,526.6,602.4
2025-12-21,NB2,P2,226.12,219.67,204.0,223.7,332.4,358.4
2025-12-22,NB2,P2,537.13,511.57,364.5,359.6,524.1,553.8
2025-12-23,NB2,P2,95.51,349.12,336.1,354.5,500.2,513.1
2025-12-24,NB2,P2,533.49,236.93,260.2,303.3,449.8,481.8
2025-12-25,NB2,P2,98.25,389.96,322.9,359.9,487.5,509.6
2025-12-26,NB2,P2,165.16,773.97,322.3,403.8,665.0,722.2
2025-12-27,NB2,P2,138.93,428.55,325.2,345.8,459.6,534.1
2025-12-28,NB2,P2,223.26,226.12,220.6,222.8,345.3,411.9
2025-12-29,NB2,P2,365.08,537.13,396.0,388.8,522.9,560.5
2025-12-30,NB2,P2,375.24,95.51,304.6,280.6,478.1,482.5
2025-12-31,NB2,P2,262.54,533.49,367.0,371.1,481.0,560.1
2026-01-01,NB2,P2,151.39,98.25,259.2,285.8,391.3,469.0
2026-01-02,NB2,P2,103.39,165.16,289.8,331.2,516.3,578.9
2026-01-03,NB2,P2,150.03,138.93,295.9,278.2,442.5,489.4
2026-01-04,NB2,P2,152.8,223.26,228.3,236.9,313.1,361.7
2026-01-05,NB2,P2,423.0,365.08,371.4,385.7,515.1,564.5
2026-01-06,NB2,P2,210.84,375.24,343.5,357.9,560.9,560.9
2026-01-07,NB2,P2,323.31,262.54,342.4,356.0,528.5,547.0
2026-01-08,NB2,P2,385.55,151.39,322.2,288.3,557.1,557.1
2026-01-09,NB2,P2,122.16,103.39,360.6,321.0,528.3,581.1
2026-01-10,NB2,P2,186.06,150.03,308.1,246.3,483.1,518.2
2026-01-11,NB2,P2,300.1,152.8,249.3,218.2,364.7,411.0
2026-01-12,NB2,P2,348.63,423.0,373.5,351.2,570.5,651.5
2026-01-13,NB2,P2,218.93,210.84,290.5,285.2,433.3,463.4
2026-01-14,NB2,P2,297.54,323.31,324.9,310.4,467.8,506.5
2026-01-15,NB2,P2,195.22,385.55,315.9,302.5,493.5,500.8
2026-01-16,NB2,P2,410.22,122.16,350.6,287.5,605.1,636.5
2026-01-17,NB2,P2,492.32,186.06,319.4,297.4,442.8,485.1
2026-01-18,NB2,P2,118.65,300.1,223.3,223.8,334.4,380.6
2026-01-19,NB2,P2,208.41,348.63,359.1,345.8,551.7,619.0
2026-01-20,NB2,P2,380.0,218.93,281.1,266.2,412.3,457.3
2026-01-21,NB2,P2,297.92,297.54,340.1,335.0,505.0,585.3
2026-01-22,NB2,P2,473.43,195.22,293.2,285.2,427.0,481.8
2026-01-23,NB2,P2,357.29,410.22,329.8,313.6,470.9,470.9
2026-01-24,NB2,P2,526.94,492.32,347.2,313.5,448.6,493.0
2026-01-25,NB2,P2,104.08,118.65,252.9,212.1,348.2,375.5
2026-01-26,NB2,P2,279.14,208.41,311.4,296.1,445.7,514.4
2026-01-27,NB2,P2,452.98,380.0,296.9,289.0,420.0,456.4
2026-01-28,NB2,P2,350.75,297.92,313.2,310.1,440.4,481.7
2026-01-29,NB2,P2,221.09,473.43,315.8,291.5,447.0,498.7
2026-01-30,NB2,P2,125.88,357.29,329.8,313.3,428.6,464.8
2026-01-31,NB2,P2,410.56,526.94,371.8,357.8,517.6,604.4
2026-02-01,NB2,P2,245.07,104.08,225.4,176.5,334.2,364.2
2026-02-02,NB2,P2,244.61,279.14,314.5,298.7,472.6,495.3
2026-02-03,NB2,P2,343.76,452.98,324.2,321.4,487.1,520.8
2026-02-04,NB2,P2,236.49,350.75,307.1,290.7,447.0,465.1
2026-02-05,NB2,P2,265.87,221.09,332.5,321.8,477.9,521.1
2026-02-06,NB2,P2,280.82,125.88,305.5,263.2,441.8,507.2
2026-02-07,NB2,P2,491.73,410.56,349.8,336.0,505.3,541.6
2026-02-08,NB2,P2,148.11,245.07,235.2,225.2,341.0,405.9
2026-02-09,NB2,P2,531.65,244.61,308.5,308.0,452.6,495.7
2026-02-10,NB2,P2,249.88,343.76,333.1,328.1,500.0,559.9
2026-02-11,NB2,P2,198.89,236.49,311.5,289.6,458.8,518.0
2026-02-12,NB2,P2,455.73,265.87,315.4,297.2,461.4,515.9
2026-02-13,NB2,P2,520.3,280.82,340.3,319.0,618.1,655.2
2026-02-14,NB2,P2,180.19,491.73,366.5,341.6,574.4,671.9
2026-02-15,NB2,P2,149.64,148.11,228.2,196.6,319.1,412.3
2026-02-16,NB2,P2,217.08,531.65,351.0,352.8,498.9,573.1
2026-02-17,NB2,P2,277.49,249.88,294.1,300.5,446.2,517.4
2026-02-18,NB2,P2,264.11,198.89,307.1,302.5,459.0,544.2
2026-02-19,NB2,P2,178.35,455.73,344.9,372.3,443.7,550.3
2026-02-20,NB2,P2,219.15,520.3,359.2,364.8,489.7,565.4
2026-02-21,NB2,P2,305.23,180.19,349.2,342.2,525.8,617.4
2026-02-22,NB2,P2,155.1,149.64,214.7,194.0,344.7,402.4
2026-02-23,NB2,P2,375.61,217.08,331.4,312.7,498.0,570.1
2026-02-24,NB2,P2,606.51,277.49,324.5,316.4,494.0,544.1
2026-02-25,NB2,P2,459.1,264.11,301.8,284.5,450.0,520.2
2026-02-26,NB2,P2,293.77,178.35,325.6,303.5,462.2,543.7
2026-02-27,NB2,P2,569.98,219.15,316.0,312.0,471.5,494.2
2026-02-28,NB2,P2,358.47,305.23,326.4,296.9,446.9,538.5
2026-03-01,NB2,P2,218.35,155.1,226.0,218.2,323.2,388.2
2026-03-02,NB2,P2,545.14,375.61,330.5,306.6,468.4,543.3
2026-03-03,NB2,P2,549.32,606.51,332.2,319.9,539.9,598.0
2026-03-04,NB2,P2,511.65,459.1,333.0,320.1,489.5,546.7
2026-03-05,NB2,P2,276.21,293.77,344.5,313.4,476.3,541.1
2026-03-06,NB2,P2,241.76,569.98,345.8,347.0,501.0,592.4
2026-03-07,NB2,P2,286.93,358.47,349.9,309.0,509.2,598.4
2026-03-08,NB2,P2,313.84,218.35,231.6,205.6,333.7,399.5
2026-03-09,NB2,P2,542.61,545.14,383.4,388.2,555.8,659.9
2026-03-10,NB2,P2,27.87,549.32,368.0,375.6,552.8,618.4
2026-03-11,NB2,P2,253.04,511.65,376.5,390.1,514.8,600.9
2026-03-12,NB2,P2,420.76,276.21,349.5,344.4,470.7,543.6
2026-03-13,NB2,P2,290.16,241.76,406.1,408.1,575.3,645.6
2026-03-14,NB2,P2,195.88,286.93,350.5,360.3,476.2,532.9
2026-03-15,NB2,P2,276.83,313.84,269.4,253.7,347.9,459.8
2026-03-16,NB2,P2,343.09,542.61,372.0,387.6,518.3,618.8
2026-03-17,NB2,P2,256.24,27.87,407.9,396.8,515.2,582.2
2026-03-18,NB2,P2,288.86,253.04,378.9,389.9,510.7,576.5
2026-03-19,NB2,P2,365.98,420.76,375.7,372.0,501.8,561.8
2026-03-20,NB2,P2,406.11,290.16,371.5,370.2,471.6,541.0
2026-03-21,NB2,P2,281.46,195.88,360.7,362.6,481.6,543.4
2026-03-22,NB2,P2,214.32,276.83,264.4,249.9,387.4,459.2
2026-03-23,NB2,P2,447.93,343.09,380.6,401.9,528.4,594.4
2026-03-24,NB2,P2,265.56,256.24,359.3,383.9,577.6,608.6
2026-03-25,NB2,P2,444.32,288.86,369.9,365.6,498.2,555.8
2026-03-26,NB2,P2,390.9,365.98,365.7,367.2,502.6,560.7
2026-03-27,NB2,P2,388.83,406.11,379.8,383.5,487.5,610.2
2026-03-28,NB2,P2,259.73,281.46,357.1,347.3,483.7,542.8
2026-03-29,NB2,P2,204.41,214.32,302.0,283.3,416.7,494.7
2026-03-30,NB2,P2,290.86,447.93,378.2,382.9,526.7,658.0
2026-03-31,NB2,P2,429.26,265.56,337.6,330.9,486.8,611.9
2026-04-01,NB2,P2,620.81,444.32,369.6,378.9,518.4,622.0
2026-04-02,NB2,P2,431.63,390.9,355.0,349.5,477.3,555.8
2026-04-03,NB2,P2,516.72,388.83,400.2,385.0,543.0,597.3
2026-04-04,NB2,P2,423.16,259.73,354.8,360.1,470.3,542.9
2026-04-05,NB2,P2,275.97,204.41,283.4,275.4,388.9,460.9
2026-04-06,NB2,P2,213.81,290.86,379.5,404.8,559.9,654.8
2026-04-07,NB2,P2,449.5,429.26,312.0,319.0,396.5,490.2
2026-04-08,NB2,P2,267.28,620.81,393.9,390.7,593.7,650.8
2026-04-09,NB2,P2,164.32,431.63,407.7,404.4,570.9,634.3
2026-04-10,NB2,P2,506.98,516.72,421.0,420.7,572.3,635.5
2026-04-11,NB2,P2,522.49,423.16,387.6,365.0,489.4,598.1
2026-04-12,NB2,P2,415.28,275.97,279.8,266.9,386.6,473.9
2026-04-13,NB2,P2,298.16,213.81,344.5,338.5,496.1,572.8
2026-04-14,NB2,P2,189.14,449.5,376.6,361.4,537.1,583.3
2026-04-15,NB2,P2,586.08,267.28,380.2,382.7,556.9,606.9
2026-04-16,NB2,P2,213.75,164.32,365.1,352.3,522.8,577.2
2026-04-17,NB2,P2,448.78,506.98,409.3,402.4,569.9,637.0
2026-04-18,NB2,P2,323.95,522.49,410.8,414.3,568.6,632.3
2026-04-19,NB2,P2,412.35,415.28,300.3,297.2,419.6,477.6
2026-04-20,NB2,P2,115.22,298.16,357.0,378.5,524.8,567.0
2026-04-21,NB2,P2,512.47,189.14,363.0,378.1,540.5,592.5
2026-04-22,NB2,P2,213.23,586.08,399.6,399.0,605.8,675.5
2026-04-23,NB2,P2,428.32,213.75,333.2,343.4,515.4,575.4
2026-04-24,NB2,P2,536.3,448.78,432.7,424.8,590.9,654.1
2026-04-25,NB2,P2,649.99,323.95,352.2,341.0,556.8,607.6
2026-04-26,NB2,P2,476.04,412.35,307.1,261.4,503.8,527.2
2026-04-27,NB2,P2,112.42,115.22,285.2,274.0,497.8,532.3
2026-04-28,NB2,P2,261.28,512.47,353.6,347.9,557.0,627.9
2026-04-29,NB2,P2,333.78,213.23,344.5,362.5,619.6,663.2
2026-04-30,NB2,P2,551.17,428.32,345.4,343.1,531.9,592.1
2025-10-01,NB2,P3,4351.45,4060.98,3803.1,3705.4,4681.0,4734.3
2025-10-02,NB2,P3,3825.8,4705.81,4189.4,3787.2,4931.1,5073.5
2025-10-03,NB2,P3,3898.64,4845.45,4352.1,4431.5,5123.9,5273.9
2025-10-04,NB2,P3,3756.02,3684.95,3334.1,3433.9,4565.3,4565.3
2025-10-05,NB2,P3,2645.88,2230.89,2459.3,2547.0,2966.7,3692.1
2025-10-06,NB2,P3,3343.53,3606.66,3477.0,3530.6,4509.4,4509.4
2025-10-07,NB2,P3,4179.5,3695.36,3747.8,4157.3,4733.0,4792.3
2025-10-08,NB2,P3,3007.84,4351.45,3943.0,3849.3,4816.1,5027.7
2025-10-09,NB2,P3,3921.62,3825.8,3946.0,4239.5,4845.8,4929.4
2025-10-10,NB2,P3,3886.7,3898.64,4080.1,4464.2,4900.8,4946.6
2025-10-11,NB2,P3,3210.51,3756.02,3530.6,3557.7,4457.4,4457.4
2025-10-12,NB2,P3,2351.01,2645.88,2826.4,2873.5,3175.9,3448.0
2025-10-13,NB2,P3,3508.41,3343.53,3424.9,3493.5,4446.5,4446.5
2025-10-14,NB2,P3,4135.46,4179.5,3754.9,3758.2,4595.1,4698.8
2025-10-15,NB2,P3,3456.72,3007.84,3684.1,3671.1,3894.9,4496.0
2025-10-16,NB2,P3,3762.44,3921.62,3926.2,3784.7,4699.7,4986.0
2025-10-17,NB2,P3,3928.1,3886.7,4255.0,4000.0,4791.2,5042.1
2025-10-18,NB2,P3,3169.46,3210.51,3522.2,3550.7,3728.9,4202.0
2025-10-19,NB2,P3,2219.74,2351.01,2389.0,2497.5,2873.3,3253.2
2025-10-20,NB2,P3,3390.54,3508.41,3599.2,3590.7,4505.2,4505.2
2025-10-21,NB2,P3,3868.44,4135.46,3988.5,3826.7,4769.6,5105.4
2025-10-22,NB2,P3,4739.97,3456.72,3657.4,3651.4,4573.2,4573.2
2025-10-23,NB2,P3,4711.31,3762.44,3862.2,3795.8,4757.4,4885.5
2025-10-24,NB2,P3,4942.59,3928.1,4153.9,3942.9,5014.0,5327.7
2025-10-25,NB2,P3,3608.45,3169.46,3499.6,3526.9,4666.6,4666.6
2025-10-26,NB2,P3,2573.63,2219.74,2293.2,2360.3,2813.5,2967.2
2025-10-27,NB2,P3,4347.69,3390.54,3483.1,3587.8,4476.0,4476.0
2025-10-28,NB2,P3,4010.66,3868.44,3821.7,3717.5,4696.9,4796.2
2025-10-29,NB2,P3,4008.94,4739.97,3763.8,3676.5,4623.0,4919.2
2025-10-30,NB2,P3,3722.01,4711.31,3970.8,3805.1,4817.9,5020.7
2025-10-31,NB2,P3,5007.38,4942.59,4231.5,3979.0,4998.7,5432.3
2025-11-01,NB2,P3,2735.29,3608.45,3502.0,3578.7,4472.3,4472.3
2025-11-02,NB2,P3,2665.16,2573.63,2424.6,2494.2,3184.9,3278.5
2025-11-03,NB2,P3,3637.33,4347.69,3626.3,3738.1,4662.0,4711.1
2025-11-04,NB2,P3,4185.56,4010.66,3747.9,3709.3,4731.8,5080.2
2025-11-05,NB2,P3,4876.75,4008.94,3616.8,3781.0,4756.3,4853.2
2025-11-06,NB2,P3,3838.14,3722.01,3754.8,3746.8,4778.5,4823.9
2025-11-07,NB2,P3,4202.87,5007.38,4064.3,4066.6,5760.3,5760.3
2025-11-08,NB2,P3,2882.54,2735.29,3276.1,3269.8,3686.6,4071.8
2025-11-09,NB2,P3,2310.04,2665.16,2595.9,2684.1,3236.8,3509.7
2025-11-10,NB2,P3,4013.92,3637.33,3542.5,3606.7,4659.5,4659.5
2025-11-11,NB2,P3,3756.94,4185.56,3749.5,3820.0,4706.9,4943.4
2025-11-12,NB2,P3,4154.18,4876.75,4011.9,3811.3,4965.4,4965.4
2025-11-13,NB2,P3,4370.62,3838.14,3822.5,3695.2,4801.2,4899.5
2025-11-14,NB2,P3,4028.74,4202.87,4106.5,4043.8,4961.0,5287.1
2025-11-15,NB2,P3,2890.26,2882.54,2908.1,3068.2,3584.8,3780.1
2025-11-16,NB2,P3,2234.44,2310.04,2296.6,2386.4,2874.8,3219.2
2025-11-17,NB2,P3,3476.44,4013.92,3633.1,3617.2,4671.6,4671.6
2025-11-18,NB2,P3,3780.64,3756.94,3713.3,3723.3,4735.5,4735.5
2025-11-19,NB2,P3,4704.97,4154.18,3819.0,4316.3,4836.4,5161.2
2025-11-20,NB2,P3,4689.8,4370.62,3981.6,4332.8,4934.0,5295.3
2025-11-21,NB2,P3,4455.62,4028.74,4172.7,4294.5,5030.5,5347.9
2025-11-22,NB2,P3,3919.66,2890.26,3183.2,3279.6,3528.4,3931.1
2025-11-23,NB2,P3,3236.29,2234.44,2331.4,2510.6,2770.5,3154.4
2025-11-24,NB2,P3,4622.81,3476.44,3784.3,4256.8,4884.4,4884.4
2025-11-25,NB2,P3,4713.51,3780.64,3750.3,3700.7,4827.6,4827.6
2025-11-26,NB2,P3,4421.54,4704.97,4273.5,3971.5,5104.8,5284.5
2025-11-27,NB2,P3,4256.25,4689.8,4008.2,3887.4,5007.1,5138.4
2025-11-28,NB2,P3,4506.39,4455.62,4211.9,4482.0,5087.7,5281.9
2025-11-29,NB2,P3,3519.79,3919.66,3398.4,3513.4,3704.0,4434.3
2025-11-30,NB2,P3,3151.8,3236.29,2624.6,2854.9,3268.9,3602.9
2025-12-01,NB2,P3,4115.85,4622.81,3842.0,3812.3,4788.9,4853.0
2025-12-02,NB2,P3,4154.26,4713.51,4143.1,3914.2,4885.2,5123.3
2025-12-03,NB2,P3,3393.41,4421.54,4088.3,4364.6,4944.0,5047.2
2025-12-04,NB2,P3,3860.25,4256.25,3986.4,3927.2,4802.1,5094.9
2025-12-05,NB2,P3,3865.93,4506.39,4365.2,4076.4,5113.6,5325.1
2025-12-06,NB2,P3,2872.75,3519.79,3632.7,3695.1,4643.1,4643.1
2025-12-07,NB2,P3,2388.52,3151.8,2816.9,3019.9,3344.1,3663.3
2025-12-08,NB2,P3,3256.07,4115.85,4011.1,3897.3,4847.5,4847.5
2025-12-09,NB2,P3,4306.31,4154.26,3990.2,3844.1,4811.9,5119.1
2025-12-10,NB2,P3,4271.87,3393.41,3843.4,3828.1,4805.0,4805.0
2025-12-11,NB2,P3,4595.64,3860.25,4005.9,4263.5,4797.1,4888.0
2025-12-12,NB2,P3,4812.17,3865.93,4245.2,4101.2,5037.0,5037.0
2025-12-13,NB2,P3,3534.8,2872.75,3296.7,3338.9,3689.4,3904.3
2025-12-14,NB2,P3,2524.52,2388.52,2542.3,2638.5,3172.9,3712.2
2025-12-15,NB2,P3,4223.24,3256.07,3638.3,3756.9,4659.7,4659.7
2025-12-16,NB2,P3,4370.83,4306.31,4039.1,4000.8,4810.1,4974.1
2025-12-17,NB2,P3,4439.35,4271.87,3889.9,4361.7,4697.1,4851.0
2025-12-18,NB2,P3,4653.84,4595.64,4407.8,4487.4,5036.8,5397.8
2025-12-19,NB2,P3,5079.8,4812.17,4648.2,4576.4,5419.6,5862.3
2025-12-20,NB2,P3,3727.28,3534.8,3383.1,3538.4,4299.2,4299.2
2025-12-21,NB2,P3,3315.55,2524.52,2594.1,2691.3,3145.2,3680.6
2025-12-22,NB2,P3,5008.41,4223.24,3169.3,3577.4,4362.5,4704.7
2025-12-23,NB2,P3,4626.61,4370.83,3328.8,3658.2,4391.1,5105.9
2025-12-24,NB2,P3,4418.07,4439.35,2718.4,3368.4,4218.4,4985.6
2025-12-25,NB2,P3,2065.91,4653.84,3043.1,3011.1,4415.0,4947.0
2025-12-26,NB2,P3,2386.94,5079.8,3427.9,4690.5,4690.5,5424.1
2025-12-27,NB2,P3,3528.95,3727.28,2939.2,2929.0,3194.0,4339.7
2025-12-28,NB2,P3,2478.74,3315.55,2426.1,2465.0,2862.8,3606.0
2025-12-29,NB2,P3,4389.73,5008.41,3342.5,4367.3,4835.2,4911.9
2025-12-30,NB2,P3,3924.34,4626.61,3585.6,3504.0,4663.7,5226.6
2025-12-31,NB2,P3,4880.82,4418.07,3285.0,3388.3,4789.4,4978.5
2026-01-01,NB2,P3,1276.16,2065.91,2675.3,2827.8,3331.0,4002.1
2026-01-02,NB2,P3,2706.15,2386.94,3060.0,3210.7,3328.0,4046.7
2026-01-03,NB2,P3,2208.19,3528.95,3172.7,3444.9,4709.1,4709.1
2026-01-04,NB2,P3,1706.93,2478.74,2593.0,2545.0,3094.1,3353.2
2026-01-05,NB2,P3,3328.82,4389.73,3910.5,4055.1,4874.0,5162.9
2026-01-06,NB2,P3,4171.98,3924.34,3897.4,4229.1,4803.9,4849.6
2026-01-07,NB2,P3,2598.57,4880.82,4115.9,3993.9,5053.5,5196.5
2026-01-08,NB2,P3,3243.03,1276.16,3028.8,2716.6,3297.6,3719.3
2026-01-09,NB2,P3,4173.1,2706.15,3506.2,3503.6,3841.3,3983.9
2026-01-10,NB2,P3,3985.34,2208.19,3005.7,3062.6,3882.0,4137.5
2026-01-11,NB2,P3,2726.62,1706.93,2331.5,2282.3,2932.7,3431.7
2026-01-12,NB2,P3,3895.61,3328.82,3826.5,3855.1,4907.5,4907.5
2026-01-13,NB2,P3,4809.94,4171.98,3903.0,4276.4,4791.8,4894.9
2026-01-14,NB2,P3,4725.63,2598.57,3557.6,3803.5,4075.9,4477.7
2026-01-15,NB2,P3,5076.06,3243.03,3357.0,3170.1,4483.3,4483.3
2026-01-16,NB2,P3,4532.22,4173.1,3665.5,3596.1,4553.7,4795.1
2026-01-17,NB2,P3,3351.4,3985.34,3512.9,3344.7,4581.1,4581.1
2026-01-18,NB2,P3,2756.09,2726.62,2920.8,2846.2,3317.7,3577.7
2026-01-19,NB2,P3,4675.29,3895.61,3823.9,3894.3,4758.0,4758.0
2026-01-20,NB2,P3,3837.25,4809.94,4134.4,4006.6,5053.7,5280.6
2026-01-21,NB2,P3,4495.91,4725.63,4023.9,3720.4,4812.4,5006.2
2026-01-22,NB2,P3,3748.81,5076.06,3684.6,3295.4,3976.3,4763.4
2026-01-23,NB2,P3,4638.29,4532.22,4090.2,3931.3,4225.2,5110.5
2026-01-24,NB2,P3,3739.81,3351.4,3704.3,3667.5,4610.1,4610.1
2026-01-25,NB2,P3,3259.1,2756.09,2839.3,2770.4,3273.8,3615.1
2026-01-26,NB2,P3,4164.67,4675.29,3987.7,3913.4,4923.9,5213.0
2026-01-27,NB2,P3,3685.8,3837.25,4038.3,4000.0,4893.2,4914.9
2026-01-28,NB2,P3,4378.05,4495.91,3978.5,3991.3,4717.7,4926.9
2026-01-29,NB2,P3,4409.65,3748.81,3643.7,3776.9,4289.4,4501.0
2026-01-30,NB2,P3,4733.09,4638.29,4069.1,3967.4,4591.5,5054.9
2026-01-31,NB2,P3,3600.06,3739.81,3401.5,3574.8,4119.3,4314.8
2026-02-01,NB2,P3,2719.0,3259.1,2899.5,3060.3,3380.9,3742.5
2026-02-02,NB2,P3,3506.94,4164.67,3767.4,3849.2,4828.2,4842.2
2026-02-03,NB2,P3,3414.64,3685.8,3959.4,3855.9,4770.2,4989.0
2026-02-04,NB2,P3,4182.04,4378.05,3806.9,3885.9,4312.4,4985.8
2026-02-05,NB2,P3,3861.05,4409.65,4055.1,3915.9,4845.8,4982.2
2026-02-06,NB2,P3,5035.59,4733.09,4439.6,4215.9,5186.8,5436.0
2026-02-07,NB2,P3,3967.12,3600.06,3709.6,3658.4,4688.5,4688.5
2026-02-08,NB2,P3,3013.52,2719.0,2910.9,2829.9,3415.5,3680.9
2026-02-09,NB2,P3,4747.56,3506.94,3819.4,3876.5,4736.2,4796.9
2026-02-10,NB2,P3,4085.2,3414.64,3783.7,3857.0,4755.8,4866.6
2026-02-11,NB2,P3,3930.44,4182.04,3982.2,4368.4,4807.3,5148.5
2026-02-12,NB2,P3,5101.81,3861.05,4014.2,4338.6,4894.9,5037.2
2026-02-13,NB2,P3,5029.83,5035.59,4320.7,5491.5,5491.5,5491.5
2026-02-14,NB2,P3,3617.46,3967.12,3843.3,3764.5,4687.5,4738.2
2026-02-15,NB2,P3,2520.9,3013.52,3071.7,3036.7,3433.0,3890.4
2026-02-16,NB2,P3,3056.61,4747.56,4067.6,4187.0,4827.0,4969.7
2026-02-17,NB2,P3,3851.89,4085.2,3779.4,3689.9,4627.3,4749.0
2026-02-18,NB2,P3,4356.77,3930.44,4024.7,4228.4,4897.8,5083.7
2026-02-19,NB2,P3,3686.44,5101.81,3948.9,4620.0,5027.6,5027.6
2026-02-20,NB2,P3,4157.38,5029.83,4285.1,5241.7,6603.0,6603.0
2026-02-21,NB2,P3,3551.19,3617.46,3742.1,3725.2,4596.4,4596.4
2026-02-22,NB2,P3,2892.71,2520.9,2942.7,2881.7,3278.3,3560.3
2026-02-23,NB2,P3,4011.7,3056.61,3624.8,3710.6,4054.9,4758.3
2026-02-24,NB2,P3,4193.24,3851.89,4090.1,3852.6,4798.5,4798.5
2026-02-25,NB2,P3,4060.14,4356.77,4197.3,4277.8,4855.0,5259.8
2026-02-26,NB2,P3,4011.58,3686.44,3616.4,3942.2,4776.5,4965.3
2026-02-27,NB2,P3,4468.55,4157.38,4399.4,4388.2,5135.1,5543.2
2026-02-28,NB2,P3,3099.62,3551.19,3575.0,3592.6,4652.4,4652.4
2026-03-01,NB2,P3,3662.11,2892.71,2714.0,2756.3,3380.3,3802.5
2026-03-02,NB2,P3,4741.45,4011.7,3794.5,3651.9,4571.0,4704.3
2026-03-03,NB2,P3,4725.38,4193.24,3976.4,3839.0,4796.9,5042.2
2026-03-04,NB2,P3,4052.26,4060.14,3839.9,3689.4,4840.2,5083.6
2026-03-05,NB2,P3,3940.19,4011.58,3927.3,3670.3,4708.8,4897.1
2026-03-06,NB2,P3,4177.69,4468.55,4517.1,4483.6,5131.4,5410.4
2026-03-07,NB2,P3,4351.46,3099.62,3618.2,3673.7,3960.6,4332.9
2026-03-08,NB2,P3,2491.34,3662.11,3239.9,3241.2,4176.3,4176.3
2026-03-09,NB2,P3,4618.73,4741.45,3951.2,4121.9,4632.6,4963.7
2026-03-10,NB2,P3,3721.56,4725.38,4217.8,3832.8,4807.6,5222.9
2026-03-11,NB2,P3,4248.47,4052.26,3981.7,3739.6,4719.0,5062.5
2026-03-12,NB2,P3,3603.6,3940.19,3929.3,4273.7,4769.1,5056.0
2026-03-13,NB2,P3,3772.37,4177.69,4424.8,4464.3,5060.8,5299.6
2026-03-14,NB2,P3,3253.88,4351.46,3863.9,3775.9,4510.2,4944.6
2026-03-15,NB2,P3,2202.74,2491.34,2808.9,2733.6,3295.6,3587.2
2026-03-16,NB2,P3,3786.95,4618.73,4075.7,4081.7,5008.6,5051.1
2026-03-17,NB2,P3,4063.92,3721.56,3925.4,3937.1,4611.0,4643.2
2026-03-18,NB2,P3,3536.91,4248.47,3996.8,4265.0,4693.9,5087.0
2026-03-19,NB2,P3,3549.22,3603.6,3862.6,3858.1,4570.2,4594.8
2026-03-20,NB2,P3,4805.68,3772.37,4218.7,4056.8,4874.5,4874.5
2026-03-21,NB2,P3,4262.69,3253.88,3740.4,3673.9,4588.8,4588.8
2026-03-22,NB2,P3,2791.64,2202.74,2697.4,2631.6,3158.2,3480.1
2026-03-23,NB2,P3,3907.04,3786.95,3938.7,3819.3,4687.5,4961.5
2026-03-24,NB2,P3,3729.74,4063.92,4038.3,3765.4,4712.0,5198.0
2026-03-25,NB2,P3,4175.49,3536.91,3839.6,3835.5,4657.5,4944.6
2026-03-26,NB2,P3,4197.02,3549.22,3755.4,3803.4,4563.1,4756.0
2026-03-27,NB2,P3,4501.19,4805.68,4424.0,4396.9,4936.7,5427.6
2026-03-28,NB2,P3,3325.44,4262.69,3785.4,3805.4,4654.4,4858.6
2026-03-29,NB2,P3,2864.17,2791.64,2875.9,2782.4,3261.7,3430.6
2026-03-30,NB2,P3,3436.64,3907.04,3807.2,4181.9,4674.9,4857.5
2026-03-31,NB2,P3,3804.64,3729.74,3850.7,4270.0,4680.6,4793.8
2026-04-01,NB2,P3,3425.36,4175.49,3901.2,3829.0,4621.8,4841.3
2026-04-02,NB2,P3,3551.76,4197.02,3785.2,3746.0,4557.0,4815.9
2026-04-03,NB2,P3,4078.88,4501.19,4244.2,4168.4,4863.2,5316.2
2026-04-04,NB2,P3,3627.24,3325.44,3818.1,3874.3,4633.6,4633.6
2026-04-05,NB2,P3,2141.45,2864.17,2793.6,2850.9,3100.7,3387.9
2026-04-06,NB2,P3,2317.54,3436.64,3682.9,3868.1,4665.2,4787.4
2026-04-07,NB2,P3,3657.54,3804.64,3778.1,3757.7,4551.1,4552.5
2026-04-08,NB2,P3,4336.0,3425.36,3756.1,3813.4,4621.9,4766.7
2026-04-09,NB2,P3,3755.43,3551.76,3770.9,3783.3,4544.7,4544.7
2026-04-10,NB2,P3,4493.39,4078.88,4478.7,4062.0,4894.5,5207.9
2026-04-11,NB2,P3,3818.4,3627.24,3701.8,3754.3,4504.2,4504.2
2026-04-12,NB2,P3,3015.82,2141.45,2440.9,2420.5,3024.0,3200.7
2026-04-13,NB2,P3,3902.07,2317.54,2960.7,3135.7,3849.6,4085.5
2026-04-14,NB2,P3,3677.02,3657.54,3789.6,3802.6,4632.0,4719.1
2026-04-15,NB2,P3,4075.87,4336.0,3898.0,3825.7,4610.2,4837.2
2026-04-16,NB2,P3,3685.13,3755.43,3687.4,3679.4,4540.5,4540.5
2026-04-17,NB2,P3,3791.87,4493.39,4377.3,4189.1,4923.4,5402.3
2026-04-18,NB2,P3,3103.15,3818.4,3692.9,3612.4,4481.8,4500.4
2026-04-19,NB2,P3,2334.89,3015.82,2820.4,2822.8,3293.0,3531.5
2026-04-20,NB2,P3,3336.19,3902.07,3369.4,3401.1,4332.3,4332.3
2026-04-21,NB2,P3,3498.66,3677.02,3690.1,3705.5,4514.5,4634.9
2026-04-22,NB2,P3,3596.1,4075.87,3869.8,3876.7,4658.5,5071.7
2026-04-23,NB2,P3,4033.91,3685.13,3732.0,3773.2,4551.5,4787.6
2026-04-24,NB2,P3,4011.0,3791.87,4201.1,4512.4,4922.5,4963.2
2026-04-25,NB2,P3,2902.28,3103.15,3411.6,3487.0,4678.7,4678.7
2026-04-26,NB2,P3,1867.51,2334.89,2692.9,2658.6,3182.1,3236.8
2026-04-27,NB2,P3,2557.13,3336.19,3452.6,3689.9,4545.5,4545.5
2026-04-28,NB2,P3,3768.12,3498.66,3393.9,3622.1,4455.5,4516.7
2026-04-29,NB2,P3,3536.53,3596.1,3627.7,3766.3,4645.6,4680.7
2026-04-30,NB2,P3,3187.2,4033.91,3557.7,3650.7,4617.2,4796.8
2025-10-01,NB2,P4,50.97,121.83,83.1,73.3,180.2,220.3
2025-10-02,NB2,P4,0.0,0.0,53.6,43.1,124.5,170.6
2025-10-03,NB2,P4,66.85,30.16,55.0,57.8,169.8,187.0
2025-10-04,NB2,P4,0.0,30.48,22.7,24.7,51.4,115.3
2025-10-05,NB2,P4,0.0,0.0,4.2,3.9,27.1,55.1
2025-10-06,NB2,P4,176.02,30.0,108.0,99.7,232.1,279.4
2025-10-07,NB2,P4,92.97,121.22,65.8,56.7,183.7,225.9
2025-10-08,NB2,P4,21.23,50.97,86.3,77.8,182.3,201.2
2025-10-09,NB2,P4,171.23,0.0,49.0,42.2,132.7,174.4
2025-10-10,NB2,P4,16.44,66.85,79.1,73.4,171.9,207.9
2025-10-11,NB2,P4,0.0,0.0,21.3,19.9,50.3,99.4
2025-10-12,NB2,P4,0.0,0.0,3.1,0.4,19.4,49.6
2025-10-13,NB2,P4,134.98,176.02,78.2,70.4,194.4,221.3
2025-10-14,NB2,P4,10.37,92.97,94.4,95.8,211.9,242.7
2025-10-15,NB2,P4,155.04,21.23,53.0,51.9,160.2,184.6
2025-10-16,NB2,P4,54.1,171.23,63.5,46.2,158.6,205.2
2025-10-17,NB2,P4,0.0,16.44,67.7,75.4,179.0,191.1
2025-10-18,NB2,P4,0.0,0.0,29.3,28.4,44.9,85.8
2025-10-19,NB2,P4,0.0,0.0,2.9,3.3,18.7,44.8
2025-10-20,NB2,P4,219.79,134.98,98.4,74.9,203.4,248.0
2025-10-21,NB2,P4,63.01,10.37,101.2,95.5,230.7,270.1
2025-10-22,NB2,P4,0.0,155.04,89.4,63.5,182.1,219.7
2025-10-23,NB2,P4,50.96,54.1,48.9,47.2,169.3,199.0
2025-10-24,NB2,P4,79.82,0.0,43.4,37.5,120.3,163.0
2025-10-25,NB2,P4,60.52,0.0,20.3,23.0,40.9,62.4
2025-10-26,NB2,P4,0.0,0.0,4.7,10.5,14.4,37.8
2025-10-27,NB2,P4,67.34,219.79,73.0,63.0,190.9,228.2
2025-10-28,NB2,P4,30.24,63.01,79.9,72.3,187.2,206.5
2025-10-29,NB2,P4,30.3,0.0,58.6,47.5,132.9,176.7
2025-10-30,NB2,P4,64.07,50.96,50.3,44.4,158.4,191.7
2025-10-31,NB2,P4,120.98,79.82,72.1,58.2,170.8,193.1
2025-11-01,NB2,P4,103.54,60.52,8.6,18.4,37.9,53.6
2025-11-02,NB2,P4,37.41,0.0,3.1,12.7,23.7,42.8
2025-11-03,NB2,P4,82.75,67.34,109.4,101.3,242.5,260.0
2025-11-04,NB2,P4,60.11,30.24,56.9,47.3,136.3,170.5
2025-11-05,NB2,P4,0.0,30.3,69.9,71.1,183.1,198.9
2025-11-06,NB2,P4,30.05,64.07,80.7,84.6,185.9,192.0
2025-11-07,NB2,P4,95.22,120.98,46.6,49.1,151.0,173.6
2025-11-08,NB2,P4,0.0,103.54,17.6,21.4,73.0,119.1
2025-11-09,NB2,P4,0.0,37.41,3.2,4.1,27.4,43.5
2025-11-10,NB2,P4,92.74,82.75,84.3,76.2,189.6,211.8
2025-11-11,NB2,P4,80.57,60.11,72.4,65.4,143.3,162.8
2025-11-12,NB2,P4,68.54,0.0,54.8,62.9,179.6,182.1
2025-11-13,NB2,P4,30.98,30.05,58.2,45.5,120.6,144.7
2025-11-14,NB2,P4,91.72,95.22,82.7,71.1,164.7,187.8
2025-11-15,NB2,P4,0.0,0.0,30.8,16.0,76.1,113.3
2025-11-16,NB2,P4,0.0,0.0,5.9,3.5,26.3,58.0
2025-11-17,NB2,P4,130.53,92.74,105.4,87.2,235.1,236.1
2025-11-18,NB2,P4,0.0,80.57,82.4,69.8,171.0,195.5
2025-11-19,NB2,P4,113.96,68.54,59.1,64.6,146.4,169.6
2025-11-20,NB2,P4,64.41,30.98,52.6,32.3,117.9,154.0
2025-11-21,NB2,P4,0.0,91.72,77.0,61.2,170.7,182.1
2025-11-22,NB2,P4,30.04,0.0,27.3,26.2,92.7,114.7
2025-11-23,NB2,P4,0.0,0.0,5.4,10.7,35.2,60.3
2025-11-24,NB2,P4,201.04,130.53,70.8,57.3,154.7,190.0
2025-11-25,NB2,P4,75.05,0.0,58.9,45.6,125.0,134.2
2025-11-26,NB2,P4,27.69,113.96,58.3,55.9,144.0,163.2
2025-11-27,NB2,P4,64.02,64.41,49.2,36.9,98.9,119.3
2025-11-28,NB2,P4,160.22,0.0,66.7,57.2,159.5,182.2
2025-11-29,NB2,P4,0.0,30.04,20.9,26.3,97.2,108.5
2025-11-30,NB2,P4,0.0,0.0,6.8,0.0,34.8,70.5
2025-12-01,NB2,P4,160.24,201.04,77.7,60.3,182.9,216.3
2025-12-02,NB2,P4,0.0,75.05,66.1,57.1,145.2,174.1
2025-12-03,NB2,P4,30.0,27.69,62.3,41.1,127.2,162.5
2025-12-04,NB2,P4,53.07,64.02,65.4,67.1,134.4,157.0
2025-12-05,NB2,P4,137.69,160.22,70.6,59.7,162.8,191.4
2025-12-06,NB2,P4,0.0,0.0,12.5,9.1,60.7,95.6
2025-12-07,NB2,P4,0.0,0.0,2.6,0.0,25.2,44.2
2025-12-08,NB2,P4,0.0,160.24,79.5,69.3,194.6,224.1
2025-12-09,NB2,P4,0.0,0.0,44.6,37.6,114.2,124.2
2025-12-10,NB2,P4,91.14,30.0,65.2,58.7,157.2,183.1
2025-12-11,NB2,P4,0.0,53.07,51.4,44.7,100.9,138.8
2025-12-12,NB2,P4,73.94,137.69,61.1,57.4,164.2,186.9
2025-12-13,NB2,P4,0.0,0.0,12.4,16.3,32.2,68.5
2025-12-14,NB2,P4,0.0,0.0,2.0,1.9,18.8,44.8
2025-12-15,NB2,P4,20.26,0.0,80.0,76.7,191.0,240.3
2025-12-16,NB2,P4,9.23,0.0,37.3,31.1,111.3,139.5
2025-12-17,NB2,P4,95.35,91.14,62.0,53.1,133.2,162.2
2025-12-18,NB2,P4,90.19,0.0,40.8,37.1,89.7,132.0
2025-12-19,NB2,P4,135.25,73.94,68.2,56.5,149.5,206.8
2025-12-20,NB2,P4,19.38,0.0,9.1,4.8,26.4,56.6
2025-12-21,NB2,P4,0.0,0.0,2.3,0.0,13.5,39.3
2025-12-22,NB2,P4,65.51,20.26,66.3,62.9,192.3,207.9
2025-12-23,NB2,P4,0.0,9.23,25.2,18.1,107.9,107.9
2025-12-24,NB2,P4,30.16,95.35,26.8,16.1,97.3,139.7
2025-12-25,NB2,P4,12.66,90.19,35.7,25.1,113.3,145.2
2025-12-26,NB2,P4,0.0,135.25,63.6,33.7,146.7,173.6
2025-12-27,NB2,P4,0.0,19.38,10.4,3.1,36.6,57.6
2025-12-28,NB2,P4,0.0,0.0,2.4,0.0,19.3,45.3
2025-12-29,NB2,P4,61.25,65.51,47.5,42.0,132.5,134.4
2025-12-30,NB2,P4,0.0,0.0,28.6,15.6,94.6,98.3
2025-12-31,NB2,P4,0.0,30.16,38.6,19.4,108.5,156.4
2026-01-01,NB2,P4,0.0,12.66,32.0,19.5,92.9,109.3
2026-01-02,NB2,P4,0.0,0.0,45.6,53.2,96.9,161.9
2026-01-03,NB2,P4,30.03,0.0,11.4,1.5,23.7,74.2
2026-01-04,NB2,P4,0.0,0.0,2.9,0.7,13.5,48.9
2026-01-05,NB2,P4,108.38,61.25,43.1,34.7,79.5,114.3
2026-01-06,NB2,P4,88.64,0.0,33.8,22.3,82.8,103.8
2026-01-07,NB2,P4,13.29,0.0,44.0,36.3,131.2,145.7
2026-01-08,NB2,P4,43.83,0.0,32.7,18.9,113.6,144.8
2026-01-09,NB2,P4,0.0,0.0,57.9,52.2,142.8,157.2
2026-01-10,NB2,P4,118.64,30.03,12.7,4.3,45.9,66.7
2026-01-11,NB2,P4,0.0,0.0,2.4,0.0,26.1,47.4
2026-01-12,NB2,P4,60.45,108.38,52.8,47.8,124.1,139.9
2026-01-13,NB2,P4,100.05,88.64,47.8,19.6,116.9,122.0
2026-01-14,NB2,P4,0.0,13.29,41.8,45.0,111.6,120.4
2026-01-15,NB2,P4,48.04,43.83,49.7,32.9,120.4,126.0
2026-01-16,NB2,P4,112.81,0.0,48.0,33.1,147.6,150.4
2026-01-17,NB2,P4,0.0,118.64,12.3,12.0,101.2,118.3
2026-01-18,NB2,P4,0.0,0.0,2.6,0.0,27.2,46.2
2026-01-19,NB2,P4,104.11,60.45,64.1,51.8,129.3,147.0
2026-01-20,NB2,P4,111.71,100.05,43.9,23.4,122.3,134.7
2026-01-21,NB2,P4,75.15,0.0,33.6,20.7,93.8,109.9
2026-01-22,NB2,P4,60.98,48.04,41.9,20.4,94.8,104.8
2026-01-23,NB2,P4,62.36,112.81,65.9,44.2,159.7,159.7
2026-01-24,NB2,P4,0.0,0.0,20.8,13.0,76.9,109.8
2026-01-25,NB2,P4,0.0,0.0,2.6,0.0,26.4,42.9
2026-01-26,NB2,P4,125.11,104.11,62.3,46.5,137.2,166.5
2026-01-27,NB2,P4,51.04,111.71,51.9,29.9,124.1,153.7
2026-01-28,NB2,P4,321.78,75.15,57.0,28.6,125.0,127.1
2026-01-29,NB2,P4,0.0,60.98,43.4,27.5,89.9,125.3
2026-01-30,NB2,P4,30.25,62.36,85.4,53.2,145.2,159.4
2026-01-31,NB2,P4,0.0,0.0,20.6,19.1,124.0,134.8
2026-02-01,NB2,P4,0.0,0.0,3.2,2.0,27.1,43.0
2026-02-02,NB2,P4,10.39,125.11,57.9,40.1,126.3,147.2
2026-02-03,NB2,P4,133.54,51.04,71.0,43.3,139.4,163.5
2026-02-04,NB2,P4,343.02,321.78,73.8,63.7,220.2,259.9
2026-02-05,NB2,P4,130.27,0.0,45.4,33.6,123.4,157.9
2026-02-06,NB2,P4,0.0,30.25,57.4,43.1,156.9,177.8
2026-02-07,NB2,P4,71.86,0.0,17.0,19.2,78.9,88.4
2026-02-08,NB2,P4,0.0,0.0,2.0,4.2,26.7,42.6
2026-02-09,NB2,P4,118.16,10.39,56.3,41.1,142.2,175.8
2026-02-10,NB2,P4,67.02,133.54,73.1,54.7,168.1,191.9
2026-02-11,NB2,P4,178.5,343.02,86.8,89.0,291.5,321.8
2026-02-12,NB2,P4,99.06,130.27,71.8,58.1,167.3,189.9
2026-02-13,NB2,P4,133.2,0.0,88.8,69.9,166.6,189.9
2026-02-14,NB2,P4,0.0,71.86,13.6,12.7,53.4,79.1
2026-02-15,NB2,P4,36.53,0.0,1.7,0.0,15.4,43.0
2026-02-16,NB2,P4,0.0,118.16,84.1,74.9,190.9,206.1
2026-02-17,NB2,P4,156.16,67.02,72.5,63.6,159.0,186.3
2026-02-18,NB2,P4,38.92,178.5,85.0,80.1,263.6,263.6
2026-02-19,NB2,P4,61.75,99.06,91.9,62.7,175.7,196.4
2026-02-20,NB2,P4,70.22,133.2,68.6,50.4,148.1,180.3
2026-02-21,NB2,P4,66.97,0.0,12.5,6.3,55.1,95.5
2026-02-22,NB2,P4,0.0,36.53,3.9,4.8,24.0,47.2
2026-02-23,NB2,P4,68.98,0.0,78.5,67.2,172.4,219.9
2026-02-24,NB2,P4,43.38,156.16,60.5,48.8,172.2,208.6
2026-02-25,NB2,P4,211.79,38.92,122.5,105.4,287.3,333.8
2026-02-26,NB2,P4,134.26,61.75,75.6,57.2,179.1,204.9
2026-02-27,NB2,P4,29.99,70.22,61.7,48.6,150.7,177.9
2026-02-28,NB2,P4,23.09,66.97,49.0,42.1,117.7,182.5
2026-03-01,NB2,P4,0.0,0.0,4.4,1.0,29.9,64.9
2026-03-02,NB2,P4,178.98,68.98,91.4,70.8,196.8,211.1
2026-03-03,NB2,P4,122.58,43.38,83.4,71.3,174.6,212.9
2026-03-04,NB2,P4,74.78,211.79,114.5,92.6,238.9,275.9
2026-03-05,NB2,P4,197.6,134.26,93.2,74.3,192.9,223.0
2026-03-06,NB2,P4,199.22,29.99,63.6,42.6,162.4,191.4
2026-03-07,NB2,P4,73.37,23.09,45.2,40.7,87.2,130.9
2026-03-08,NB2,P4,0.0,0.0,3.7,3.2,30.3,63.5
2026-03-09,NB2,P4,96.34,178.98,106.0,74.0,191.2,242.3
2026-03-10,NB2,P4,54.41,122.58,96.4,75.9,193.1,215.3
2026-03-11,NB2,P4,128.54,74.78,106.9,91.9,212.9,256.2
2026-03-12,NB2,P4,0.0,197.6,86.9,67.4,177.5,206.2
2026-03-13,NB2,P4,90.02,199.22,101.8,80.8,198.2,231.3
2026-03-14,NB2,P4,29.25,73.37,40.7,38.9,100.1,137.4
2026-03-15,NB2,P4,0.0,0.0,2.8,3.4,21.6,45.8
2026-03-16,NB2,P4,174.4,96.34,110.2,80.3,213.3,248.2
2026-03-17,NB2,P4,219.7,54.41,102.8,89.2,198.2,199.7
2026-03-18,NB2,P4,195.0,128.54,91.7,76.8,201.4,230.2
2026-03-19,NB2,P4,197.24,0.0,90.7,80.9,203.5,240.7
2026-03-20,NB2,P4,152.25,90.02,103.2,83.7,187.2,216.0
2026-03-21,NB2,P4,90.57,29.25,40.0,42.7,88.9,124.4
2026-03-22,NB2,P4,91.29,0.0,3.8,6.4,20.1,44.1
2026-03-23,NB2,P4,62.53,174.4,106.0,82.8,229.2,250.2
2026-03-24,NB2,P4,268.6,219.7,89.6,67.8,208.0,236.8
2026-03-25,NB2,P4,136.91,195.0,134.4,121.4,272.8,285.7
2026-03-26,NB2,P4,112.32,197.24,106.4,90.5,215.0,255.0
2026-03-27,NB2,P4,121.05,152.25,110.8,90.8,214.7,224.9
2026-03-28,NB2,P4,43.8,90.57,72.1,66.9,137.6,164.7
2026-03-29,NB2,P4,78.35,91.29,21.3,31.6,59.2,83.5
2026-03-30,NB2,P4,110.31,62.53,128.8,105.5,239.6,269.3
2026-03-31,NB2,P4,30.0,268.6,126.7,107.3,235.5,277.3
2026-04-01,NB2,P4,99.28,136.91,124.8,102.1,231.7,245.8
2026-04-02,NB2,P4,278.23,112.32,135.8,109.1,243.8,286.4
2026-04-03,NB2,P4,247.18,121.05,135.6,110.5,251.9,286.7
2026-04-04,NB2,P4,30.02,43.8,81.5,73.3,117.2,147.8
2026-04-05,NB2,P4,30.57,78.35,22.8,42.6,77.6,112.4
2026-04-06,NB2,P4,0.0,110.31,114.0,89.7,210.1,245.3
2026-04-07,NB2,P4,30.15,30.0,102.5,81.0,219.9,254.8
2026-04-08,NB2,P4,131.3,99.28,117.2,95.3,221.8,241.2
2026-04-09,NB2,P4,0.0,278.23,107.1,89.8,221.1,265.5
2026-04-10,NB2,P4,53.17,247.18,115.9,91.5,222.0,257.4
2026-04-11,NB2,P4,98.74,30.02,40.4,44.9,131.6,173.7
2026-04-12,NB2,P4,0.0,30.57,21.3,32.3,115.6,152.5
2026-04-13,NB2,P4,221.09,0.0,113.2,103.3,211.2,241.4
2026-04-14,NB2,P4,42.17,30.15,133.4,122.0,247.3,296.9
2026-04-15,NB2,P4,129.3,131.3,125.2,107.9,246.6,279.9
2026-04-16,NB2,P4,226.45,0.0,114.9,105.7,252.5,289.9
2026-04-17,NB2,P4,81.82,53.17,113.3,99.0,219.2,257.3
2026-04-18,NB2,P4,80.53,98.74,82.4,80.6,127.9,160.2
2026-04-19,NB2,P4,0.0,0.0,19.7,31.8,108.9,130.8
2026-04-20,NB2,P4,104.97,221.09,91.3,78.8,198.3,242.4
2026-04-21,NB2,P4,299.35,42.17,116.6,107.6,225.0,260.2
2026-04-22,NB2,P4,82.29,129.3,116.4,96.6,223.9,257.9
2026-04-23,NB2,P4,30.02,226.45,115.2,91.2,235.4,291.9
2026-04-24,NB2,P4,77.46,81.82,113.4,82.1,207.9,243.1
2026-04-25,NB2,P4,70.2,80.53,58.3,52.2,125.7,168.2
2026-04-26,NB2,P4,0.0,0.0,7.2,6.9,56.8,90.7
2026-04-27,NB2,P4,0.0,104.97,102.5,67.1,203.0,267.3
2026-04-28,NB2,P4,185.7,299.35,77.5,59.4,229.5,292.4
2026-04-29,NB2,P4,45.76,82.29,83.7,57.7,211.1,244.7
2026-04-30,NB2,P4,199.62,30.02,114.1,72.4,240.2,300.2
2025-10-01,NB3,P1,803.62,790.07,831.1,829.2,1205.1,1265.5
2025-10-02,NB3,P1,650.89,949.66,897.1,929.4,1369.1,1555.8
2025-10-03,NB3,P1,508.48,895.5,899.8,852.4,1250.5,1410.0
2025-10-04,NB3,P1,419.07,620.19,460.7,447.6,733.7,814.9
2025-10-05,NB3,P1,232.55,461.47,259.9,267.1,490.8,639.5
2025-10-06,NB3,P1,1099.49,1187.99,988.5,996.2,1292.7,1492.7
2025-10-07,NB3,P1,416.92,552.24,745.0,775.7,1026.7,1097.0
2025-10-08,NB3,P1,902.07,803.62,824.9,794.4,1113.0,1251.0
2025-10-09,NB3,P1,749.88,650.89,829.3,803.2,1164.7,1320.5
2025-10-10,NB3,P1,533.28,508.48,793.9,770.3,1175.0,1261.3
2025-10-11,NB3,P1,725.14,419.07,549.4,510.2,797.3,852.6
2025-10-12,NB3,P1,832.32,232.55,309.9,290.7,604.0,671.7
2025-10-13,NB3,P1,447.97,1099.49,974.7,984.5,1282.4,1517.0
2025-10-14,NB3,P1,752.87,416.92,678.7,648.7,1031.3,1082.2
2025-10-15,NB3,P1,664.45,902.07,854.2,825.3,1149.9,1296.0
2025-10-16,NB3,P1,1028.81,749.88,809.0,796.9,1124.6,1253.7
2025-10-17,NB3,P1,668.92,533.28,747.4,727.6,1003.5,1094.8
2025-10-18,NB3,P1,417.05,725.14,521.4,526.9,788.1,897.6
2025-10-19,NB3,P1,151.94,832.32,441.1,440.0,713.9,868.7
2025-10-20,NB3,P1,937.18,447.97,790.9,750.8,1235.3,1348.1
2025-10-21,NB3,P1,583.62,752.87,684.7,686.2,981.6,1074.5
2025-10-22,NB3,P1,740.67,664.45,791.1,756.8,1101.7,1250.7
2025-10-23,NB3,P1,1045.86,1028.81,851.7,793.7,1184.8,1349.9
2025-10-24,NB3,P1,1033.96,668.92,764.5,730.6,1043.6,1178.0
2025-10-25,NB3,P1,273.03,417.05,533.7,532.1,820.9,878.9
2025-10-26,NB3,P1,360.86,151.94,345.5,333.5,743.3,791.6
2025-10-27,NB3,P1,1073.11,937.18,829.9,812.5,1213.0,1431.4
2025-10-28,NB3,P1,795.85,583.62,710.6,716.1,1134.1,1284.0
2025-10-29,NB3,P1,541.57,740.67,786.2,787.4,1085.8,1229.4
2025-10-30,NB3,P1,756.95,1045.86,839.1,829.1,1182.5,1310.9
2025-10-31,NB3,P1,989.32,1033.96,817.6,783.9,1148.5,1309.7
2025-11-01,NB3,P1,532.77,273.03,495.5,486.3,746.6,786.7
2025-11-02,NB3,P1,223.22,360.86,364.3,342.0,732.0,886.6
2025-11-03,NB3,P1,707.25,1073.11,824.1,824.6,1173.0,1339.7
2025-11-04,NB3,P1,527.81,795.85,777.0,746.8,1146.7,1217.9
2025-11-05,NB3,P1,887.25,541.57,743.4,730.2,1062.5,1174.2
2025-11-06,NB3,P1,583.17,756.95,808.4,802.2,1184.9,1284.8
2025-11-07,NB3,P1,457.31,989.32,840.0,828.1,1178.8,1361.6
2025-11-08,NB3,P1,784.54,532.77,572.2,573.5,763.7,841.8
2025-11-09,NB3,P1,303.51,223.22,390.3,327.1,701.2,773.8
2025-11-10,NB3,P1,862.5,707.25,803.0,799.3,1161.0,1260.3
2025-11-11,NB3,P1,726.34,527.81,727.1,713.4,1104.5,1170.2
2025-11-12,NB3,P1,784.8,887.25,776.6,775.0,1087.7,1214.2
2025-11-13,NB3,P1,879.74,583.17,765.9,809.5,1104.6,1266.9
2025-11-14,NB3,P1,575.01,457.31,743.8,712.4,1179.5,1247.4
2025-11-15,NB3,P1,404.96,784.54,532.9,521.2,829.1,929.7
2025-11-16,NB3,P1,457.11,303.51,288.5,265.9,540.6,671.2
2025-11-17,NB3,P1,1026.63,862.5,813.1,823.8,1171.5,1344.9
2025-11-18,NB3,P1,741.81,726.34,712.9,691.6,988.4,1184.7
2025-11-19,NB3,P1,452.12,784.8,749.0,783.4,1060.1,1175.0
2025-11-20,NB3,P1,737.5,879.74,761.5,767.6,1054.4,1156.1
2025-11-21,NB3,P1,614.37,575.01,743.3,779.4,978.4,1162.4
2025-11-22,NB3,P1,464.84,404.96,514.6,503.1,915.9,939.9
2025-11-23,NB3,P1,217.05,457.11,355.2,339.1,614.3,701.1
2025-11-24,NB3,P1,1015.05,1026.63,827.8,814.2,1184.8,1300.8
2025-11-25,NB3,P1,1050.37,741.81,775.1,754.4,1108.0,1187.0
2025-11-26,NB3,P1,707.15,452.12,639.4,645.1,1014.7,1130.9
2025-11-27,NB3,P1,879.37,737.5,752.3,744.0,1033.9,1128.5
2025-11-28,NB3,P1,532.57,614.37,702.7,693.1,965.1,1124.9
2025-11-29,NB3,P1,486.13,464.84,508.0,513.0,785.8,850.6
2025-11-30,NB3,P1,377.96,217.05,326.3,293.6,636.8,702.3
2025-12-01,NB3,P1,1621.52,1015.05,849.6,866.5,1178.1,1296.0
2025-12-02,NB3,P1,492.45,1050.37,813.5,767.8,1119.2,1292.5
2025-12-03,NB3,P1,648.45,707.15,736.9,748.4,1032.5,1101.7
2025-12-04,NB3,P1,874.55,879.37,805.2,794.0,1115.7,1221.7
2025-12-05,NB3,P1,594.63,532.57,654.4,651.0,943.7,980.5
2025-12-06,NB3,P1,841.44,486.13,529.0,548.7,767.5,858.1
2025-12-07,NB3,P1,407.87,377.96,359.8,345.4,644.6,777.0
2025-12-08,NB3,P1,1268.85,1621.52,990.3,1008.0,1548.3,1746.4
2025-12-09,NB3,P1,758.35,492.45,767.2,727.4,1134.3,1186.5
2025-12-10,NB3,P1,692.79,648.45,725.5,713.7,1040.1,1092.4
2025-12-11,NB3,P1,912.81,874.55,847.8,872.3,1229.2,1308.7
2025-12-12,NB3,P1,716.37,594.63,693.3,686.5,967.9,1048.2
2025-12-13,NB3,P1,581.94,841.44,523.0,508.2,806.8,914.5
2025-12-14,NB3,P1,188.38,407.87,362.3,360.0,610.6,661.8
2025-12-15,NB3,P1,904.62,1268.85,977.3,1119.3,1420.8,1650.4
2025-12-16,NB3,P1,1207.02,758.35,768.1,782.2,1089.0,1196.8
2025-12-17,NB3,P1,532.42,692.79,731.4,721.3,1001.3,1079.3
2025-12-18,NB3,P1,808.05,912.81,866.5,882.4,1210.2,1352.4
2025-12-19,NB3,P1,617.25,716.37,769.2,754.7,1120.7,1206.5
2025-12-20,NB3,P1,358.61,581.94,481.1,464.1,727.4,789.8
2025-12-21,NB3,P1,250.81,188.38,265.6,209.4,556.8,636.2
2025-12-22,NB3,P1,1393.78,904.62,639.1,691.3,1205.0,1456.3
2025-12-23,NB3,P1,607.94,1207.02,531.8,592.3,984.9,1158.2
2025-12-24,NB3,P1,323.49,532.42,417.7,472.8,758.5,935.6
2025-12-25,NB3,P1,0.0,808.05,428.1,577.0,896.6,1070.0
2025-12-26,NB3,P1,404.21,617.25,519.3,577.3,836.8,1011.9
2025-12-27,NB3,P1,780.96,358.61,417.2,383.0,613.3,795.2
2025-12-28,NB3,P1,327.99,250.81,240.2,180.4,504.3,603.5
2025-12-29,NB3,P1,627.87,1393.78,720.8,773.0,1364.8,1462.8
2025-12-30,NB3,P1,459.61,607.94,533.3,538.6,917.6,1034.0
2025-12-31,NB3,P1,577.85,323.49,381.1,413.9,758.1,918.1
2026-01-01,NB3,P1,47.1,0.0,369.6,499.5,763.2,936.4
2026-01-02,NB3,P1,608.02,404.21,436.9,474.5,680.0,845.0
2026-01-03,NB3,P1,176.19,780.96,499.7,536.6,754.9,853.8
2026-01-04,NB3,P1,549.01,327.99,268.4,232.6,470.2,579.7
2026-01-05,NB3,P1,565.55,627.87,858.8,930.5,1244.6,1349.9
2026-01-06,NB3,P1,584.78,459.61,732.3,761.9,998.4,1111.4
2026-01-07,NB3,P1,348.21,577.85,725.1,752.9,936.6,1014.4
2026-01-08,NB3,P1,1009.36,47.1,617.2,563.3,860.2,1072.9
2026-01-09,NB3,P1,974.66,608.02,738.4,730.5,1001.5,1068.1
2026-01-10,NB3,P1,579.26,176.19,430.8,410.7,825.0,866.6
2026-01-11,NB3,P1,67.84,549.01,389.0,413.3,610.8,692.2
2026-01-12,NB3,P1,593.9,565.55,800.8,855.0,1207.1,1451.6
2026-01-13,NB3,P1,644.38,584.78,738.6,787.6,1039.2,1103.2
2026-01-14,NB3,P1,601.28,348.21,601.7,609.1,1080.7,1178.3
2026-01-15,NB3,P1,621.55,1009.36,732.9,768.3,1107.5,1215.6
2026-01-16,NB3,P1,528.86,974.66,737.0,713.1,1112.2,1255.9
2026-01-17,NB3,P1,626.59,579.26,440.9,476.4,717.3,767.6
2026-01-18,NB3,P1,622.24,67.84,293.9,290.6,630.4,681.1
2026-01-19,NB3,P1,918.78,593.9,753.4,781.9,1087.7,1245.4
2026-01-20,NB3,P1,1005.23,644.38,744.7,770.8,1035.3,1212.3
2026-01-21,NB3,P1,534.89,601.28,618.4,688.9,904.3,1114.2
2026-01-22,NB3,P1,1014.94,621.55,745.4,725.2,1023.2,1168.2
2026-01-23,NB3,P1,648.61,528.86,630.3,591.7,1008.4,1108.4
2026-01-24,NB3,P1,763.65,626.59,548.1,560.2,853.4,924.2
2026-01-25,NB3,P1,394.49,622.24,341.0,395.1,643.4,717.3
2026-01-26,NB3,P1,1055.16,918.78,777.1,775.3,1223.1,1465.4
2026-01-27,NB3,P1,609.89,1005.23,744.5,743.8,1061.8,1296.0
2026-01-28,NB3,P1,664.0,534.89,625.3,659.3,916.6,1006.9
2026-01-29,NB3,P1,655.79,1014.94,816.5,792.8,1050.4,1288.6
2026-01-30,NB3,P1,872.5,648.61,710.5,685.8,1022.1,1080.2
2026-01-31,NB3,P1,449.15,763.65,611.3,639.6,840.0,925.1
2026-02-01,NB3,P1,456.85,394.49,399.5,413.3,721.7,781.6
2026-02-02,NB3,P1,1097.93,1055.16,904.9,924.1,1331.3,1516.2
2026-02-03,NB3,P1,851.71,609.89,755.6,737.5,1116.5,1274.1
2026-02-04,NB3,P1,804.34,664.0,715.4,695.8,1028.2,1178.7
2026-02-05,NB3,P1,710.17,655.79,759.7,743.1,1086.8,1257.3
2026-02-06,NB3,P1,413.76,872.5,786.5,770.9,1106.9,1269.4
2026-02-07,NB3,P1,935.78,449.15,562.1,584.3,864.3,946.7
2026-02-08,NB3,P1,467.64,456.85,341.6,326.7,580.2,718.5
2026-02-09,NB3,P1,566.6,1097.93,902.5,937.4,1178.3,1421.2
2026-02-10,NB3,P1,1315.07,851.71,901.6,879.9,1271.4,1480.6
2026-02-11,NB3,P1,197.49,804.34,804.5,808.8,1190.4,1277.3
2026-02-12,NB3,P1,776.67,710.17,795.2,773.1,1151.8,1310.0
2026-02-13,NB3,P1,513.12,413.76,671.8,638.8,1043.3,1209.3
2026-02-14,NB3,P1,136.65,935.78,591.7,568.1,993.0,1142.8
2026-02-15,NB3,P1,154.86,467.64,486.4,474.1,767.4,915.1
2026-02-16,NB3,P1,699.16,566.6,884.6,874.7,1362.4,1630.4
2026-02-17,NB3,P1,417.68,1315.07,853.1,850.8,1321.8,1434.5
2026-02-18,NB3,P1,880.03,197.49,630.7,582.0,1054.4,1201.6
2026-02-19,NB3,P1,936.01,776.67,780.6,757.0,1054.9,1263.0
2026-02-20,NB3,P1,239.6,513.12,724.6,727.5,1043.0,1164.3
2026-02-21,NB3,P1,818.23,136.65,567.4,499.1,898.6,1005.4
2026-02-22,NB3,P1,10.77,154.86,414.6,361.8,730.3,843.0
2026-02-23,NB3,P1,324.04,699.16,767.1,771.5,1117.6,1282.5
2026-02-24,NB3,P1,676.84,417.68,713.4,689.2,1090.8,1247.0
2026-02-25,NB3,P1,400.8,880.03,743.4,765.7,1013.0,1182.2
2026-02-26,NB3,P1,434.19,936.01,805.3,794.4,1162.7,1355.3
2026-02-27,NB3,P1,579.19,239.6,623.7,539.0,953.4,1034.8
2026-02-28,NB3,P1,572.08,818.23,579.1,567.4,871.0,1033.6
2026-03-01,NB3,P1,440.15,10.77,272.8,313.6,577.7,682.3
2026-03-02,NB3,P1,1124.84,324.04,670.4,613.4,972.2,1087.7
2026-03-03,NB3,P1,1108.26,676.84,757.2,743.4,1197.3,1282.1
2026-03-04,NB3,P1,323.22,400.8,576.5,534.6,1015.0,1094.6
2026-03-05,NB3,P1,614.83,434.19,702.7,689.1,1129.3,1219.7
2026-03-06,NB3,P1,877.98,579.19,669.0,686.8,1007.2,1146.5
2026-03-07,NB3,P1,512.9,572.08,625.9,637.4,948.6,1023.9
2026-03-08,NB3,P1,251.14,440.15,308.8,339.9,441.9,555.5
2026-03-09,NB3,P1,1733.34,1124.84,769.5,763.4,1093.4,1291.0
2026-03-10,NB3,P1,311.73,1108.26,816.2,820.3,1237.6,1341.1
2026-03-11,NB3,P1,504.2,323.22,569.6,553.0,924.1,1070.6
2026-03-12,NB3,P1,426.06,614.83,733.5,732.4,996.0,1124.3
2026-03-13,NB3,P1,734.95,877.98,758.8,735.9,1101.1,1199.0
2026-03-14,NB3,P1,934.46,512.9,554.8,556.3,819.4,865.6
2026-03-15,NB3,P1,484.35,251.14,298.8,320.0,627.6,678.0
2026-03-16,NB3,P1,1106.24,1733.34,945.6,1008.2,1638.2,1790.1
2026-03-17,NB3,P1,1591.47,311.73,663.2,600.7,1153.0,1216.5
2026-03-18,NB3,P1,701.19,504.2,684.3,672.8,947.3,1069.9
2026-03-19,NB3,P1,685.66,426.06,672.3,645.3,994.8,1146.8
2026-03-20,NB3,P1,1364.18,734.95,739.2,695.4,1060.1,1144.6
2026-03-21,NB3,P1,1340.7,934.46,706.5,688.4,1055.2,1235.4
2026-03-22,NB3,P1,838.36,484.35,322.6,340.2,526.8,678.1
2026-03-23,NB3,P1,1407.62,1106.24,979.8,1071.8,1640.3,1686.1
2026-03-24,NB3,P1,1399.86,1591.47,917.8,870.1,1549.0,1701.3
2026-03-25,NB3,P1,1164.76,701.19,748.2,728.9,1031.2,1179.8
2026-03-26,NB3,P1,1127.64,685.66,698.8,664.3,997.3,1074.4
2026-03-27,NB3,P1,539.93,1364.18,928.5,912.4,1358.5,1399.1
2026-03-28,NB3,P1,1572.98,1340.7,759.1,763.2,1254.1,1254.1
2026-03-29,NB3,P1,592.17,838.36,492.8,488.6,806.6,880.1
2026-03-30,NB3,P1,1447.16,1407.62,1043.6,1076.5,1646.8,1749.5
2026-03-31,NB3,P1,1943.56,1399.86,970.4,996.5,1540.7,1620.7
2026-04-01,NB3,P1,1042.21,1164.76,932.0,842.6,1220.1,1379.3
2026-04-02,NB3,P1,1502.77,1127.64,901.5,877.8,1259.1,1301.5
2026-04-03,NB3,P1,1170.79,539.93,881.2,794.8,1259.2,1259.2
2026-04-04,NB3,P1,1419.03,1572.98,913.1,994.8,1496.0,1513.0
2026-04-05,NB3,P1,1085.35,592.17,518.3,547.7,819.2,857.0
2026-04-06,NB3,P1,1282.06,1447.16,1058.2,1176.8,1662.1,1664.9
2026-04-07,NB3,P1,1553.17,1943.56,1161.5,1293.0,1894.7,2044.1
2026-04-08,NB3,P1,987.99,1042.21,942.0,931.0,1253.3,1411.1
2026-04-09,NB3,P1,1224.33,1502.77,1030.1,1017.3,1477.9,1528.1
2026-04-10,NB3,P1,1095.75,1170.79,1002.4,1000.0,1513.4,1597.6
2026-04-11,NB3,P1,1538.57,1419.03,1041.0,1148.2,1637.5,1663.2
2026-04-12,NB3,P1,1157.61,1085.35,648.7,675.9,1068.0,1149.5
2026-04-13,NB3,P1,2218.06,1282.06,1131.3,1243.0,1740.9,1784.1
2026-04-14,NB3,P1,867.43,1553.17,1167.8,1263.8,1974.8,2031.9
2026-04-15,NB3,P1,655.38,987.99,1010.8,1037.9,1476.6,1566.2
2026-04-16,NB3,P1,1229.28,1224.33,1127.8,1192.4,1593.4,1627.7
2026-04-17,NB3,P1,1301.4,1095.75,1048.9,1072.7,1511.5,1622.1
2026-04-18,NB3,P1,1619.68,1538.57,1142.7,1255.4,1742.0,1742.0
2026-04-19,NB3,P1,700.16,1157.61,668.7,857.6,1111.3,1201.5
2026-04-20,NB3,P1,1243.13,2218.06,1347.6,1428.8,2089.7,2157.1
2026-04-21,NB3,P1,1510.96,867.43,1182.3,1157.4,1647.5,1759.8
2026-04-22,NB3,P1,1364.87,655.38,918.9,874.3,1340.3,1456.2
2026-04-23,NB3,P1,1344.27,1229.28,1189.0,1183.1,1641.3,1783.0
2026-04-24,NB3,P1,2136.28,1301.4,1129.8,1184.9,1550.3,1642.0
2026-04-25,NB3,P1,1784.11,1619.68,1083.7,1250.0,1872.1,1992.8
2026-04-26,NB3,P1,870.22,700.16,667.3,687.2,1096.7,1201.7
2026-04-27,NB3,P1,910.46,1243.13,1121.2,1255.9,1935.2,1935.2
2026-04-28,NB3,P1,1879.16,1510.96,1118.5,1221.8,1771.1,1841.3
2026-04-29,NB3,P1,460.61,1364.87,954.2,1066.8,1490.7,1490.7
2026-04-30,NB3,P1,1115.78,1344.27,1112.0,1221.9,1629.4,1762.9
2025-10-01,NB3,P2,420.0,458.6,373.6,382.3,518.2,601.9
2025-10-02,NB3,P2,451.07,221.34,342.9,341.2,519.2,586.8
2025-10-03,NB3,P2,264.63,380.2,404.3,392.3,558.2,601.3
2025-10-04,NB3,P2,540.75,673.8,473.2,430.1,698.1,804.5
2025-10-05,NB3,P2,471.85,369.13,309.3,290.7,465.7,524.6
2025-10-06,NB3,P2,353.59,274.66,339.7,342.4,484.3,576.1
2025-10-07,NB3,P2,146.01,293.04,351.4,354.8,510.6,583.6
2025-10-08,NB3,P2,276.1,420.0,374.9,370.9,545.1,606.3
2025-10-09,NB3,P2,328.6,451.07,373.2,387.2,533.0,614.1
2025-10-10,NB3,P2,552.18,264.63,414.9,426.0,570.4,611.8
2025-10-11,NB3,P2,157.95,540.75,464.0,463.7,625.0,743.4
2025-10-12,NB3,P2,93.55,471.85,353.2,355.9,501.0,585.8
2025-10-13,NB3,P2,294.01,353.59,368.7,368.5,522.1,580.5
2025-10-14,NB3,P2,448.13,146.01,329.6,316.7,494.1,548.9
2025-10-15,NB3,P2,240.08,276.1,388.9,378.4,546.2,613.3
2025-10-16,NB3,P2,402.87,328.6,358.5,375.5,531.4,573.6
2025-10-17,NB3,P2,406.87,552.18,445.1,424.8,575.1,661.8
2025-10-18,NB3,P2,416.3,157.95,418.0,412.0,538.8,605.1
2025-10-19,NB3,P2,500.4,93.55,331.6,298.3,485.4,533.7
2025-10-20,NB3,P2,219.63,294.01,360.9,362.1,519.8,571.1
2025-10-21,NB3,P2,267.97,448.13,375.1,380.8,522.8,611.3
2025-10-22,NB3,P2,201.92,240.08,387.4,397.9,570.7,608.4
2025-10-23,NB3,P2,546.14,402.87,400.2,394.2,535.1,589.5
2025-10-24,NB3,P2,442.87,406.87,413.4,410.2,575.1,616.9
2025-10-25,NB3,P2,409.93,416.3,446.7,500.1,673.0,691.7
2025-10-26,NB3,P2,239.88,500.4,335.2,357.5,438.6,550.0
2025-10-27,NB3,P2,206.28,219.63,343.4,346.2,511.8,577.5
2025-10-28,NB3,P2,457.47,267.97,361.4,374.9,537.5,590.8
2025-10-29,NB3,P2,400.5,201.92,352.5,365.4,514.2,559.5
2025-10-30,NB3,P2,333.61,546.14,417.7,414.4,578.6,644.8
2025-10-31,NB3,P2,446.0,442.87,410.6,398.0,579.7,657.6
2025-11-01,NB3,P2,248.46,409.93,445.6,460.9,676.8,779.2
2025-11-02,NB3,P2,357.07,239.88,322.1,353.8,495.7,533.8
2025-11-03,NB3,P2,356.2,206.28,334.6,340.0,494.6,550.7
2025-11-04,NB3,P2,538.17,457.47,385.4,382.4,534.9,603.7
2025-11-05,NB3,P2,429.13,400.5,346.7,346.5,472.7,554.3
2025-11-06,NB3,P2,438.22,333.61,389.3,408.9,556.6,602.3
2025-11-07,NB3,P2,362.17,446.0,419.4,426.0,602.5,700.2
2025-11-08,NB3,P2,363.94,248.46,374.0,394.8,553.3,599.6
2025-11-09,NB3,P2,149.46,357.07,307.8,323.4,417.7,495.4
2025-11-10,NB3,P2,415.89,356.2,353.1,363.0,482.8,559.0
2025-11-11,NB3,P2,305.07,538.17,412.2,419.9,558.2,642.8
2025-11-12,NB3,P2,622.48,429.13,370.6,381.0,543.0,595.1
2025-11-13,NB3,P2,297.32,438.22,382.2,387.1,539.3,617.6
2025-11-14,NB3,P2,139.47,362.17,418.9,426.9,560.2,607.4
2025-11-15,NB3,P2,484.35,363.94,402.2,416.7,520.2,587.2
2025-11-16,NB3,P2,211.12,149.46,312.0,298.5,473.9,558.2
2025-11-17,NB3,P2,286.95,415.89,347.1,352.3,470.4,533.8
2025-11-18,NB3,P2,433.46,305.07,389.7,396.1,540.5,586.7
2025-11-19,NB3,P2,204.22,622.48,407.1,406.0,587.1,681.2
2025-11-20,NB3,P2,278.44,297.32,386.7,394.0,585.1,682.4
2025-11-21,NB3,P2,241.78,139.47,368.4,357.0,506.7,574.1
2025-11-22,NB3,P2,523.04,484.35,416.5,414.7,570.0,647.2
2025-11-23,NB3,P2,171.51,211.12,287.6,294.4,417.3,502.8
2025-11-24,NB3,P2,391.27,286.95,359.8,358.2,538.6,603.1
2025-11-25,NB3,P2,289.3,433.46,380.2,391.7,539.1,625.2
2025-11-26,NB3,P2,280.38,204.22,387.6,390.0,543.0,608.3
2025-11-27,NB3,P2,466.18,278.44,361.5,367.2,515.9,588.3
2025-11-28,NB3,P2,415.1,241.78,371.5,362.9,515.8,608.7
2025-11-29,NB3,P2,420.08,523.04,417.9,416.1,562.3,653.1
2025-11-30,NB3,P2,312.62,171.51,278.5,301.5,399.5,462.5
2025-12-01,NB3,P2,301.25,391.27,370.8,375.7,521.4,588.7
2025-12-02,NB3,P2,174.18,289.3,389.0,385.7,570.9,658.9
2025-12-03,NB3,P2,200.54,280.38,394.9,388.5,522.4,573.4
2025-12-04,NB3,P2,415.58,466.18,389.6,404.1,530.8,612.5
2025-12-05,NB3,P2,365.7,415.1,404.0,408.6,502.1,576.7
2025-12-06,NB3,P2,268.79,420.08,409.1,396.8,534.4,608.5
2025-12-07,NB3,P2,213.04,312.62,232.9,261.2,358.9,449.1
2025-12-08,NB3,P2,222.16,301.25,376.8,373.2,536.6,589.6
2025-12-09,NB3,P2,321.89,174.18,348.5,353.3,498.8,568.4
2025-12-10,NB3,P2,424.42,200.54,370.5,365.4,542.7,623.6
2025-12-11,NB3,P2,311.49,415.58,386.9,390.4,548.0,602.1
2025-12-12,NB3,P2,306.55,365.7,387.9,380.4,521.9,564.8
2025-12-13,NB3,P2,342.71,268.79,408.6,415.7,592.6,637.6
2025-12-14,NB3,P2,443.64,213.04,283.6,291.2,419.6,481.4
2025-12-15,NB3,P2,225.76,222.16,341.8,335.0,492.9,563.4
2025-12-16,NB3,P2,262.54,321.89,359.8,336.8,515.6,552.7
2025-12-17,NB3,P2,223.44,424.42,344.4,322.2,496.7,560.4
2025-12-18,NB3,P2,215.06,311.49,377.0,357.8,542.3,595.7
2025-12-19,NB3,P2,544.7,306.55,392.5,372.7,539.2,594.5
2025-12-20,NB3,P2,307.79,342.71,357.0,310.8,523.5,570.0
2025-12-21,NB3,P2,171.84,443.64,291.4,283.7,417.2,462.9
2025-12-22,NB3,P2,431.68,225.76,302.3,301.1,478.1,483.4
2025-12-23,NB3,P2,178.59,262.54,277.1,270.3,460.9,472.1
2025-12-24,NB3,P2,332.91,223.44,256.6,257.7,438.4,458.3
2025-12-25,NB3,P2,73.86,215.06,261.8,258.6,451.4,469.1
2025-12-26,NB3,P2,165.8,544.7,365.9,369.7,511.5,548.6
2025-12-27,NB3,P2,182.15,307.79,296.6,302.9,458.3,478.1
2025-12-28,NB3,P2,240.61,171.84,250.9,249.7,401.9,425.1
2025-12-29,NB3,P2,354.34,431.68,340.7,318.8,492.0,518.5
2025-12-30,NB3,P2,374.17,178.59,280.1,243.4,457.4,457.4
2025-12-31,NB3,P2,280.56,332.91,305.0,282.3,459.3,470.8
2026-01-01,NB3,P2,155.86,73.86,201.3,215.5,336.5,389.2
2026-01-02,NB3,P2,149.03,165.8,240.2,271.0,346.0,446.8
2026-01-03,NB3,P2,231.22,182.15,253.2,245.2,339.8,397.1
2026-01-04,NB3,P2,135.62,240.61,209.7,212.9,325.8,372.7
2026-01-05,NB3,P2,230.9,354.34,318.3,305.6,469.2,521.5
2026-01-06,NB3,P2,318.16,374.17,288.4,263.1,440.4,491.4
2026-01-07,NB3,P2,110.35,280.56,322.7,307.0,509.1,509.2
2026-01-08,NB3,P2,223.8,155.86,272.0,244.5,405.4,412.8
2026-01-09,NB3,P2,208.53,149.03,287.0,279.8,401.3,490.8
2026-01-10,NB3,P2,266.87,231.22,317.8,296.0,427.5,471.3
2026-01-11,NB3,P2,134.67,135.62,286.7,240.1,359.3,383.1
2026-01-12,NB3,P2,112.13,230.9,295.9,278.2,435.0,489.0
2026-01-13,NB3,P2,148.68,318.16,313.7,308.6,427.2,479.8
2026-01-14,NB3,P2,332.81,110.35,285.5,252.1,425.2,444.3
2026-01-15,NB3,P2,269.03,223.8,268.2,248.2,382.0,432.7
2026-01-16,NB3,P2,222.25,208.53,314.3,287.0,469.7,517.5
2026-01-17,NB3,P2,386.5,266.87,317.9,296.4,419.1,442.0
2026-01-18,NB3,P2,243.79,134.67,225.1,186.8,320.6,340.7
2026-01-19,NB3,P2,356.53,112.13,287.6,259.7,426.9,450.9
2026-01-20,NB3,P2,426.11,148.68,264.2,239.8,406.0,483.2
2026-01-21,NB3,P2,312.57,332.81,280.3,257.0,436.6,461.5
2026-01-22,NB3,P2,182.9,269.03,280.1,266.0,387.9,423.5
2026-01-23,NB3,P2,339.32,222.25,303.7,272.4,437.7,475.8
2026-01-24,NB3,P2,280.31,386.5,308.0,283.3,409.6,469.7
2026-01-25,NB3,P2,343.28,243.79,238.2,216.1,331.8,359.5
2026-01-26,NB3,P2,375.97,356.53,255.9,250.9,394.2,432.8
2026-01-27,NB3,P2,282.45,426.11,294.1,274.5,428.2,498.2
2026-01-28,NB3,P2,409.53,312.57,280.7,263.5,423.4,468.8
2026-01-29,NB3,P2,200.76,182.9,262.2,260.2,383.4,421.0
2026-01-30,NB3,P2,290.06,339.32,308.6,288.8,399.2,476.6
2026-01-31,NB3,P2,457.81,280.31,300.4,292.8,420.1,499.7
2026-02-01,NB3,P2,214.8,343.28,262.8,237.1,328.4,401.3
2026-02-02,NB3,P2,268.01,375.97,277.1,256.5,395.4,455.4
2026-02-03,NB3,P2,374.28,282.45,297.1,284.2,437.8,516.1
2026-02-04,NB3,P2,187.65,409.53,315.8,299.9,455.8,482.5
2026-02-05,NB3,P2,136.96,200.76,273.7,255.3,364.9,421.7
2026-02-06,NB3,P2,333.03,290.06,304.5,288.2,420.4,511.9
2026-02-07,NB3,P2,258.01,457.81,319.2,297.7,444.8,515.9
2026-02-08,NB3,P2,349.84,214.8,267.8,271.0,371.3,416.8
2026-02-09,NB3,P2,341.54,268.01,280.0,254.6,410.5,437.6
2026-02-10,NB3,P2,224.92,374.28,296.4,266.6,427.0,482.2
2026-02-11,NB3,P2,135.83,187.65,285.7,291.1,449.3,480.9
2026-02-12,NB3,P2,149.41,136.96,263.2,240.4,379.3,425.0
2026-02-13,NB3,P2,430.22,333.03,316.0,300.0,473.3,503.8
2026-02-14,NB3,P2,235.63,258.01,306.2,299.2,485.2,499.6
2026-02-15,NB3,P2,49.47,349.84,270.2,264.2,394.9,462.9
2026-02-16,NB3,P2,194.03,341.54,299.8,308.3,465.2,506.0
2026-02-17,NB3,P2,188.07,224.92,297.5,297.3,452.6,534.7
2026-02-18,NB3,P2,247.78,135.83,273.1,261.2,423.8,451.9
2026-02-19,NB3,P2,118.09,149.41,240.5,229.6,376.6,483.0
2026-02-20,NB3,P2,527.48,430.22,297.0,298.1,451.1,487.8
2026-02-21,NB3,P2,534.27,235.63,313.3,311.5,430.0,535.2
2026-02-22,NB3,P2,221.93,49.47,273.7,258.2,374.1,399.3
2026-02-23,NB3,P2,463.55,194.03,277.6,290.3,387.7,473.4
2026-02-24,NB3,P2,149.46,188.07,287.7,283.5,427.3,511.0
2026-02-25,NB3,P2,199.81,247.78,268.6,268.8,389.4,432.7
2026-02-26,NB3,P2,276.37,118.09,251.2,215.6,361.8,451.0
2026-02-27,NB3,P2,326.57,527.48,321.6,319.0,479.9,562.4
2026-02-28,NB3,P2,358.68,534.27,366.6,359.8,493.0,609.5
2026-03-01,NB3,P2,221.1,221.93,207.6,207.4,308.3,365.6
2026-03-02,NB3,P2,351.78,463.55,293.1,270.7,458.2,520.7
2026-03-03,NB3,P2,195.37,149.46,306.9,273.5,446.4,509.8
2026-03-04,NB3,P2,392.38,199.81,265.3,243.3,366.0,431.1
2026-03-05,NB3,P2,239.22,276.37,250.6,222.1,366.5,415.7
2026-03-06,NB3,P2,553.72,326.57,325.3,313.2,477.0,499.7
2026-03-07,NB3,P2,589.75,358.68,322.0,317.8,464.8,553.3
2026-03-08,NB3,P2,300.4,221.1,253.0,256.1,312.8,385.1
2026-03-09,NB3,P2,343.07,351.78,287.9,284.2,414.5,479.1
2026-03-10,NB3,P2,205.24,195.37,264.3,254.0,407.8,491.1
2026-03-11,NB3,P2,143.47,392.38,296.6,271.1,423.0,463.6
2026-03-12,NB3,P2,308.55,239.22,271.0,256.0,420.8,479.7
2026-03-13,NB3,P2,283.17,553.72,372.0,347.1,511.3,590.5
2026-03-14,NB3,P2,295.62,589.75,373.3,355.7,568.3,642.6
2026-03-15,NB3,P2,166.53,300.4,266.5,250.4,350.3,422.1
2026-03-16,NB3,P2,154.65,343.07,309.6,309.0,459.7,516.9
2026-03-17,NB3,P2,268.11,205.24,281.3,262.5,441.0,490.4
2026-03-18,NB3,P2,374.38,143.47,303.8,284.0,469.6,507.1
2026-03-19,NB3,P2,111.24,308.55,297.3,283.1,417.0,483.5
2026-03-20,NB3,P2,279.31,283.17,362.7,356.9,577.1,637.2
2026-03-21,NB3,P2,425.7,295.62,382.5,372.6,582.1,650.7
2026-03-22,NB3,P2,367.17,166.53,290.0,263.8,410.5,485.6
2026-03-23,NB3,P2,268.3,154.65,327.5,290.6,481.3,542.5
2026-03-24,NB3,P2,426.6,268.11,278.5,254.8,427.5,530.1
2026-03-25,NB3,P2,223.06,374.38,312.5,289.6,463.2,521.8
2026-03-26,NB3,P2,245.93,111.24,305.0,279.0,429.6,514.0
2026-03-27,NB3,P2,230.11,279.31,346.0,304.7,486.6,532.1
2026-03-28,NB3,P2,315.54,425.7,360.7,336.1,516.2,557.5
2026-03-29,NB3,P2,325.74,367.17,278.2,256.0,411.1,476.2
2026-03-30,NB3,P2,192.35,268.3,307.9,276.4,447.3,525.2
2026-03-31,NB3,P2,223.5,426.6,318.5,323.9,467.1,548.3
2026-04-01,NB3,P2,291.99,223.06,308.9,294.8,437.8,518.0
2026-04-02,NB3,P2,311.48,245.93,255.6,254.2,408.6,496.5
2026-04-03,NB3,P2,292.8,230.11,338.9,316.8,517.7,619.9
2026-04-04,NB3,P2,347.1,315.54,367.7,355.7,551.6,628.5
2026-04-05,NB3,P2,236.78,325.74,307.3,294.4,418.9,492.2
2026-04-06,NB3,P2,254.52,192.35,295.3,285.5,437.4,496.9
2026-04-07,NB3,P2,320.92,223.5,309.4,293.6,459.6,510.5
2026-04-08,NB3,P2,125.71,291.99,282.3,264.8,411.5,492.6
2026-04-09,NB3,P2,240.84,311.48,282.3,269.3,406.5,480.5
2026-04-10,NB3,P2,168.95,292.8,337.2,322.3,472.7,520.6
2026-04-11,NB3,P2,347.03,347.1,334.4,299.0,426.4,509.4
2026-04-12,NB3,P2,271.63,236.78,255.3,242.1,362.3,400.5
2026-04-13,NB3,P2,163.58,254.52,270.0,234.4,395.3,455.7
2026-04-14,NB3,P2,116.56,320.92,303.9,276.6,409.5,487.5
2026-04-15,NB3,P2,199.82,125.71,297.4,278.3,396.9,458.9
2026-04-16,NB3,P2,239.48,240.84,265.1,252.4,372.3,432.1
2026-04-17,NB3,P2,366.41,168.95,328.3,310.9,445.2,507.3
2026-04-18,NB3,P2,194.83,347.03,361.8,342.6,486.3,525.5
2026-04-19,NB3,P2,552.14,271.63,258.3,263.9,378.8,423.3
2026-04-20,NB3,P2,249.83,163.58,301.4,284.9,431.0,465.4
2026-04-21,NB3,P2,271.09,116.56,284.8,268.0,394.0,494.3
2026-04-22,NB3,P2,214.04,199.82,275.0,254.6,393.0,478.0
2026-04-23,NB3,P2,297.39,239.48,294.5,260.5,438.3,473.2
2026-04-24,NB3,P2,343.01,366.41,316.8,274.1,445.4,494.9
2026-04-25,NB3,P2,315.94,194.83,291.7,260.9,425.6,475.5
2026-04-26,NB3,P2,451.16,552.14,304.6,266.2,444.8,487.5
2026-04-27,NB3,P2,417.09,249.83,264.4,208.5,431.6,492.8
2026-04-28,NB3,P2,307.65,271.09,244.6,201.3,406.6,406.8
2026-04-29,NB3,P2,83.63,214.04,260.3,224.5,406.4,424.7
2026-04-30,NB3,P2,237.82,297.39,265.2,222.9,423.5,465.1
2025-10-01,NB3,P3,955.45,843.09,961.1,947.0,1296.3,1372.6
2025-10-02,NB3,P3,642.13,907.45,901.7,897.7,1199.6,1330.1
2025-10-03,NB3,P3,930.5,1139.35,1046.4,1000.2,1309.5,1440.8
2025-10-04,NB3,P3,1130.79,1166.59,1023.3,1035.4,1268.1,1400.6
2025-10-05,NB3,P3,915.18,730.78,818.4,832.8,1030.2,1194.1
2025-10-06,NB3,P3,1103.25,1011.78,1008.7,1018.9,1322.6,1479.8
2025-10-07,NB3,P3,1006.18,1247.07,1054.6,1030.4,1340.3,1419.1
2025-10-08,NB3,P3,786.95,955.45,974.2,969.0,1310.7,1455.2
2025-10-09,NB3,P3,1370.95,642.13,802.4,792.5,1112.1,1150.8
2025-10-10,NB3,P3,1234.93,930.5,1009.1,1064.2,1308.4,1491.4
2025-10-11,NB3,P3,1218.75,1130.79,1033.4,1061.3,1303.1,1485.5
2025-10-12,NB3,P3,837.72,915.18,845.0,883.7,1159.6,1302.6
2025-10-13,NB3,P3,1241.02,1103.25,1039.4,1107.5,1332.1,1457.8
2025-10-14,NB3,P3,874.72,1006.18,1006.1,1094.3,1274.2,1452.5
2025-10-15,NB3,P3,1097.14,786.95,895.4,878.5,1162.8,1233.1
2025-10-16,NB3,P3,1181.08,1370.95,1003.3,1061.6,1337.3,1387.5
2025-10-17,NB3,P3,1098.05,1234.93,1073.4,1080.7,1462.4,1588.8
2025-10-18,NB3,P3,882.81,1218.75,1061.9,1088.7,1388.4,1465.5
2025-10-19,NB3,P3,603.31,837.72,825.5,845.5,1065.2,1177.7
2025-10-20,NB3,P3,1193.31,1241.02,1109.4,1140.6,1479.1,1670.1
2025-10-21,NB3,P3,1121.98,874.72,1046.6,1001.1,1297.8,1538.2
2025-10-22,NB3,P3,1521.01,1097.14,986.2,969.7,1290.4,1348.6
2025-10-23,NB3,P3,1008.03,1181.08,1095.7,1148.0,1381.5,1387.4
2025-10-24,NB3,P3,967.47,1098.05,1089.6,1101.5,1323.9,1403.8
2025-10-25,NB3,P3,1356.89,882.81,1031.5,1007.9,1279.5,1397.8
2025-10-26,NB3,P3,924.16,603.31,762.9,757.6,1025.8,1093.6
2025-10-27,NB3,P3,1187.54,1193.31,1068.0,1067.1,1364.6,1461.1
2025-10-28,NB3,P3,1149.13,1121.98,1043.3,1041.5,1405.0,1492.5
2025-10-29,NB3,P3,1212.14,1521.01,1093.0,1093.7,1522.4,1575.3
2025-10-30,NB3,P3,715.73,1008.03,1102.8,1089.7,1429.3,1560.3
2025-10-31,NB3,P3,1564.46,967.47,1081.1,1115.4,1416.7,1552.7
2025-11-01,NB3,P3,1382.85,1356.89,1102.4,1094.0,1462.4,1580.9
2025-11-02,NB3,P3,823.0,924.16,834.1,839.8,1138.2,1283.9
2025-11-03,NB3,P3,768.54,1187.54,1111.7,1109.0,1414.8,1539.3
2025-11-04,NB3,P3,1213.07,1149.13,1069.5,1104.9,1328.2,1392.2
2025-11-05,NB3,P3,1215.31,1212.14,1115.2,1150.5,1424.5,1480.1
2025-11-06,NB3,P3,1484.94,715.73,998.4,935.5,1335.0,1412.7
2025-11-07,NB3,P3,793.28,1564.46,1145.9,1125.0,1633.0,1710.3
2025-11-08,NB3,P3,1435.85,1382.85,1152.2,1173.2,1516.9,1516.9
2025-11-09,NB3,P3,621.82,823.0,833.7,862.5,1027.3,1090.6
2025-11-10,NB3,P3,1342.05,768.54,1033.2,980.8,1371.9,1460.3
2025-11-11,NB3,P3,815.66,1213.07,1072.4,1082.0,1341.1,1412.2
2025-11-12,NB3,P3,1057.89,1215.31,1192.8,1164.8,1487.1,1593.3
2025-11-13,NB3,P3,944.37,1484.94,1070.9,1098.8,1533.4,2608.3
2025-11-14,NB3,P3,1208.49,793.28,1095.5,1081.6,1393.5,1455.4
2025-11-15,NB3,P3,968.05,1435.85,1209.7,1226.0,1648.1,1657.2
2025-11-16,NB3,P3,750.79,621.82,795.7,781.6,1105.0,1128.8
2025-11-17,NB3,P3,1260.43,1342.05,1149.6,1144.3,1521.6,1561.2
2025-11-18,NB3,P3,1168.49,815.66,1073.2,1035.8,1316.3,1338.2
2025-11-19,NB3,P3,1220.88,1057.89,1154.0,1143.9,1435.6,1548.5
2025-11-20,NB3,P3,1084.13,944.37,1062.9,1067.4,1387.6,1399.4
2025-11-21,NB3,P3,1443.01,1208.49,1177.4,1129.8,1517.1,1619.6
2025-11-22,NB3,P3,1474.28,968.05,1200.9,1245.5,1544.0,1626.2
2025-11-23,NB3,P3,844.85,750.79,799.9,786.4,1050.7,1191.3
2025-11-24,NB3,P3,948.14,1260.43,1152.2,1165.4,1538.3,1538.3
2025-11-25,NB3,P3,1215.12,1168.49,1072.7,1082.8,1425.6,1544.8
2025-11-26,NB3,P3,1018.35,1220.88,1159.9,1157.3,1439.2,1514.8
2025-11-27,NB3,P3,1171.04,1084.13,1101.1,1130.2,1496.4,1540.9
2025-11-28,NB3,P3,1208.82,1443.01,1213.4,1176.6,1561.1,1561.1
2025-11-29,NB3,P3,1049.56,1474.28,1198.1,1175.9,1666.4,1736.9
2025-11-30,NB3,P3,722.23,844.85,825.5,831.5,1063.3,1156.9
2025-12-01,NB3,P3,1181.29,948.14,1101.9,1117.1,1451.5,1533.3
2025-12-02,NB3,P3,1411.18,1215.12,1085.9,1107.1,1379.2,1389.7
2025-12-03,NB3,P3,1105.94,1018.35,1107.6,1116.4,1395.0,1504.5
2025-12-04,NB3,P3,884.99,1171.04,1173.1,1224.3,1594.8,1752.1
2025-12-05,NB3,P3,1522.31,1208.82,1248.8,1327.6,1510.4,1598.4
2025-12-06,NB3,P3,1177.89,1049.56,1170.9,1231.9,1548.4,1553.8
2025-12-07,NB3,P3,520.07,722.23,770.2,749.8,1052.9,1148.1
2025-12-08,NB3,P3,1539.4,1181.29,1151.5,1156.0,1539.5,1709.3
2025-12-09,NB3,P3,794.47,1411.18,1159.9,1161.2,1480.7,1527.1
2025-12-10,NB3,P3,1352.02,1105.94,1124.5,1128.5,1396.7,1582.6
2025-12-11,NB3,P3,1072.47,884.99,1058.1,1043.8,1303.5,1440.4
2025-12-12,NB3,P3,1014.37,1522.31,1267.6,1270.3,1710.2,1740.2
2025-12-13,NB3,P3,943.07,1177.89,1145.5,1140.6,1462.2,1668.9
2025-12-14,NB3,P3,749.48,520.07,713.6,738.1,945.4,1014.9
2025-12-15,NB3,P3,1549.69,1539.4,1183.9,1185.9,1565.7,1669.2
2025-12-16,NB3,P3,1066.79,794.47,1106.2,1089.3,1399.4,1498.0
2025-12-17,NB3,P3,1404.71,1352.02,1218.9,1242.9,1623.2,1799.5
2025-12-18,NB3,P3,852.1,1072.47,1096.5,1094.8,1426.4,1565.5
2025-12-19,NB3,P3,1390.7,1014.37,1235.3,1280.9,1597.6,1703.3
2025-12-20,NB3,P3,1228.47,943.07,1059.0,1089.6,1373.2,1547.0
2025-12-21,NB3,P3,728.86,749.48,659.4,622.2,895.3,996.0
2025-12-22,NB3,P3,952.06,1549.69,1059.9,1117.6,1596.6,1627.6
2025-12-23,NB3,P3,1401.8,1066.79,967.1,933.6,1397.4,1538.8
2025-12-24,NB3,P3,1234.74,1404.71,928.3,994.0,1409.4,1479.7
2025-12-25,NB3,P3,447.24,852.1,764.6,846.4,1082.0,1227.3
2025-12-26,NB3,P3,822.37,1390.7,1008.1,1014.7,1491.0,1681.7
2025-12-27,NB3,P3,734.11,1228.47,989.4,913.1,1335.3,1591.0
2025-12-28,NB3,P3,651.95,728.86,669.0,654.5,795.1,1006.5
2025-12-29,NB3,P3,1301.46,952.06,1045.7,1031.4,1424.3,1589.2
2025-12-30,NB3,P3,1644.09,1401.8,1018.0,1047.7,1371.1,1433.3
2025-12-31,NB3,P3,1780.0,1234.74,1059.2,1100.3,1447.1,1555.6
2026-01-01,NB3,P3,432.3,447.24,734.4,733.0,1130.4,1358.4
2026-01-02,NB3,P3,493.91,822.37,1051.2,1043.8,1253.7,1343.8
2026-01-03,NB3,P3,458.33,734.11,961.5,891.2,1155.5,1363.5
2026-01-04,NB3,P3,822.97,651.95,653.0,646.0,912.8,912.8
2026-01-05,NB3,P3,1035.8,1301.46,1259.3,1242.6,1614.7,1781.7
2026-01-06,NB3,P3,946.26,1644.09,1239.2,1286.1,1757.2,1835.0
2026-01-07,NB3,P3,758.9,1780.0,1313.4,1271.7,1883.8,1958.9
2026-01-08,NB3,P3,946.81,432.3,791.5,770.7,1102.3,1197.5
2026-01-09,NB3,P3,972.96,493.91,995.3,879.7,1421.4,1492.4
2026-01-10,NB3,P3,1105.6,458.33,889.8,762.4,1184.7,1300.1
2026-01-11,NB3,P3,899.5,822.97,802.4,815.8,1045.1,1116.3
2026-01-12,NB3,P3,960.99,1035.8,1197.4,1257.7,1576.0,1697.0
2026-01-13,NB3,P3,1214.84,946.26,1221.9,1217.8,1644.1,1886.5
2026-01-14,NB3,P3,836.97,758.9,1164.2,1102.0,1752.0,1769.7
2026-01-15,NB3,P3,843.74,946.81,931.5,916.1,1319.1,1442.2
2026-01-16,NB3,P3,1445.62,972.96,1047.7,1028.6,1526.8,1720.0
2026-01-17,NB3,P3,1057.78,1105.6,1038.3,992.0,1534.6,1557.6
2026-01-18,NB3,P3,925.42,899.5,857.5,857.3,1087.5,1218.8
2026-01-19,NB3,P3,1198.54,960.99,1114.9,1145.7,1496.8,1696.1
2026-01-20,NB3,P3,760.14,1214.84,1247.6,1182.4,1627.8,1815.8
2026-01-21,NB3,P3,1266.93,836.97,1096.3,1067.5,1448.9,1605.2
2026-01-22,NB3,P3,761.13,843.74,941.0,919.6,1210.4,1290.0
2026-01-23,NB3,P3,1310.44,1445.62,1197.0,1126.6,1481.2,1546.0
2026-01-24,NB3,P3,1141.74,1057.78,1015.6,996.7,1271.1,1351.8
2026-01-25,NB3,P3,780.93,925.42,875.6,901.8,1151.5,1256.8
2026-01-26,NB3,P3,1199.54,1198.54,1110.3,1112.5,1458.8,1615.9
2026-01-27,NB3,P3,1384.04,760.14,1118.0,1051.3,1533.5,1632.3
2026-01-28,NB3,P3,1029.54,1266.93,1127.8,1127.5,1468.9,1535.9
2026-01-29,NB3,P3,953.86,761.13,922.6,859.4,1194.5,1315.1
2026-01-30,NB3,P3,1377.89,1310.44,1294.2,1308.7,1520.1,1731.4
2026-01-31,NB3,P3,936.81,1141.74,1038.7,1012.3,1323.4,1419.6
2026-02-01,NB3,P3,970.42,780.93,847.4,854.1,1110.1,1171.5
2026-02-02,NB3,P3,792.52,1199.54,1222.3,1273.0,1532.9,1708.5
2026-02-03,NB3,P3,1288.66,1384.04,1179.2,1165.1,1473.5,1608.4
2026-02-04,NB3,P3,1058.63,1029.54,1190.0,1223.5,1459.5,1685.1
2026-02-05,NB3,P3,1332.29,953.86,1057.0,1068.3,1361.9,1518.0
2026-02-06,NB3,P3,551.72,1377.89,1315.4,1346.2,1638.4,1842.0
2026-02-07,NB3,P3,997.33,936.81,1090.8,1149.1,1375.0,1531.0
2026-02-08,NB3,P3,682.19,970.42,939.8,972.0,1236.3,1421.1
2026-02-09,NB3,P3,693.86,792.52,1166.9,1131.1,1823.7,1915.7
2026-02-10,NB3,P3,965.1,1288.66,1273.1,1250.6,1556.3,1677.3
2026-02-11,NB3,P3,925.51,1058.63,1289.0,1253.6,3326.8,3326.8
2026-02-12,NB3,P3,1243.94,1332.29,1185.2,1123.5,1507.6,1649.4
2026-02-13,NB3,P3,1467.14,551.72,1180.4,1082.5,1864.7,1865.2
2026-02-14,NB3,P3,787.17,997.33,1091.1,1131.9,1533.3,1573.6
2026-02-15,NB3,P3,819.82,682.19,838.6,834.5,1184.3,1242.2
2026-02-16,NB3,P3,684.47,693.86,1011.9,994.8,1661.1,1845.4
2026-02-17,NB3,P3,915.7,965.1,1194.6,1183.0,1594.7,1834.2
2026-02-18,NB3,P3,845.54,925.51,1213.3,1319.4,2090.7,3137.5
2026-02-19,NB3,P3,1171.93,1243.94,1177.0,1194.6,1439.4,1632.7
2026-02-20,NB3,P3,1000.32,1467.14,1165.5,1159.5,1673.3,1895.4
2026-02-21,NB3,P3,848.49,787.17,1013.1,1032.0,1366.4,1525.4
2026-02-22,NB3,P3,898.59,819.82,871.8,911.6,1158.7,1302.4
2026-02-23,NB3,P3,1236.32,684.47,957.3,973.4,1526.3,1667.0
2026-02-24,NB3,P3,1262.53,915.7,1305.5,1307.7,1981.6,2141.5
2026-02-25,NB3,P3,780.66,845.54,1152.3,1171.9,2184.8,3031.2
2026-02-26,NB3,P3,984.48,1171.93,1173.1,1168.4,1463.8,1699.4
2026-02-27,NB3,P3,1265.79,1000.32,1172.7,1259.9,1674.5,1874.1
2026-02-28,NB3,P3,1186.49,848.49,1003.0,990.1,1360.8,1547.5
2026-03-01,NB3,P3,982.68,898.59,877.5,885.7,1137.7,1303.4
2026-03-02,NB3,P3,1216.61,1236.32,1057.6,1023.3,1405.6,1558.5
2026-03-03,NB3,P3,727.48,1262.53,1182.6,1182.4,2940.1,2940.1
2026-03-04,NB3,P3,319.55,780.66,937.7,915.5,1403.2,1591.0
2026-03-05,NB3,P3,1117.31,984.48,1094.3,1133.3,1415.2,1590.5
2026-03-06,NB3,P3,680.54,1265.79,1163.5,1152.5,3075.8,3075.8
2026-03-07,NB3,P3,992.29,1186.49,1023.5,995.3,1291.5,1405.7
2026-03-08,NB3,P3,541.82,982.68,874.1,909.6,1118.2,1214.7
2026-03-09,NB3,P3,1571.48,1216.61,1127.6,1084.3,1283.3,1373.6
2026-03-10,NB3,P3,1115.04,727.48,977.6,914.6,1254.3,1371.2
2026-03-11,NB3,P3,480.65,319.55,796.1,720.1,1142.3,1216.2
2026-03-12,NB3,P3,848.41,1117.31,1100.0,1091.0,1391.2,1537.5
2026-03-13,NB3,P3,1282.62,680.54,1065.3,996.0,1515.3,1636.4
2026-03-14,NB3,P3,624.92,992.29,1038.6,1057.1,1239.7,1345.4
2026-03-15,NB3,P3,945.49,541.82,825.1,828.3,1024.2,1104.6
2026-03-16,NB3,P3,1479.61,1571.48,1149.0,1200.9,1594.5,1664.0
2026-03-17,NB3,P3,1265.27,1115.04,1046.7,1017.4,1329.1,1544.3
2026-03-18,NB3,P3,1150.83,480.65,756.0,745.8,1272.8,1335.5
2026-03-19,NB3,P3,863.09,848.41,1009.7,1016.9,1245.7,1389.5
2026-03-20,NB3,P3,1141.37,1282.62,1099.1,1115.2,1489.6,1669.0
2026-03-21,NB3,P3,782.45,624.92,899.2,887.8,1264.3,1341.2
2026-03-22,NB3,P3,941.93,945.49,843.0,840.4,1122.3,1280.3
2026-03-23,NB3,P3,1094.24,1479.61,1196.4,1295.3,1612.0,1707.3
2026-03-24,NB3,P3,795.9,1265.27,1099.8,1109.9,1510.7,1680.8
2026-03-25,NB3,P3,1014.84,1150.83,984.8,944.4,1286.4,1370.3
2026-03-26,NB3,P3,1085.78,863.09,971.2,931.1,1251.3,1406.8
2026-03-27,NB3,P3,1430.27,1141.37,1113.4,1168.5,1554.0,1671.8
2026-03-28,NB3,P3,1084.11,782.45,881.3,864.5,1130.9,1295.6
2026-03-29,NB3,P3,690.4,941.93,914.8,954.5,1212.2,1277.0
2026-03-30,NB3,P3,934.28,1094.24,1159.9,1245.9,1520.7,1657.8
2026-03-31,NB3,P3,1229.28,795.9,987.0,919.3,1386.1,1502.1
2026-04-01,NB3,P3,597.34,1014.84,944.3,959.7,1197.7,1353.8
2026-04-02,NB3,P3,1191.31,1085.78,1035.2,1025.8,1381.9,1530.3
2026-04-03,NB3,P3,982.59,1430.27,1120.7,1159.3,1498.3,1595.2
2026-04-04,NB3,P3,1213.19,1084.11,957.4,956.2,1256.4,1331.9
2026-04-05,NB3,P3,855.78,690.4,764.6,763.3,983.2,1139.5
2026-04-06,NB3,P3,1386.63,934.28,1114.5,1129.1,1527.5,1676.1
2026-04-07,NB3,P3,707.05,1229.28,1093.0,1037.7,1418.7,1547.1
2026-04-08,NB3,P3,902.12,597.34,866.2,839.4,1231.3,1324.7
2026-04-09,NB3,P3,1079.08,1191.31,1035.7,1089.9,1378.0,1477.0
2026-04-10,NB3,P3,1057.71,982.59,1210.1,1246.2,1605.9,1761.4
2026-04-11,NB3,P3,1465.65,1213.19,1012.3,1002.1,1266.3,1306.7
2026-04-12,NB3,P3,1388.86,855.78,870.7,885.2,1112.8,1182.8
2026-04-13,NB3,P3,1029.79,1386.63,1100.9,1101.2,1514.5,1635.2
2026-04-14,NB3,P3,778.89,707.05,946.6,912.5,1298.9,1407.9
2026-04-15,NB3,P3,910.2,902.12,944.7,929.2,1246.5,1432.5
2026-04-16,NB3,P3,1113.8,1079.08,1088.7,1112.1,1362.8,1480.0
2026-04-17,NB3,P3,744.7,1057.71,1147.9,1110.0,1519.8,1654.8
2026-04-18,NB3,P3,977.09,1465.65,1108.8,1129.2,1467.6,1502.5
2026-04-19,NB3,P3,874.38,1388.86,977.8,908.7,1342.3,1366.1
2026-04-20,NB3,P3,1517.78,1029.79,1127.5,1165.9,1458.5,1544.2
2026-04-21,NB3,P3,1079.42,778.89,936.9,930.4,1331.2,1481.1
2026-04-22,NB3,P3,876.79,910.2,976.0,975.5,1259.7,1395.7
2026-04-23,NB3,P3,1452.14,1113.8,1067.4,1121.6,1383.3,1526.9
2026-04-24,NB3,P3,1570.63,744.7,1031.0,981.2,1451.7,1550.5
2026-04-25,NB3,P3,1254.91,977.09,983.3,1084.1,1404.8,1478.4
2026-04-26,NB3,P3,867.86,874.38,853.0,827.0,1223.7,1223.7
2026-04-27,NB3,P3,911.09,1517.78,1047.1,1112.5,1659.9,1743.3
2026-04-28,NB3,P3,1598.16,1079.42,851.5,923.9,1346.2,1432.2
2026-04-29,NB3,P3,214.89,876.79,822.1,823.2,1218.5,1283.1
2026-04-30,NB3,P3,1089.08,1452.14,1061.2,1152.5,1536.9,1586.3
2025-10-01,NB3,P5,72.09,61.1,32.1,24.4,119.3,149.5
2025-10-02,NB3,P5,0.0,0.0,17.5,4.8,71.8,99.0
2025-10-03,NB3,P5,56.22,45.03,17.5,21.9,87.9,111.3
2025-10-04,NB3,P5,0.0,55.4,21.5,18.3,118.7,134.7
2025-10-05,NB3,P5,0.0,0.0,8.9,1.9,44.8,81.6
2025-10-06,NB3,P5,30.3,0.0,21.6,13.6,67.0,114.6
2025-10-07,NB3,P5,0.0,0.0,11.5,3.1,71.5,87.3
2025-10-08,NB3,P5,51.64,72.09,19.3,18.5,92.7,131.9
2025-10-09,NB3,P5,0.0,0.0,19.3,8.7,86.4,121.8
2025-10-10,NB3,P5,84.75,56.22,20.2,11.0,69.2,99.0
2025-10-11,NB3,P5,75.23,0.0,24.8,21.4,123.9,152.8
2025-10-12,NB3,P5,92.64,0.0,6.8,9.7,53.0,73.7
2025-10-13,NB3,P5,108.09,30.3,18.8,9.6,84.1,112.2
2025-10-14,NB3,P5,0.0,0.0,12.1,6.2,67.1,89.1
2025-10-15,NB3,P5,58.88,51.64,23.9,9.6,73.5,106.4
2025-10-16,NB3,P5,98.26,0.0,12.4,2.4,65.9,86.2
2025-10-17,NB3,P5,68.66,84.75,27.1,21.8,90.3,131.6
2025-10-18,NB3,P5,0.0,75.23,21.2,19.2,79.9,118.2
2025-10-19,NB3,P5,0.0,92.64,18.7,23.1,96.8,121.0
2025-10-20,NB3,P5,0.0,108.09,21.5,19.8,95.0,131.1
2025-10-21,NB3,P5,50.69,0.0,14.3,2.8,70.8,87.6
2025-10-22,NB3,P5,0.0,58.88,31.2,18.3,107.0,143.3
2025-10-23,NB3,P5,0.0,98.26,21.9,6.1,94.0,113.5
2025-10-24,NB3,P5,52.23,68.66,36.6,31.8,103.3,149.6
2025-10-25,NB3,P5,89.44,0.0,12.1,3.3,61.4,87.4
2025-10-26,NB3,P5,29.09,0.0,15.4,8.6,64.6,86.9
2025-10-27,NB3,P5,0.0,0.0,26.1,17.6,88.0,132.0
2025-10-28,NB3,P5,105.77,50.69,16.8,3.9,65.4,85.3
2025-10-29,NB3,P5,0.0,0.0,23.6,19.7,79.9,108.0
2025-10-30,NB3,P5,0.0,0.0,17.9,4.6,80.1,104.2
2025-10-31,NB3,P5,63.89,52.23,42.6,40.9,137.9,189.9
2025-11-01,NB3,P5,58.46,89.44,24.5,14.0,95.1,120.8
2025-11-02,NB3,P5,72.33,29.09,14.8,15.0,85.5,102.8
2025-11-03,NB3,P5,42.31,0.0,27.0,16.6,103.4,137.6
2025-11-04,NB3,P5,0.0,105.77,22.7,7.7,89.6,120.8
2025-11-05,NB3,P5,0.0,0.0,26.4,15.7,79.8,99.0
2025-11-06,NB3,P5,0.0,0.0,23.2,13.0,100.0,133.5
2025-11-07,NB3,P5,55.2,63.89,39.8,26.2,111.2,153.0
2025-11-08,NB3,P5,0.0,58.46,24.3,19.0,88.2,115.7
2025-11-09,NB3,P5,14.13,72.33,14.5,16.2,74.0,115.2
2025-11-10,NB3,P5,100.97,42.31,17.9,17.3,95.2,105.2
2025-11-11,NB3,P5,87.74,0.0,30.1,15.2,84.2,111.8
2025-11-12,NB3,P5,52.92,0.0,21.9,5.4,71.1,85.8
2025-11-13,NB3,P5,0.0,0.0,24.0,16.2,81.6,95.4
2025-11-14,NB3,P5,0.0,55.2,33.4,23.1,90.9,117.0
2025-11-15,NB3,P5,0.0,0.0,21.9,9.7,103.6,126.1
2025-11-16,NB3,P5,0.0,14.13,15.2,3.1,69.3,94.4
2025-11-17,NB3,P5,57.81,100.97,25.2,14.5,95.7,123.0
2025-11-18,NB3,P5,0.0,87.74,36.3,20.5,113.0,149.8
2025-11-19,NB3,P5,125.82,52.92,17.7,1.3,68.3,83.2
2025-11-20,NB3,P5,0.0,0.0,14.0,4.4,68.3,84.2
2025-11-21,NB3,P5,53.62,0.0,23.9,17.2,77.5,106.6
2025-11-22,NB3,P5,51.21,0.0,18.8,22.6,70.3,75.1
2025-11-23,NB3,P5,0.0,0.0,11.4,6.9,85.5,109.3
2025-11-24,NB3,P5,0.0,57.81,30.4,17.0,81.0,107.0
2025-11-25,NB3,P5,0.0,0.0,22.7,15.6,98.3,119.4
2025-11-26,NB3,P5,47.3,125.82,23.6,18.4,103.9,126.2
2025-11-27,NB3,P5,0.0,0.0,16.5,5.9,66.7,83.8
2025-11-28,NB3,P5,68.95,53.62,34.3,19.6,89.2,108.4
2025-11-29,NB3,P5,37.92,51.21,16.5,12.8,51.7,69.9
2025-11-30,NB3,P5,0.0,0.0,16.7,21.8,66.1,91.4
2025-12-01,NB3,P5,32.75,0.0,26.6,20.0,104.6,147.1
2025-12-02,NB3,P5,0.0,0.0,20.0,10.4,98.8,131.5
2025-12-03,NB3,P5,44.56,47.3,35.7,18.3,88.8,115.2
2025-12-04,NB3,P5,0.0,0.0,22.8,6.7,70.1,87.4
2025-12-05,NB3,P5,52.44,68.95,30.8,21.1,99.6,136.1
2025-12-06,NB3,P5,0.0,37.92,13.8,6.4,43.8,83.1
2025-12-07,NB3,P5,0.0,0.0,22.6,24.3,60.2,82.7
2025-12-08,NB3,P5,0.0,32.75,34.5,35.8,110.6,126.1
2025-12-09,NB3,P5,0.0,0.0,12.6,10.1,77.0,94.1
2025-12-10,NB3,P5,57.1,44.56,34.1,30.5,122.5,152.4
2025-12-11,NB3,P5,51.94,0.0,18.9,12.3,77.3,94.0
2025-12-12,NB3,P5,132.64,52.44,27.9,18.7,69.1,104.8
2025-12-13,NB3,P5,29.72,0.0,15.5,6.3,54.6,89.4
2025-12-14,NB3,P5,0.0,0.0,17.5,11.8,46.2,53.9
2025-12-15,NB3,P5,0.0,0.0,17.9,9.5,66.3,88.6
2025-12-16,NB3,P5,0.0,0.0,10.2,3.6,65.4,82.9
2025-12-17,NB3,P5,58.63,57.1,18.9,23.3,88.7,113.2
2025-12-18,NB3,P5,0.0,51.94,13.0,0.0,62.1,78.4
2025-12-19,NB3,P5,0.0,132.64,31.9,27.8,111.8,162.0
2025-12-20,NB3,P5,96.48,29.72,16.7,8.6,56.4,83.2
2025-12-21,NB3,P5,0.0,0.0,13.8,12.1,35.2,51.0
2025-12-22,NB3,P5,26.96,0.0,13.2,5.9,69.4,91.4
2025-12-23,NB3,P5,0.0,0.0,19.3,15.9,90.7,90.7
2025-12-24,NB3,P5,17.58,58.63,13.7,0.8,61.6,102.5
2025-12-25,NB3,P5,0.0,0.0,6.3,0.5,57.6,92.9
2025-12-26,NB3,P5,0.0,0.0,15.0,10.6,94.7,106.3
2025-12-27,NB3,P5,0.0,96.48,18.8,10.0,75.4,130.8
2025-12-28,NB3,P5,0.0,0.0,12.4,12.4,45.2,52.9
2025-12-29,NB3,P5,0.0,26.96,22.9,3.2,81.4,97.2
2025-12-30,NB3,P5,155.32,0.0,8.9,4.3,69.4,84.3
2025-12-31,NB3,P5,116.45,17.58,24.2,1.4,73.2,112.1
2026-01-01,NB3,P5,0.0,0.0,22.3,19.4,42.9,92.8
2026-01-02,NB3,P5,17.41,0.0,20.2,31.5,82.3,131.0
2026-01-03,NB3,P5,0.0,0.0,16.6,12.6,52.8,92.5
2026-01-04,NB3,P5,0.0,0.0,8.8,6.8,31.0,57.5
2026-01-05,NB3,P5,0.0,0.0,23.5,22.7,77.2,98.1
2026-01-06,NB3,P5,0.0,155.32,17.9,9.0,108.2,130.2
2026-01-07,NB3,P5,0.0,116.45,33.9,34.4,134.0,158.5
2026-01-08,NB3,P5,0.0,0.0,23.8,4.2,73.5,93.9
2026-01-09,NB3,P5,95.39,17.41,26.5,13.9,109.6,126.1
2026-01-10,NB3,P5,53.93,0.0,16.7,11.9,96.6,116.1
2026-01-11,NB3,P5,0.0,0.0,11.8,3.7,40.6,49.3
2026-01-12,NB3,P5,0.0,0.0,21.0,10.1,77.6,102.9
2026-01-13,NB3,P5,0.0,0.0,23.9,9.4,93.4,152.5
2026-01-14,NB3,P5,43.29,0.0,34.6,31.9,107.9,122.1
2026-01-15,NB3,P5,0.0,0.0,23.1,6.0,70.9,81.2
2026-01-16,NB3,P5,34.38,95.39,26.5,21.2,98.5,121.8
2026-01-17,NB3,P5,0.0,53.93,16.0,6.7,64.9,82.4
2026-01-18,NB3,P5,0.0,0.0,10.8,2.4,41.0,49.7
2026-01-19,NB3,P5,58.71,0.0,11.6,2.2,74.9,89.3
2026-01-20,NB3,P5,0.0,0.0,27.7,20.8,132.6,137.3
2026-01-21,NB3,P5,0.0,43.29,32.0,24.6,133.2,137.7
2026-01-22,NB3,P5,0.0,0.0,11.7,3.6,70.8,82.7
2026-01-23,NB3,P5,62.92,34.38,33.0,19.2,85.2,103.5
2026-01-24,NB3,P5,0.0,0.0,10.6,1.5,52.1,82.5
2026-01-25,NB3,P5,59.82,0.0,12.6,5.5,42.7,53.9
2026-01-26,NB3,P5,54.4,58.71,15.4,3.4,70.7,85.9
2026-01-27,NB3,P5,0.0,0.0,16.0,17.5,115.6,134.3
2026-01-28,NB3,P5,59.72,0.0,29.2,15.7,108.3,136.9
2026-01-29,NB3,P5,0.0,0.0,12.3,3.7,70.4,82.7
2026-01-30,NB3,P5,0.0,62.92,39.5,30.5,123.9,139.2
2026-01-31,NB3,P5,0.0,0.0,10.7,5.4,76.4,103.6
2026-02-01,NB3,P5,0.0,59.82,25.9,8.3,53.4,57.7
2026-02-02,NB3,P5,98.45,54.4,15.2,1.6,67.4,97.5
2026-02-03,NB3,P5,0.0,0.0,12.3,3.4,67.9,85.9
2026-02-04,NB3,P5,0.0,59.72,22.2,12.4,69.3,93.0
2026-02-05,NB3,P5,44.61,0.0,15.3,5.7,68.1,81.2
2026-02-06,NB3,P5,57.88,0.0,33.0,37.6,109.7,128.5
2026-02-07,NB3,P5,0.0,0.0,17.0,6.4,51.8,57.9
2026-02-08,NB3,P5,0.0,0.0,18.1,6.6,53.4,80.7
2026-02-09,NB3,P5,0.0,98.45,18.7,14.0,95.4,125.0
2026-02-10,NB3,P5,24.12,0.0,18.5,7.5,73.3,88.2
2026-02-11,NB3,P5,58.89,0.0,20.0,5.6,69.2,102.4
2026-02-12,NB3,P5,74.42,44.61,25.4,1.7,70.4,84.6
2026-02-13,NB3,P5,44.25,57.88,23.4,12.1,83.1,108.9
2026-02-14,NB3,P5,50.32,0.0,15.9,12.5,61.9,61.9
2026-02-15,NB3,P5,0.0,0.0,10.7,6.4,65.3,69.9
2026-02-16,NB3,P5,0.0,0.0,20.2,27.0,77.1,112.6
2026-02-17,NB3,P5,0.0,24.12,23.0,6.0,72.0,87.5
2026-02-18,NB3,P5,0.0,58.89,24.2,18.9,77.2,97.0
2026-02-19,NB3,P5,0.0,74.42,25.9,15.8,92.1,116.4
2026-02-20,NB3,P5,58.9,44.25,47.3,32.3,108.0,142.9
2026-02-21,NB3,P5,0.0,50.32,10.8,4.1,48.7,57.7
2026-02-22,NB3,P5,0.0,0.0,7.5,4.1,45.5,58.5
2026-02-23,NB3,P5,0.0,0.0,26.7,13.6,100.0,141.2
2026-02-24,NB3,P5,72.85,0.0,45.3,38.3,111.1,114.6
2026-02-25,NB3,P5,0.0,0.0,41.5,35.8,99.2,148.1
2026-02-26,NB3,P5,0.0,0.0,24.4,13.8,81.9,125.1
2026-02-27,NB3,P5,112.32,58.9,27.8,24.8,98.8,144.2
2026-02-28,NB3,P5,0.0,0.0,12.1,5.9,67.6,105.5
2026-03-01,NB3,P5,51.66,0.0,7.5,2.7,40.9,53.6
2026-03-02,NB3,P5,0.0,0.0,18.1,8.4,80.7,102.4
2026-03-03,NB3,P5,0.0,72.85,19.9,11.0,81.2,109.9
2026-03-04,NB3,P5,59.36,0.0,20.9,4.6,80.2,93.0
2026-03-05,NB3,P5,0.0,0.0,18.5,6.2,89.3,115.5
2026-03-06,NB3,P5,0.0,112.32,37.7,35.5,106.3,138.1
2026-03-07,NB3,P5,0.0,0.0,11.4,5.4,56.6,74.6
2026-03-08,NB3,P5,0.0,51.66,8.1,0.0,43.9,54.0
2026-03-09,NB3,P5,66.41,0.0,20.2,2.4,69.4,84.1
2026-03-10,NB3,P5,58.19,0.0,21.6,10.3,79.5,91.2
2026-03-11,NB3,P5,0.0,59.36,19.6,8.7,75.7,93.2
2026-03-12,NB3,P5,25.79,0.0,20.7,6.4,80.2,89.5
2026-03-13,NB3,P5,60.01,0.0,24.3,20.5,90.7,100.1
2026-03-14,NB3,P5,0.0,0.0,17.3,6.2,53.2,61.2
2026-03-15,NB3,P5,0.0,0.0,13.8,5.3,53.6,74.9
2026-03-16,NB3,P5,133.28,66.41,10.5,5.7,77.5,89.6
2026-03-17,NB3,P5,0.0,58.19,27.7,14.4,100.7,120.2
2026-03-18,NB3,P5,0.0,0.0,14.8,1.8,68.5,85.9
2026-03-19,NB3,P5,15.46,25.79,14.9,1.8,67.5,78.6
2026-03-20,NB3,P5,0.0,60.01,32.7,24.8,124.1,149.8
2026-03-21,NB3,P5,55.13,0.0,16.7,9.2,55.6,58.0
2026-03-22,NB3,P5,0.0,0.0,10.2,5.4,63.0,72.2
2026-03-23,NB3,P5,34.01,133.28,14.4,9.7,102.8,119.5
2026-03-24,NB3,P5,64.15,0.0,25.9,15.3,86.8,101.7
2026-03-25,NB3,P5,39.02,0.0,22.6,6.5,92.4,100.6
2026-03-26,NB3,P5,0.0,15.46,34.3,14.0,104.7,116.5
2026-03-27,NB3,P5,0.0,0.0,20.4,12.6,104.3,117.5
2026-03-28,NB3,P5,0.0,55.13,13.1,1.2,52.5,61.8
2026-03-29,NB3,P5,75.1,0.0,7.3,1.4,47.5,56.4
2026-03-30,NB3,P5,90.94,34.01,44.3,37.9,108.1,136.2
2026-03-31,NB3,P5,0.0,64.15,26.7,14.3,110.9,139.0
2026-04-01,NB3,P5,48.87,39.02,15.4,2.4,67.8,93.4
2026-04-02,NB3,P5,0.0,0.0,26.8,6.4,82.2,96.1
2026-04-03,NB3,P5,0.0,0.0,20.2,7.2,86.4,94.2
2026-04-04,NB3,P5,49.8,0.0,9.0,1.4,57.3,76.8
2026-04-05,NB3,P5,0.0,75.1,11.4,3.5,69.1,74.5
2026-04-06,NB3,P5,41.49,90.94,33.8,32.1,123.9,148.5
2026-04-07,NB3,P5,29.97,0.0,21.7,6.1,67.4,85.4
2026-04-08,NB3,P5,26.94,48.87,18.5,7.3,66.3,87.7
2026-04-09,NB3,P5,60.9,0.0,18.6,11.9,73.2,89.2
2026-04-10,NB3,P5,0.0,0.0,19.4,4.9,66.7,82.1
2026-04-11,NB3,P5,57.55,49.8,17.5,8.6,60.1,74.5
2026-04-12,NB3,P5,0.0,0.0,17.0,9.5,64.6,79.6
2026-04-13,NB3,P5,149.0,41.49,29.2,27.9,105.0,118.1
2026-04-14,NB3,P5,0.0,29.97,21.0,5.8,75.7,108.2
2026-04-15,NB3,P5,0.0,26.94,19.4,8.1,71.3,97.9
2026-04-16,NB3,P5,0.0,60.9,30.8,11.9,68.1,94.6
2026-04-17,NB3,P5,70.29,0.0,29.6,9.6,70.0,84.2
2026-04-18,NB3,P5,52.28,57.55,27.1,17.8,58.9,90.7
2026-04-19,NB3,P5,0.0,0.0,12.6,6.4,85.2,98.6
2026-04-20,NB3,P5,24.96,149.0,22.8,19.8,111.3,174.7
2026-04-21,NB3,P5,40.84,0.0,27.9,11.1,68.8,101.5
2026-04-22,NB3,P5,47.21,0.0,21.2,9.0,76.6,118.4
2026-04-23,NB3,P5,0.0,0.0,14.6,0.0,68.1,101.0
2026-04-24,NB3,P5,0.0,70.29,52.6,36.7,115.9,117.8
2026-04-25,NB3,P5,46.15,52.28,11.4,0.0,75.1,96.3
2026-04-26,NB3,P5,0.0,0.0,20.4,14.4,78.9,97.6
2026-04-27,NB3,P5,40.54,24.96,26.1,13.1,115.2,159.9
2026-04-28,NB3,P5,0.0,40.84,10.4,0.0,69.3,98.5
2026-04-29,NB3,P5,0.0,47.21,14.4,5.2,84.5,111.1
2026-04-30,NB3,P5,61.72,0.0,9.7,0.7,107.2,121.7
2025-10-01,NB4,P1,644.57,764.55,748.8,747.0,1114.2,1220.7
2025-10-02,NB4,P1,968.79,885.55,740.4,737.9,1041.2,1155.7
2025-10-03,NB4,P1,640.31,875.59,802.1,792.7,1116.4,1209.7
2025-10-04,NB4,P1,705.93,478.52,403.4,390.0,658.8,719.9
2025-10-05,NB4,P1,79.41,272.06,328.4,301.7,565.2,628.8
2025-10-06,NB4,P1,653.47,708.33,738.2,709.9,1010.8,1152.3
2025-10-07,NB4,P1,827.3,887.4,783.0,757.5,1119.6,1205.5
2025-10-08,NB4,P1,468.09,644.57,731.8,719.0,1090.9,1178.7
2025-10-09,NB4,P1,747.58,968.79,772.3,774.7,1143.4,1267.1
2025-10-10,NB4,P1,623.93,640.31,749.1,742.0,1034.4,1148.5
2025-10-11,NB4,P1,470.24,705.93,530.5,550.6,773.5,894.7
2025-10-12,NB4,P1,333.67,79.41,310.6,289.0,479.3,578.0
2025-10-13,NB4,P1,542.62,653.47,708.2,715.4,988.7,1083.2
2025-10-14,NB4,P1,579.1,827.3,801.3,819.3,1091.8,1203.8
2025-10-15,NB4,P1,802.15,468.09,718.4,690.3,949.9,1030.6
2025-10-16,NB4,P1,505.73,747.58,790.3,798.2,1122.7,1184.2
2025-10-17,NB4,P1,900.76,623.93,729.2,737.8,974.4,1120.9
2025-10-18,NB4,P1,577.33,470.24,477.3,516.5,734.2,813.2
2025-10-19,NB4,P1,362.1,333.67,367.3,338.3,472.2,594.3
2025-10-20,NB4,P1,1057.58,542.62,697.6,718.7,945.0,1053.6
2025-10-21,NB4,P1,256.67,579.1,721.4,746.2,995.7,1115.5
2025-10-22,NB4,P1,723.77,802.15,724.7,716.7,972.3,1080.0
2025-10-23,NB4,P1,1275.76,505.73,693.3,706.8,975.7,1099.7
2025-10-24,NB4,P1,1211.85,900.76,766.0,748.9,1057.8,1143.2
2025-10-25,NB4,P1,339.55,577.33,481.1,488.4,732.1,764.2
2025-10-26,NB4,P1,349.94,362.1,273.8,251.3,484.0,562.9
2025-10-27,NB4,P1,670.23,1057.58,760.6,743.6,1069.7,1184.2
2025-10-28,NB4,P1,757.77,256.67,629.1,647.7,847.0,996.1
2025-10-29,NB4,P1,768.23,723.77,707.1,705.7,986.6,1101.1
2025-10-30,NB4,P1,783.66,1275.76,825.3,775.9,1212.0,1289.0
2025-10-31,NB4,P1,813.02,1211.85,816.9,835.7,1149.7,1242.3
2025-11-01,NB4,P1,669.37,339.55,479.2,521.8,701.7,796.1
2025-11-02,NB4,P1,216.33,349.94,261.6,258.7,468.7,540.7
2025-11-03,NB4,P1,700.31,670.23,730.9,721.2,1114.0,1191.4
2025-11-04,NB4,P1,765.96,757.77,686.9,696.0,952.8,1062.0
2025-11-05,NB4,P1,433.27,768.23,712.3,738.1,1008.6,1129.2
2025-11-06,NB4,P1,693.34,783.66,800.7,799.2,1107.1,1201.5
2025-11-07,NB4,P1,512.83,813.02,837.4,845.6,1141.0,1231.9
2025-11-08,NB4,P1,464.72,669.37,484.8,508.9,711.2,785.1
2025-11-09,NB4,P1,296.81,216.33,286.2,260.6,484.7,531.6
2025-11-10,NB4,P1,643.82,700.31,735.3,760.5,1035.4,1182.9
2025-11-11,NB4,P1,672.45,765.96,717.3,732.5,968.0,1086.4
2025-11-12,NB4,P1,771.86,433.27,602.7,680.8,971.2,1056.3
2025-11-13,NB4,P1,855.17,693.34,709.9,739.4,1109.8,1241.7
2025-11-14,NB4,P1,632.65,512.83,739.7,747.1,1106.2,1225.7
2025-11-15,NB4,P1,206.66,464.72,462.1,505.2,703.6,822.1
2025-11-16,NB4,P1,323.22,296.81,314.6,321.3,505.9,589.2
2025-11-17,NB4,P1,662.87,643.82,703.5,726.0,993.7,1085.0
2025-11-18,NB4,P1,882.23,672.45,688.0,703.7,918.4,1048.6
2025-11-19,NB4,P1,876.4,771.86,703.3,707.8,947.4,1062.4
2025-11-20,NB4,P1,458.28,855.17,777.0,816.0,1117.6,1208.5
2025-11-21,NB4,P1,688.2,632.65,704.1,726.4,1009.3,1097.7
2025-11-22,NB4,P1,466.81,206.66,381.8,402.6,648.5,709.4
2025-11-23,NB4,P1,382.53,323.22,284.2,277.5,471.2,549.4
2025-11-24,NB4,P1,1001.31,662.87,689.4,711.0,941.5,1072.9
2025-11-25,NB4,P1,845.61,882.23,757.8,777.8,1001.9,1085.1
2025-11-26,NB4,P1,668.93,876.4,727.0,735.7,1020.6,1110.4
2025-11-27,NB4,P1,921.26,458.28,652.4,676.9,1010.1,1085.0
2025-11-28,NB4,P1,864.29,688.2,670.1,688.9,970.9,1061.7
2025-11-29,NB4,P1,542.04,466.81,463.3,476.5,662.9,786.8
2025-11-30,NB4,P1,154.29,382.53,254.5,254.4,433.4,529.9
2025-12-01,NB4,P1,491.75,1001.31,742.3,752.1,1027.2,1183.8
2025-12-02,NB4,P1,651.02,845.61,758.7,794.8,1040.7,1117.1
2025-12-03,NB4,P1,1545.02,668.93,651.6,675.9,956.7,1063.6
2025-12-04,NB4,P1,799.14,921.26,741.5,732.5,1045.8,1201.4
2025-12-05,NB4,P1,776.61,864.29,727.6,731.1,949.2,1041.9
2025-12-06,NB4,P1,478.86,542.04,444.9,499.5,645.2,703.0
2025-12-07,NB4,P1,332.29,154.29,282.7,252.9,523.2,557.1
2025-12-08,NB4,P1,896.95,491.75,685.2,686.4,1087.2,1108.9
2025-12-09,NB4,P1,748.65,651.02,665.7,704.2,983.6,1100.8
2025-12-10,NB4,P1,758.2,1545.02,843.4,884.2,1329.8,1424.7
2025-12-11,NB4,P1,706.06,799.14,748.8,776.4,1077.5,1154.7
2025-12-12,NB4,P1,597.86,776.61,750.0,762.6,1065.9,1158.4
2025-12-13,NB4,P1,440.58,478.86,444.6,462.5,662.4,735.6
2025-12-14,NB4,P1,227.23,332.29,304.3,307.2,486.1,563.8
2025-12-15,NB4,P1,655.71,896.95,772.7,779.0,1109.1,1281.6
2025-12-16,NB4,P1,1081.34,748.65,712.8,747.6,1017.5,1115.7
2025-12-17,NB4,P1,728.84,758.2,791.6,757.9,1248.8,1296.2
2025-12-18,NB4,P1,1015.86,706.06,729.4,764.2,1152.1,1298.5
2025-12-19,NB4,P1,709.39,597.86,729.6,750.3,1065.1,1162.6
2025-12-20,NB4,P1,650.11,440.58,396.6,346.7,562.6,659.2
2025-12-21,NB4,P1,190.16,227.23,209.6,173.6,411.8,494.3
2025-12-22,NB4,P1,670.8,655.71,495.4,532.1,942.1,1032.8
2025-12-23,NB4,P1,385.42,1081.34,499.9,542.0,909.9,1099.5
2025-12-24,NB4,P1,318.33,728.84,374.3,532.2,984.1,1186.6
2025-12-25,NB4,P1,47.45,1015.86,425.7,529.5,917.5,1166.8
2025-12-26,NB4,P1,118.5,709.39,520.7,566.4,813.8,970.4
2025-12-27,NB4,P1,453.32,650.11,423.9,426.4,637.3,730.1
2025-12-28,NB4,P1,143.38,190.16,188.6,143.6,387.2,483.7
2025-12-29,NB4,P1,812.99,670.8,524.5,593.0,833.6,985.2
2025-12-30,NB4,P1,422.5,385.42,420.3,421.8,858.0,990.0
2025-12-31,NB4,P1,323.34,318.33,375.0,383.9,777.9,940.8
2026-01-01,NB4,P1,92.18,47.45,393.9,392.8,710.0,913.4
2026-01-02,NB4,P1,248.38,118.5,358.0,354.4,636.2,831.4
2026-01-03,NB4,P1,387.76,453.32,377.6,390.4,485.9,644.0
2026-01-04,NB4,P1,130.56,143.38,168.4,175.7,317.0,466.5
2026-01-05,NB4,P1,324.16,812.99,759.6,802.3,1023.3,1118.6
2026-01-06,NB4,P1,561.01,422.5,638.3,652.3,967.4,1063.6
2026-01-07,NB4,P1,513.66,323.34,660.3,606.5,878.8,951.4
2026-01-08,NB4,P1,502.57,92.18,600.3,580.3,943.6,1117.1
2026-01-09,NB4,P1,297.66,248.38,572.1,502.8,859.0,959.6
2026-01-10,NB4,P1,556.07,387.76,428.8,451.6,629.6,684.4
2026-01-11,NB4,P1,191.59,130.56,212.1,206.6,435.1,502.6
2026-01-12,NB4,P1,702.7,324.16,624.6,643.0,976.0,1070.3
2026-01-13,NB4,P1,1183.12,561.01,672.8,702.1,929.8,1034.9
2026-01-14,NB4,P1,1007.82,513.66,649.6,650.9,887.7,1003.5
2026-01-15,NB4,P1,550.03,502.57,590.0,600.1,851.8,1044.0
2026-01-16,NB4,P1,654.77,297.66,530.5,464.3,811.3,914.4
2026-01-17,NB4,P1,512.99,556.07,479.2,512.9,689.4,758.7
2026-01-18,NB4,P1,251.43,191.59,200.4,214.0,415.9,498.3
2026-01-19,NB4,P1,692.25,702.7,650.6,659.9,966.6,1098.2
2026-01-20,NB4,P1,986.85,1183.12,661.3,717.1,992.7,1164.8
2026-01-21,NB4,P1,816.88,1007.82,641.5,658.5,975.5,1158.9
2026-01-22,NB4,P1,713.14,550.03,628.4,660.2,801.0,971.8
2026-01-23,NB4,P1,569.76,654.77,596.7,575.3,859.3,944.2
2026-01-24,NB4,P1,153.55,512.99,467.0,507.5,667.6,746.7
2026-01-25,NB4,P1,299.16,251.43,202.2,188.2,397.7,486.0
2026-01-26,NB4,P1,1153.82,692.25,627.9,624.8,997.1,1113.1
2026-01-27,NB4,P1,963.87,986.85,723.5,653.3,1097.8,1290.6
2026-01-28,NB4,P1,583.44,816.88,683.9,684.8,1204.0,1433.2
2026-01-29,NB4,P1,1307.74,713.14,641.5,625.4,885.5,999.8
2026-01-30,NB4,P1,476.83,569.76,606.9,596.6,920.8,978.5
2026-01-31,NB4,P1,370.45,153.55,360.7,378.9,642.9,690.9
2026-02-01,NB4,P1,170.21,299.16,249.1,243.0,450.3,547.3
2026-02-02,NB4,P1,683.07,1153.82,736.1,760.7,1058.2,1207.2
2026-02-03,NB4,P1,1029.62,963.87,748.6,789.7,1165.0,1359.5
2026-02-04,NB4,P1,865.73,583.44,634.6,653.1,1074.3,1207.1
2026-02-05,NB4,P1,727.15,1307.74,798.8,761.3,1215.1,1281.5
2026-02-06,NB4,P1,771.63,476.83,595.0,573.9,912.6,965.8
2026-02-07,NB4,P1,465.5,370.45,415.5,426.0,603.4,729.2
2026-02-08,NB4,P1,335.11,170.21,233.3,233.6,470.8,546.3
2026-02-09,NB4,P1,964.91,683.07,713.6,718.9,1105.6,1238.0
2026-02-10,NB4,P1,856.3,1029.62,826.3,834.0,1222.3,1380.4
2026-02-11,NB4,P1,758.86,865.73,720.8,715.4,1076.2,1161.7
2026-02-12,NB4,P1,746.71,727.15,732.4,726.5,1134.8,1249.6
2026-02-13,NB4,P1,922.43,771.63,655.1,649.2,1024.9,1076.2
2026-02-14,NB4,P1,410.11,465.5,416.8,441.5,660.5,720.3
2026-02-15,NB4,P1,82.22,335.11,256.4,250.6,454.0,545.9
2026-02-16,NB4,P1,583.02,964.91,806.1,792.5,1195.5,1306.9
2026-02-17,NB4,P1,600.83,856.3,767.7,800.8,1117.5,1219.5
2026-02-18,NB4,P1,720.3,758.86,713.3,720.3,1044.5,1145.5
2026-02-19,NB4,P1,338.81,746.71,734.6,738.0,1163.3,1259.9
2026-02-20,NB4,P1,580.77,922.43,725.9,721.6,1059.9,1238.3
2026-02-21,NB4,P1,225.62,410.11,396.5,413.9,627.4,694.7
2026-02-22,NB4,P1,325.71,82.22,239.2,224.7,435.9,519.5
2026-02-23,NB4,P1,774.88,583.02,711.5,738.9,1072.9,1207.0
2026-02-24,NB4,P1,543.0,600.83,703.5,723.4,1091.6,1248.5
2026-02-25,NB4,P1,1085.09,720.3,688.9,712.8,1017.0,1164.4
2026-02-26,NB4,P1,695.3,338.81,680.2,686.2,1000.7,1092.2
2026-02-27,NB4,P1,1098.93,580.77,643.3,651.6,1025.7,1094.8
2026-02-28,NB4,P1,372.47,225.62,350.6,369.1,637.9,681.4
2026-03-01,NB4,P1,362.22,325.71,208.0,222.5,429.3,501.3
2026-03-02,NB4,P1,645.42,774.88,709.6,700.2,1019.5,1120.7
2026-03-03,NB4,P1,1315.66,543.0,661.4,709.2,934.8,1079.5
2026-03-04,NB4,P1,724.07,1085.09,781.6,780.6,1120.7,1243.4
2026-03-05,NB4,P1,570.37,695.3,679.6,693.5,951.7,1050.7
2026-03-06,NB4,P1,478.95,1098.93,809.5,768.9,1117.7,1227.3
2026-03-07,NB4,P1,480.89,372.47,407.4,424.8,616.3,683.0
2026-03-08,NB4,P1,378.62,362.22,268.7,261.2,474.9,569.0
2026-03-09,NB4,P1,1012.6,645.42,703.8,709.2,1034.6,1150.8
2026-03-10,NB4,P1,716.65,1315.66,858.7,802.3,1230.2,1297.3
2026-03-11,NB4,P1,698.9,724.07,769.6,763.2,1139.5,1234.1
2026-03-12,NB4,P1,733.19,570.37,688.8,691.1,982.6,1069.2
2026-03-13,NB4,P1,885.7,478.95,704.3,672.1,1083.6,1197.3
2026-03-14,NB4,P1,142.66,480.89,399.9,412.8,624.5,674.9
2026-03-15,NB4,P1,277.24,378.62,268.4,260.8,479.6,553.1
2026-03-16,NB4,P1,451.82,1012.6,772.5,766.6,1051.0,1189.2
2026-03-17,NB4,P1,804.33,716.65,764.7,745.8,1104.8,1235.3
2026-03-18,NB4,P1,675.96,698.9,752.7,777.5,1107.2,1212.6
2026-03-19,NB4,P1,713.43,733.19,695.6,702.1,945.4,1033.9
2026-03-20,NB4,P1,717.61,885.7,776.8,757.3,1085.7,1192.8
2026-03-21,NB4,P1,499.71,142.66,344.4,337.9,587.8,679.5
2026-03-22,NB4,P1,77.18,277.24,319.2,278.7,520.0,570.9
2026-03-23,NB4,P1,910.94,451.82,717.3,725.7,1097.3,1175.3
2026-03-24,NB4,P1,1173.93,804.33,815.3,824.4,1230.9,1335.9
2026-03-25,NB4,P1,901.84,675.96,732.0,753.4,1052.0,1163.1
2026-03-26,NB4,P1,734.39,713.43,738.7,749.1,1196.2,1323.3
2026-03-27,NB4,P1,705.88,717.61,755.7,757.5,1087.0,1197.1
2026-03-28,NB4,P1,655.07,499.71,387.6,412.3,596.3,692.5
2026-03-29,NB4,P1,289.55,77.18,319.5,277.4,478.7,553.7
2026-03-30,NB4,P1,810.1,910.94,784.9,764.3,1095.9,1252.0
2026-03-31,NB4,P1,720.45,1173.93,867.8,840.1,1248.7,1382.4
2026-04-01,NB4,P1,584.02,901.84,780.5,783.1,1048.7,1174.9
2026-04-02,NB4,P1,590.97,734.39,741.7,736.8,1014.0,1125.4
2026-04-03,NB4,P1,571.07,705.88,749.2,748.6,1026.0,1140.8
2026-04-04,NB4,P1,545.63,655.07,476.5,511.1,744.7,802.9
2026-04-05,NB4,P1,221.44,289.55,272.6,283.4,483.8,541.3
2026-04-06,NB4,P1,354.84,810.1,767.0,808.6,1108.6,1198.5
2026-04-07,NB4,P1,432.37,720.45,740.8,759.0,1101.1,1238.4
2026-04-08,NB4,P1,778.3,584.02,669.8,703.2,1033.0,1123.2
2026-04-09,NB4,P1,773.94,590.97,708.2,715.3,1008.5,1088.6
2026-04-10,NB4,P1,673.63,571.07,723.9,739.6,1010.9,1094.0
2026-04-11,NB4,P1,274.6,545.63,471.2,541.6,670.5,748.3
2026-04-12,NB4,P1,304.83,221.44,209.9,211.4,399.0,485.4
2026-04-13,NB4,P1,644.62,354.84,599.7,591.6,965.0,1111.0
2026-04-14,NB4,P1,779.92,432.37,651.3,689.3,1016.2,1140.7
2026-04-15,NB4,P1,806.32,778.3,716.1,733.8,1016.7,1116.4
2026-04-16,NB4,P1,72.73,773.94,698.9,703.6,997.8,1088.2
2026-04-17,NB4,P1,654.69,673.63,680.9,696.5,1001.2,1067.1
2026-04-18,NB4,P1,496.55,274.6,458.3,504.8,690.3,773.8
2026-04-19,NB4,P1,287.25,304.83,212.7,255.6,450.2,526.3
2026-04-20,NB4,P1,962.63,644.62,683.0,699.7,977.9,1088.3
2026-04-21,NB4,P1,784.2,779.92,711.4,751.4,1016.4,1118.6
2026-04-22,NB4,P1,468.22,806.32,754.1,759.7,1095.4,1199.8
2026-04-23,NB4,P1,705.49,72.73,528.9,492.1,949.8,1052.5
2026-04-24,NB4,P1,703.36,654.69,695.2,688.7,1015.8,1110.1
2026-04-25,NB4,P1,386.2,496.55,385.1,403.4,696.4,771.9
2026-04-26,NB4,P1,167.12,287.25,229.8,227.4,456.2,524.1
2026-04-27,NB4,P1,258.06,962.63,607.3,682.0,1090.3,1217.6
2026-04-28,NB4,P1,1146.09,784.2,604.8,683.8,1179.0,1326.4
2026-04-29,NB4,P1,512.82,468.22,509.5,565.1,995.6,1119.7
2026-04-30,NB4,P1,627.17,705.49,558.6,615.7,904.5,1037.5
2025-10-01,NB4,P2,136.56,220.76,158.7,162.2,254.3,289.0
2025-10-02,NB4,P2,118.61,170.08,157.5,164.2,260.3,301.5
2025-10-03,NB4,P2,65.2,268.99,166.3,173.6,258.8,287.5
2025-10-04,NB4,P2,206.27,379.6,181.9,172.6,299.2,358.2
2025-10-05,NB4,P2,240.76,97.72,136.2,141.5,218.0,232.9
2025-10-06,NB4,P2,96.49,136.72,150.1,155.7,259.0,292.7
2025-10-07,NB4,P2,177.06,201.46,140.5,152.6,243.1,278.8
2025-10-08,NB4,P2,217.93,136.56,161.2,164.5,292.0,314.2
2025-10-09,NB4,P2,136.48,118.61,151.6,158.4,249.7,294.9
2025-10-10,NB4,P2,199.35,65.2,163.3,169.1,262.3,306.8
2025-10-11,NB4,P2,180.42,206.27,179.3,182.9,306.9,323.4
2025-10-12,NB4,P2,183.87,240.76,136.0,144.4,193.8,252.5
2025-10-13,NB4,P2,108.89,96.49,153.2,156.0,244.7,294.0
2025-10-14,NB4,P2,113.89,177.06,155.1,157.4,248.3,297.4
2025-10-15,NB4,P2,255.87,217.93,167.7,171.4,259.2,298.5
2025-10-16,NB4,P2,176.36,136.48,158.9,154.5,251.9,295.9
2025-10-17,NB4,P2,105.62,199.35,167.2,163.3,240.4,291.5
2025-10-18,NB4,P2,326.65,180.42,180.0,167.7,295.8,348.1
2025-10-19,NB4,P2,299.48,183.87,161.1,154.6,235.6,280.7
2025-10-20,NB4,P2,187.85,108.89,155.2,156.5,258.2,291.2
2025-10-21,NB4,P2,105.37,113.89,159.6,157.9,260.3,295.7
2025-10-22,NB4,P2,264.42,255.87,177.9,166.6,309.4,331.6
2025-10-23,NB4,P2,71.11,176.36,158.6,159.6,251.7,299.7
2025-10-24,NB4,P2,54.47,105.62,177.3,166.6,253.1,306.3
2025-10-25,NB4,P2,27.06,326.65,202.1,188.6,325.4,385.0
2025-10-26,NB4,P2,162.81,299.48,165.6,155.9,253.4,334.4
2025-10-27,NB4,P2,82.82,187.85,151.8,156.1,242.4,280.4
2025-10-28,NB4,P2,22.71,105.37,163.9,157.4,256.5,291.7
2025-10-29,NB4,P2,53.3,264.42,169.7,169.4,282.1,309.7
2025-10-30,NB4,P2,313.78,71.11,161.3,158.4,247.7,296.4
2025-10-31,NB4,P2,76.25,54.47,156.8,160.5,243.8,269.5
2025-11-01,NB4,P2,66.22,27.06,185.3,181.2,279.5,312.2
2025-11-02,NB4,P2,125.11,162.81,162.9,163.2,288.3,312.4
2025-11-03,NB4,P2,203.57,82.82,147.4,152.3,252.9,292.2
2025-11-04,NB4,P2,74.12,22.71,148.8,149.2,235.2,271.8
2025-11-05,NB4,P2,39.69,53.3,168.1,167.4,268.9,298.5
2025-11-06,NB4,P2,114.8,313.78,159.9,158.0,270.1,321.9
2025-11-07,NB4,P2,161.55,76.25,160.5,153.6,259.2,287.9
2025-11-08,NB4,P2,152.99,66.22,158.5,150.7,243.7,258.0
2025-11-09,NB4,P2,197.48,125.11,161.1,148.7,261.6,303.8
2025-11-10,NB4,P2,241.09,203.57,152.6,158.3,252.0,275.7
2025-11-11,NB4,P2,129.79,74.12,143.5,139.2,249.1,267.0
2025-11-12,NB4,P2,195.7,39.69,151.4,146.9,248.0,289.3
2025-11-13,NB4,P2,153.8,114.8,149.8,146.9,266.1,292.7
2025-11-14,NB4,P2,167.07,161.55,141.0,139.5,227.3,257.0
2025-11-15,NB4,P2,207.82,152.99,147.2,137.9,221.1,260.7
2025-11-16,NB4,P2,186.45,197.48,138.9,126.9,212.1,254.2
2025-11-17,NB4,P2,121.29,241.09,146.8,145.4,279.4,315.8
2025-11-18,NB4,P2,201.05,129.79,130.1,122.7,231.6,256.5
2025-11-19,NB4,P2,67.75,195.7,145.1,140.6,262.6,301.0
2025-11-20,NB4,P2,141.37,153.8,140.7,137.9,261.0,284.2
2025-11-21,NB4,P2,169.08,167.07,148.5,147.2,247.0,283.4
2025-11-22,NB4,P2,172.33,207.82,164.9,152.4,235.3,276.4
2025-11-23,NB4,P2,105.2,186.45,144.0,129.6,232.1,286.6
2025-11-24,NB4,P2,41.92,121.29,136.2,135.6,239.0,282.1
2025-11-25,NB4,P2,91.52,201.05,140.6,131.8,224.0,255.8
2025-11-26,NB4,P2,281.37,67.75,129.8,123.2,225.3,260.3
2025-11-27,NB4,P2,176.08,141.37,146.5,144.3,263.1,294.5
2025-11-28,NB4,P2,162.37,169.08,143.4,139.8,229.4,267.9
2025-11-29,NB4,P2,130.03,172.33,150.6,145.9,246.5,277.9
2025-11-30,NB4,P2,142.28,105.2,135.9,130.5,243.6,272.1
2025-12-01,NB4,P2,33.55,41.92,133.7,137.5,225.4,273.8
2025-12-02,NB4,P2,202.9,91.52,129.9,129.0,240.3,265.4
2025-12-03,NB4,P2,47.92,281.37,153.2,151.3,267.4,275.3
2025-12-04,NB4,P2,298.78,176.08,137.4,139.2,240.0,276.2
2025-12-05,NB4,P2,98.96,162.37,158.4,158.9,269.1,296.4
2025-12-06,NB4,P2,136.21,130.03,155.8,154.5,254.9,277.6
2025-12-07,NB4,P2,90.0,142.28,145.9,148.7,243.0,264.2
2025-12-08,NB4,P2,101.44,33.55,129.3,136.3,225.9,270.5
2025-12-09,NB4,P2,60.54,202.9,138.1,147.0,239.8,268.1
2025-12-10,NB4,P2,165.36,47.92,147.5,145.1,262.4,278.5
2025-12-11,NB4,P2,80.9,298.78,154.1,158.8,271.0,320.6
2025-12-12,NB4,P2,61.44,98.96,162.9,157.3,256.1,283.6
2025-12-13,NB4,P2,138.97,136.21,165.7,157.3,264.5,282.6
2025-12-14,NB4,P2,94.05,90.0,133.5,132.5,217.6,282.4
2025-12-15,NB4,P2,120.65,101.44,126.0,121.9,217.2,241.3
2025-12-16,NB4,P2,84.49,60.54,134.9,132.8,229.4,287.2
2025-12-17,NB4,P2,127.09,165.36,132.4,141.2,255.1,287.1
2025-12-18,NB4,P2,123.45,80.9,134.4,129.7,244.1,277.7
2025-12-19,NB4,P2,254.04,61.44,138.6,133.1,226.3,268.8
2025-12-20,NB4,P2,100.14,138.97,128.5,119.9,205.8,249.2
2025-12-21,NB4,P2,130.65,94.05,103.7,97.1,182.0,212.2
2025-12-22,NB4,P2,206.36,120.65,116.2,109.7,194.8,226.8
2025-12-23,NB4,P2,210.97,84.49,113.8,96.1,221.0,253.8
2025-12-24,NB4,P2,120.48,127.09,107.5,95.2,211.1,254.2
2025-12-25,NB4,P2,142.63,123.45,113.2,114.1,239.4,269.8
2025-12-26,NB4,P2,24.35,254.04,118.5,124.7,215.2,276.6
2025-12-27,NB4,P2,28.73,100.14,119.2,117.9,195.6,245.9
2025-12-28,NB4,P2,53.96,130.65,98.2,99.6,173.3,216.2
2025-12-29,NB4,P2,300.95,206.36,140.1,129.4,228.0,238.3
2025-12-30,NB4,P2,70.68,210.97,135.3,137.8,243.2,266.4
2025-12-31,NB4,P2,161.69,120.48,118.0,108.9,199.3,233.7
2026-01-01,NB4,P2,32.07,142.63,103.2,108.7,160.2,228.1
2026-01-02,NB4,P2,71.49,24.35,90.4,85.4,167.8,194.3
2026-01-03,NB4,P2,51.73,28.73,88.2,82.0,127.1,183.4
2026-01-04,NB4,P2,23.63,53.96,74.6,67.0,131.3,184.9
2026-01-05,NB4,P2,38.12,300.95,125.1,113.1,244.6,314.3
2026-01-06,NB4,P2,86.0,70.68,108.0,85.7,213.1,256.3
2026-01-07,NB4,P2,156.47,161.69,118.7,106.4,236.6,251.3
2026-01-08,NB4,P2,166.1,32.07,115.8,120.3,221.3,244.7
2026-01-09,NB4,P2,10.82,71.49,134.2,123.7,217.9,246.2
2026-01-10,NB4,P2,154.0,51.73,117.0,100.0,171.1,214.1
2026-01-11,NB4,P2,139.28,23.63,83.1,83.4,167.5,189.1
2026-01-12,NB4,P2,43.32,38.12,119.5,109.6,222.4,253.9
2026-01-13,NB4,P2,91.39,86.0,118.8,110.4,215.9,231.7
2026-01-14,NB4,P2,77.86,156.47,117.7,106.9,221.6,237.2
2026-01-15,NB4,P2,47.64,166.1,120.5,117.4,214.9,234.2
2026-01-16,NB4,P2,300.71,10.82,138.3,127.4,221.1,269.0
2026-01-17,NB4,P2,168.67,154.0,123.2,111.3,183.3,231.3
2026-01-18,NB4,P2,58.41,139.28,95.1,93.8,154.3,182.1
2026-01-19,NB4,P2,152.12,43.32,125.2,123.1,233.5,272.4
2026-01-20,NB4,P2,95.96,91.39,121.6,116.0,230.0,259.1
2026-01-21,NB4,P2,293.95,77.86,115.7,112.8,229.3,252.7
2026-01-22,NB4,P2,152.14,47.64,115.1,106.7,202.8,244.1
2026-01-23,NB4,P2,258.47,300.71,148.6,128.8,252.7,299.5
2026-01-24,NB4,P2,128.29,168.67,127.9,118.2,199.7,241.4
2026-01-25,NB4,P2,166.12,58.41,85.9,85.5,150.0,197.0
2026-01-26,NB4,P2,40.04,152.12,121.7,123.4,225.3,267.3
2026-01-27,NB4,P2,71.13,95.96,106.6,106.1,209.9,238.4
2026-01-28,NB4,P2,71.65,293.95,115.9,108.2,239.6,273.3
2026-01-29,NB4,P2,227.4,152.14,118.4,108.5,225.8,237.7
2026-01-30,NB4,P2,50.49,258.47,134.9,132.4,270.2,288.1
2026-01-31,NB4,P2,225.6,128.29,122.4,113.9,223.2,265.5
2026-02-01,NB4,P2,48.8,166.12,104.8,96.5,191.6,231.7
2026-02-02,NB4,P2,174.25,40.04,105.3,102.1,195.2,251.1
2026-02-03,NB4,P2,47.56,71.13,102.1,105.3,198.4,222.7
2026-02-04,NB4,P2,73.06,71.65,113.3,111.5,225.7,260.8
2026-02-05,NB4,P2,16.65,227.4,128.7,131.3,231.3,271.0
2026-02-06,NB4,P2,78.82,50.49,117.5,116.5,231.3,241.8
2026-02-07,NB4,P2,339.16,225.6,130.8,127.0,227.1,267.0
2026-02-08,NB4,P2,192.95,48.8,101.0,88.1,200.5,233.3
2026-02-09,NB4,P2,91.62,174.25,128.1,125.4,225.1,252.4
2026-02-10,NB4,P2,195.74,47.56,111.5,110.8,197.4,229.5
2026-02-11,NB4,P2,224.18,73.06,118.4,120.9,233.8,258.8
2026-02-12,NB4,P2,154.17,16.65,107.3,95.7,212.4,255.7
2026-02-13,NB4,P2,206.27,78.82,136.3,128.9,262.6,282.2
2026-02-14,NB4,P2,201.84,339.16,132.3,120.4,252.3,339.5
2026-02-15,NB4,P2,0.0,192.95,120.8,112.0,213.6,234.4
2026-02-16,NB4,P2,60.17,91.62,135.0,130.7,243.7,286.3
2026-02-17,NB4,P2,73.81,195.74,132.4,127.4,226.7,249.6
2026-02-18,NB4,P2,90.28,224.18,149.5,146.0,270.1,290.1
2026-02-19,NB4,P2,166.94,154.17,150.6,152.0,238.3,248.6
2026-02-20,NB4,P2,28.72,206.27,154.9,150.6,244.1,257.6
2026-02-21,NB4,P2,108.18,201.84,158.5,155.0,266.5,285.7
2026-02-22,NB4,P2,175.05,0.0,118.5,110.6,204.4,246.5
2026-02-23,NB4,P2,104.77,60.17,132.9,131.3,248.8,280.0
2026-02-24,NB4,P2,222.87,73.81,123.3,124.8,227.8,260.5
2026-02-25,NB4,P2,276.7,90.28,130.6,131.2,236.8,288.7
2026-02-26,NB4,P2,144.6,166.94,155.5,141.9,245.3,296.5
2026-02-27,NB4,P2,138.13,28.72,117.1,112.5,221.2,280.2
2026-02-28,NB4,P2,239.09,108.18,154.2,145.1,272.2,334.2
2026-03-01,NB4,P2,147.42,175.05,94.4,87.7,170.6,194.5
2026-03-02,NB4,P2,162.69,104.77,127.2,122.6,227.5,262.7
2026-03-03,NB4,P2,132.85,222.87,126.8,123.2,225.0,253.7
2026-03-04,NB4,P2,47.92,276.7,141.4,130.2,249.5,272.4
2026-03-05,NB4,P2,22.86,144.6,141.7,135.8,234.5,273.7
2026-03-06,NB4,P2,168.39,138.13,128.4,131.2,213.8,240.5
2026-03-07,NB4,P2,114.83,239.09,175.1,161.3,286.3,329.0
2026-03-08,NB4,P2,176.63,147.42,144.3,126.5,200.5,285.0
2026-03-09,NB4,P2,137.02,162.69,133.8,130.9,214.1,249.3
2026-03-10,NB4,P2,212.56,132.85,149.2,143.0,256.3,307.3
2026-03-11,NB4,P2,94.31,47.92,140.9,138.3,260.7,285.1
2026-03-12,NB4,P2,146.61,22.86,136.5,136.7,227.8,296.1
2026-03-13,NB4,P2,58.11,168.39,171.4,165.5,272.0,318.5
2026-03-14,NB4,P2,9.5,114.83,168.7,153.3,264.0,321.9
2026-03-15,NB4,P2,174.0,176.63,132.8,112.3,209.2,264.8
2026-03-16,NB4,P2,190.61,137.02,152.1,145.9,257.4,281.8
2026-03-17,NB4,P2,143.67,212.56,146.5,139.1,231.9,259.8
2026-03-18,NB4,P2,136.64,94.31,152.6,148.2,262.2,289.1
2026-03-19,NB4,P2,80.35,146.61,158.4,150.6,248.9,274.4
2026-03-20,NB4,P2,173.91,58.11,155.1,154.4,249.2,283.8
2026-03-21,NB4,P2,78.29,9.5,140.4,119.9,226.0,257.4
2026-03-22,NB4,P2,96.48,174.0,154.2,142.1,246.0,303.1
2026-03-23,NB4,P2,109.96,190.61,142.3,140.8,242.7,275.6
2026-03-24,NB4,P2,183.49,143.67,159.1,157.7,267.8,299.8
2026-03-25,NB4,P2,132.73,136.64,163.6,157.3,255.0,305.4
2026-03-26,NB4,P2,149.32,80.35,170.7,162.2,258.6,309.9
2026-03-27,NB4,P2,152.9,173.91,155.7,155.7,252.4,284.6
2026-03-28,NB4,P2,224.12,78.29,182.0,176.4,260.5,260.5
2026-03-29,NB4,P2,80.85,96.48,140.5,136.2,233.2,277.8
2026-03-30,NB4,P2,173.41,109.96,143.5,141.5,248.0,289.8
2026-03-31,NB4,P2,67.09,183.49,138.7,134.2,239.4,272.6
2026-04-01,NB4,P2,133.76,132.73,139.4,139.5,240.2,262.0
2026-04-02,NB4,P2,184.88,149.32,139.8,137.8,237.8,243.5
2026-04-03,NB4,P2,124.29,152.9,156.2,151.5,239.0,274.0
2026-04-04,NB4,P2,126.7,224.12,174.1,175.4,244.8,284.5
2026-04-05,NB4,P2,173.29,80.85,152.9,138.8,234.2,250.9
2026-04-06,NB4,P2,99.15,173.41,130.1,129.5,225.4,260.8
2026-04-07,NB4,P2,187.5,67.09,138.2,138.5,244.9,289.6
2026-04-08,NB4,P2,266.37,133.76,137.0,136.7,237.2,260.2
2026-04-09,NB4,P2,125.3,184.88,139.9,136.1,233.3,280.6
2026-04-10,NB4,P2,91.52,124.29,148.6,145.6,240.2,264.8
2026-04-11,NB4,P2,178.75,126.7,169.7,142.8,245.0,287.0
2026-04-12,NB4,P2,169.14,173.29,114.6,118.5,193.3,239.2
2026-04-13,NB4,P2,147.35,99.15,146.6,134.7,260.8,296.5
2026-04-14,NB4,P2,236.9,187.5,129.6,123.6,213.8,249.9
2026-04-15,NB4,P2,72.98,266.37,139.1,133.7,258.0,285.2
2026-04-16,NB4,P2,42.82,125.3,139.1,136.9,230.8,267.0
2026-04-17,NB4,P2,124.95,91.52,149.8,143.8,230.8,252.2
2026-04-18,NB4,P2,118.76,178.75,152.9,144.1,245.9,267.8
2026-04-19,NB4,P2,23.9,169.14,134.9,130.3,231.7,275.7
2026-04-20,NB4,P2,244.88,147.35,142.3,139.8,224.4,258.9
2026-04-21,NB4,P2,157.63,236.9,145.0,140.8,264.4,292.0
2026-04-22,NB4,P2,218.26,72.98,139.7,133.7,250.3,283.8
2026-04-23,NB4,P2,132.66,42.82,132.1,128.1,213.5,245.0
2026-04-24,NB4,P2,78.95,124.95,155.4,142.0,256.8,289.6
2026-04-25,NB4,P2,214.98,118.76,143.1,111.9,278.4,316.6
2026-04-26,NB4,P2,166.69,23.9,108.3,92.1,230.5,259.8
2026-04-27,NB4,P2,102.9,244.88,127.6,112.7,252.0,309.1
2026-04-28,NB4,P2,275.34,157.63,124.7,110.9,239.9,274.9
2026-04-29,NB4,P2,145.82,218.26,137.0,126.4,229.8,281.7
2026-04-30,NB4,P2,112.98,132.66,136.0,108.5,240.4,284.2
2025-10-01,NB4,P3,1654.51,1680.71,1524.4,1598.2,1966.7,2031.7
2025-10-02,NB4,P3,1434.51,1050.88,1304.1,1301.3,1688.9,1836.9
2025-10-03,NB4,P3,1138.44,1762.33,1634.7,1686.0,2027.3,2078.2
2025-10-04,NB4,P3,1090.25,2122.48,1563.6,1634.5,1999.4,2124.8
2025-10-05,NB4,P3,1028.81,1405.17,1190.3,1233.8,1573.1,1717.7
2025-10-06,NB4,P3,1464.2,1283.64,1491.4,1495.6,1908.2,1965.7
2025-10-07,NB4,P3,1613.77,1306.54,1517.7,1530.9,1935.2,2061.8
2025-10-08,NB4,P3,1520.7,1654.51,1614.0,1638.9,2026.5,2125.4
2025-10-09,NB4,P3,1473.2,1434.51,1299.6,1283.5,1637.5,1743.4
2025-10-10,NB4,P3,1374.6,1138.44,1563.7,1530.5,1940.9,2001.2
2025-10-11,NB4,P3,1460.78,1090.25,1410.2,1426.4,1922.8,1978.4
2025-10-12,NB4,P3,1343.27,1028.81,1127.6,1203.3,1451.0,1507.2
2025-10-13,NB4,P3,1324.22,1464.2,1530.3,1596.6,1809.6,1879.9
2025-10-14,NB4,P3,1432.33,1613.77,1531.4,1560.2,1920.8,2013.4
2025-10-15,NB4,P3,1290.6,1520.7,1575.8,1587.5,1829.2,1985.7
2025-10-16,NB4,P3,1544.93,1473.2,1441.8,1478.1,1728.7,1846.9
2025-10-17,NB4,P3,1475.21,1374.6,1483.7,1443.8,1784.9,1890.8
2025-10-18,NB4,P3,1268.53,1460.78,1348.6,1441.8,1767.1,1846.6
2025-10-19,NB4,P3,1165.07,1343.27,1176.8,1189.6,1575.5,1643.4
2025-10-20,NB4,P3,1702.09,1324.22,1416.4,1468.2,1757.6,1811.5
2025-10-21,NB4,P3,1374.63,1432.33,1550.6,1519.2,1837.6,2000.1
2025-10-22,NB4,P3,1509.27,1290.6,1490.6,1540.6,1803.7,1899.4
2025-10-23,NB4,P3,1315.16,1544.93,1401.8,1495.7,1811.3,1844.8
2025-10-24,NB4,P3,1965.45,1475.21,1426.3,1432.7,1783.0,1881.8
2025-10-25,NB4,P3,1564.46,1268.53,1339.7,1372.9,1744.8,1847.1
2025-10-26,NB4,P3,1202.43,1165.07,1186.4,1147.6,1500.9,1581.3
2025-10-27,NB4,P3,1698.73,1702.09,1479.6,1503.5,1927.8,1992.5
2025-10-28,NB4,P3,1476.13,1374.63,1417.6,1457.0,1747.2,1848.1
2025-10-29,NB4,P3,1822.53,1509.27,1422.0,1475.6,1758.4,1820.9
2025-10-30,NB4,P3,1280.47,1315.16,1416.7,1465.5,1781.9,1909.0
2025-10-31,NB4,P3,1908.87,1965.45,1603.9,1671.3,2017.7,2108.1
2025-11-01,NB4,P3,2058.49,1564.46,1337.2,1409.1,1837.2,1869.7
2025-11-02,NB4,P3,1622.46,1202.43,1131.1,1169.6,1436.9,1599.3
2025-11-03,NB4,P3,1611.13,1698.73,1493.9,1541.0,1980.3,2047.4
2025-11-04,NB4,P3,1469.37,1476.13,1438.1,1517.3,1791.0,1872.5
2025-11-05,NB4,P3,1206.74,1822.53,1567.5,1605.5,1950.2,2038.5
2025-11-06,NB4,P3,1572.39,1280.47,1410.0,1434.2,1744.8,1890.4
2025-11-07,NB4,P3,1378.39,1908.87,1645.4,1733.4,2069.8,2175.0
2025-11-08,NB4,P3,1385.81,2058.49,1559.4,1600.1,1977.0,2132.1
2025-11-09,NB4,P3,1599.06,1622.46,1356.1,1337.8,1719.8,1891.1
2025-11-10,NB4,P3,1283.68,1611.13,1575.9,1620.0,1999.0,2066.0
2025-11-11,NB4,P3,1498.08,1469.37,1392.4,1510.6,1810.7,1867.5
2025-11-12,NB4,P3,1616.03,1206.74,1461.2,1478.9,1890.2,1954.5
2025-11-13,NB4,P3,1474.51,1572.39,1389.6,1436.5,1813.0,1848.7
2025-11-14,NB4,P3,1457.75,1378.39,1565.9,1593.6,1964.1,1988.4
2025-11-15,NB4,P3,1842.1,1385.81,1497.4,1500.5,1922.9,1984.7
2025-11-16,NB4,P3,1469.71,1599.06,1382.1,1395.4,1714.7,1891.8
2025-11-17,NB4,P3,1378.37,1283.68,1538.1,1568.5,1795.7,1943.4
2025-11-18,NB4,P3,1656.61,1498.08,1464.1,1556.1,1775.1,1871.0
2025-11-19,NB4,P3,2035.81,1616.03,1542.8,1540.7,1959.7,2029.1
2025-11-20,NB4,P3,2019.46,1474.51,1384.8,1476.5,1717.2,1789.3
2025-11-21,NB4,P3,1904.76,1457.75,1553.7,1594.3,1859.7,1899.8
2025-11-22,NB4,P3,2059.35,1842.1,1627.9,1685.1,1971.6,2007.0
2025-11-23,NB4,P3,1340.97,1469.71,1356.1,1475.4,1680.7,1848.1
2025-11-24,NB4,P3,1998.12,1378.37,1445.2,1458.9,1743.6,1823.0
2025-11-25,NB4,P3,1684.15,1656.61,1487.2,1575.9,1990.4,2033.1
2025-11-26,NB4,P3,1663.06,2035.81,1625.1,1640.3,1991.4,2163.6
2025-11-27,NB4,P3,1789.55,2019.46,1576.2,1649.9,2017.2,2108.2
2025-11-28,NB4,P3,1509.53,1904.76,1576.4,1637.0,2079.7,2108.1
2025-11-29,NB4,P3,1777.71,2059.35,1609.0,1690.0,2107.3,2271.1
2025-11-30,NB4,P3,915.89,1340.97,1346.9,1398.5,1643.3,1687.2
2025-12-01,NB4,P3,1811.7,1998.12,1557.6,1613.0,1973.0,2098.0
2025-12-02,NB4,P3,1910.57,1684.15,1579.9,1623.1,2002.0,2082.6
2025-12-03,NB4,P3,1647.93,1663.06,1628.9,1675.7,1991.0,2102.8
2025-12-04,NB4,P3,1538.14,1789.55,1609.7,1662.5,2002.4,2102.2
2025-12-05,NB4,P3,1307.33,1509.53,1507.3,1602.7,1969.0,1999.6
2025-12-06,NB4,P3,1151.59,1777.71,1641.0,1662.4,2006.9,2101.7
2025-12-07,NB4,P3,1308.19,915.89,1243.2,1217.8,1532.0,1673.1
2025-12-08,NB4,P3,1457.33,1811.7,1594.0,1639.3,1978.7,2119.4
2025-12-09,NB4,P3,1606.98,1910.57,1616.0,1639.2,2044.6,2155.1
2025-12-10,NB4,P3,1420.43,1647.93,1581.2,1627.6,2042.5,2086.4
2025-12-11,NB4,P3,1571.63,1538.14,1527.0,1598.4,1985.9,1985.9
2025-12-12,NB4,P3,1481.81,1307.33,1483.6,1520.4,1804.4,1883.7
2025-12-13,NB4,P3,1818.73,1151.59,1487.7,1476.8,1889.1,1933.3
2025-12-14,NB4,P3,1418.69,1308.19,1147.5,1224.6,1548.0,1613.3
2025-12-15,NB4,P3,2081.0,1457.33,1577.8,1652.3,2003.7,2003.7
2025-12-16,NB4,P3,1539.19,1606.98,1618.8,1676.2,2020.3,2099.9
2025-12-17,NB4,P3,1617.31,1420.43,1562.6,1547.9,1832.1,2002.3
2025-12-18,NB4,P3,1842.14,1571.63,1560.0,1595.8,1920.5,1963.4
2025-12-19,NB4,P3,1653.74,1481.81,1545.9,1588.2,1848.4,1891.3
2025-12-20,NB4,P3,1996.9,1818.73,1494.2,1458.5,1847.3,1961.5
2025-12-21,NB4,P3,1486.89,1418.69,1141.8,1172.8,1269.4,1383.8
2025-12-22,NB4,P3,1742.73,2081.0,1415.6,1344.0,1991.3,1991.3
2025-12-23,NB4,P3,1870.79,1539.19,1297.4,1266.6,1687.4,1773.7
2025-12-24,NB4,P3,1846.16,1617.31,1168.3,1296.6,1770.2,1845.0
2025-12-25,NB4,P3,840.78,1842.14,1125.6,1293.3,1795.8,1887.7
2025-12-26,NB4,P3,1110.52,1653.74,1173.2,1307.1,1811.6,1857.5
2025-12-27,NB4,P3,1195.44,1996.9,1232.0,1287.6,1798.1,2002.8
2025-12-28,NB4,P3,1322.6,1486.89,1040.8,1096.1,1446.4,1663.4
2025-12-29,NB4,P3,1850.63,1742.73,1434.5,1508.5,1915.3,1962.9
2025-12-30,NB4,P3,1808.34,1870.79,1383.8,1472.7,1860.1,1874.0
2025-12-31,NB4,P3,1914.69,1846.16,1342.9,1433.1,1780.8,1875.3
2026-01-01,NB4,P3,431.39,840.78,1186.5,1209.8,1607.9,1675.7
2026-01-02,NB4,P3,1410.32,1110.52,1285.8,1300.3,1486.5,1750.3
2026-01-03,NB4,P3,660.68,1195.44,1342.7,1343.8,1582.3,1757.9
2026-01-04,NB4,P3,1084.84,1322.6,1260.4,1342.5,1468.3,1608.2
2026-01-05,NB4,P3,1322.39,1850.63,1601.3,1635.3,1995.8,2081.3
2026-01-06,NB4,P3,1240.97,1808.34,1596.0,1674.7,1988.9,2068.1
2026-01-07,NB4,P3,849.96,1914.69,1615.6,1693.5,2022.6,2111.2
2026-01-08,NB4,P3,1215.45,431.39,1150.5,1061.7,1531.0,1660.4
2026-01-09,NB4,P3,1609.9,1410.32,1442.0,1420.8,1782.6,1895.8
2026-01-10,NB4,P3,1352.71,660.68,1274.3,1274.6,1549.5,1693.4
2026-01-11,NB4,P3,1361.51,1084.84,1275.3,1305.6,1542.1,1675.4
2026-01-12,NB4,P3,1711.47,1322.39,1595.5,1616.0,2046.1,2110.3
2026-01-13,NB4,P3,1640.43,1240.97,1570.2,1563.4,1952.2,1989.2
2026-01-14,NB4,P3,1557.65,849.96,1397.2,1426.5,1890.1,1900.6
2026-01-15,NB4,P3,1469.73,1215.45,1276.9,1242.4,1612.5,1753.4
2026-01-16,NB4,P3,2002.69,1609.9,1606.6,1663.1,1962.4,2032.8
2026-01-17,NB4,P3,1585.36,1352.71,1377.8,1308.9,1658.4,1780.9
2026-01-18,NB4,P3,1300.92,1361.51,1250.9,1299.8,1527.0,1628.9
2026-01-19,NB4,P3,1102.34,1711.47,1621.7,1686.6,2007.9,2055.4
2026-01-20,NB4,P3,1443.62,1640.43,1589.0,1575.5,2053.4,2064.3
2026-01-21,NB4,P3,2030.99,1557.65,1521.7,1518.7,1872.7,1939.5
2026-01-22,NB4,P3,1514.59,1469.73,1346.0,1245.5,1617.9,1750.0
2026-01-23,NB4,P3,1579.53,2002.69,1653.9,1708.2,2045.0,2186.3
2026-01-24,NB4,P3,1717.1,1585.36,1349.8,1301.7,1709.4,1762.9
2026-01-25,NB4,P3,1300.28,1300.92,1191.3,1232.3,1495.1,1530.6
2026-01-26,NB4,P3,1652.29,1102.34,1472.3,1499.0,1925.4,1952.2
2026-01-27,NB4,P3,1551.61,1443.62,1555.4,1567.6,1802.8,1990.2
2026-01-28,NB4,P3,1681.66,2030.99,1543.0,1465.6,2017.3,2108.8
2026-01-29,NB4,P3,1450.74,1514.59,1392.8,1356.8,1697.3,1817.6
2026-01-30,NB4,P3,1881.26,1579.53,1567.5,1600.1,2005.0,2057.4
2026-01-31,NB4,P3,1151.32,1717.1,1512.5,1437.0,1895.5,1975.1
2026-02-01,NB4,P3,1303.84,1300.28,1241.5,1319.9,1517.6,1641.0
2026-02-02,NB4,P3,1860.48,1652.29,1483.0,1523.3,1975.6,2056.5
2026-02-03,NB4,P3,1273.71,1551.61,1481.9,1565.2,1839.6,1903.2
2026-02-04,NB4,P3,1586.2,1681.66,1559.3,1542.2,2006.4,2099.2
2026-02-05,NB4,P3,1675.03,1450.74,1437.3,1544.7,1785.3,1848.8
2026-02-06,NB4,P3,1656.58,1881.26,1652.5,1693.4,2007.5,2070.8
2026-02-07,NB4,P3,1738.42,1151.32,1428.4,1396.8,1878.1,1953.8
2026-02-08,NB4,P3,1111.63,1303.84,1273.9,1334.3,1586.6,1765.1
2026-02-09,NB4,P3,2192.63,1860.48,1621.6,1658.5,1940.5,2067.8
2026-02-10,NB4,P3,1339.84,1273.71,1470.3,1546.1,1781.2,1876.3
2026-02-11,NB4,P3,2172.44,1586.2,1566.3,1596.8,1956.0,2022.7
2026-02-12,NB4,P3,1670.78,1675.03,1544.0,1601.6,1969.0,2031.6
2026-02-13,NB4,P3,1623.92,1656.58,1673.7,1720.1,2089.0,2211.8
2026-02-14,NB4,P3,1040.24,1738.42,1490.4,1565.9,1949.4,2024.8
2026-02-15,NB4,P3,585.63,1111.63,1255.0,1240.0,1557.0,1696.8
2026-02-16,NB4,P3,944.78,2192.63,1677.4,1728.6,2163.8,2163.8
2026-02-17,NB4,P3,1401.9,1339.84,1421.5,1446.6,1747.8,1850.5
2026-02-18,NB4,P3,1380.67,2172.44,1661.6,1697.2,2187.8,2187.8
2026-02-19,NB4,P3,1242.86,1670.78,1505.7,1545.5,2009.7,2071.0
2026-02-20,NB4,P3,1656.07,1623.92,1577.5,1605.8,2043.0,2063.7
2026-02-21,NB4,P3,1486.84,1040.24,1321.5,1280.2,1771.1,1771.1
2026-02-22,NB4,P3,1042.4,585.63,1062.7,1031.8,1404.4,1538.7
2026-02-23,NB4,P3,1656.92,944.78,1505.1,1498.4,2003.3,2040.4
2026-02-24,NB4,P3,1555.18,1401.9,1457.4,1442.1,1745.6,1942.4
2026-02-25,NB4,P3,1408.39,1380.67,1634.9,1619.9,2022.4,2024.7
2026-02-26,NB4,P3,1871.37,1242.86,1409.3,1379.3,1899.8,1949.6
2026-02-27,NB4,P3,1114.38,1656.07,1611.9,1636.2,2084.5,2155.5
2026-02-28,NB4,P3,1477.94,1486.84,1231.5,1340.3,1674.8,1674.8
2026-03-01,NB4,P3,1503.44,1042.4,939.2,920.4,1344.7,1445.1
2026-03-02,NB4,P3,1436.94,1656.92,1469.4,1480.3,2015.5,2037.1
2026-03-03,NB4,P3,1490.08,1555.18,1367.7,1496.3,1809.5,1842.3
2026-03-04,NB4,P3,2117.35,1408.39,1385.6,1406.7,1792.0,1819.8
2026-03-05,NB4,P3,1778.47,1871.37,1493.5,1523.5,1966.6,2039.9
2026-03-06,NB4,P3,1322.26,1114.38,1450.5,1485.7,1810.1,1930.7
2026-03-07,NB4,P3,1409.57,1477.94,1362.1,1423.8,1731.7,1731.7
2026-03-08,NB4,P3,1262.82,1503.44,1115.8,1147.6,1412.1,1510.5
2026-03-09,NB4,P3,2050.67,1436.94,1523.4,1519.4,1941.0,2040.2
2026-03-10,NB4,P3,1440.96,1490.08,1429.2,1539.5,1793.1,1885.7
2026-03-11,NB4,P3,1223.71,2117.35,1575.8,1688.6,2085.5,2189.0
2026-03-12,NB4,P3,1202.79,1778.47,1584.2,1653.9,1999.1,2138.4
2026-03-13,NB4,P3,1327.99,1322.26,1463.5,1477.7,1801.3,1861.0
2026-03-14,NB4,P3,1183.97,1409.57,1376.2,1424.6,1708.5,1753.1
2026-03-15,NB4,P3,953.97,1262.82,1150.3,1179.7,1461.8,1535.5
2026-03-16,NB4,P3,1195.72,2050.67,1563.2,1610.7,2019.5,2121.8
2026-03-17,NB4,P3,1197.34,1440.96,1428.3,1489.4,1809.9,1885.6
2026-03-18,NB4,P3,1640.53,1223.71,1471.2,1525.9,1945.3,1957.1
2026-03-19,NB4,P3,1355.03,1202.79,1480.5,1471.3,1882.7,1964.7
2026-03-20,NB4,P3,1186.19,1327.99,1456.5,1440.7,1708.5,1858.2
2026-03-21,NB4,P3,1427.57,1183.97,1379.3,1458.4,1693.1,1809.9
2026-03-22,NB4,P3,1479.92,953.97,1139.3,1179.6,1483.5,1632.2
2026-03-23,NB4,P3,2005.49,1195.72,1498.8,1594.1,1950.7,1980.0
2026-03-24,NB4,P3,1536.94,1197.34,1406.2,1479.4,1740.0,1866.5
2026-03-25,NB4,P3,1300.56,1640.53,1545.7,1564.7,2004.4,2058.6
2026-03-26,NB4,P3,1738.89,1355.03,1483.7,1447.0,1809.5,1900.8
2026-03-27,NB4,P3,1336.85,1186.19,1366.3,1393.8,1659.1,1802.4
2026-03-28,NB4,P3,1423.6,1427.57,1305.7,1313.7,1697.6,1762.7
2026-03-29,NB4,P3,1130.55,1479.92,1233.8,1315.1,1597.5,1665.6
2026-03-30,NB4,P3,1283.35,2005.49,1597.2,1617.2,2022.0,2108.0
2026-03-31,NB4,P3,1610.94,1536.94,1356.2,1428.4,1767.6,1824.2
2026-04-01,NB4,P3,1400.09,1300.56,1533.8,1559.8,1821.7,2064.4
2026-04-02,NB4,P3,1484.34,1738.89,1566.4,1531.6,1947.4,2036.3
2026-04-03,NB4,P3,1744.71,1336.85,1413.3,1392.9,1710.8,1856.3
2026-04-04,NB4,P3,1153.16,1423.6,1412.5,1402.2,1683.8,1828.7
2026-04-05,NB4,P3,843.25,1130.55,1164.4,1182.0,1477.3,1480.8
2026-04-06,NB4,P3,1461.26,1283.35,1558.9,1568.8,1981.5,2084.6
2026-04-07,NB4,P3,1455.7,1610.94,1463.5,1504.7,1898.9,1949.9
2026-04-08,NB4,P3,1239.96,1400.09,1451.8,1464.1,1734.8,1828.4
2026-04-09,NB4,P3,1626.15,1484.34,1470.5,1552.1,1937.4,1979.6
2026-04-10,NB4,P3,1240.28,1744.71,1535.9,1513.2,1935.3,2013.8
2026-04-11,NB4,P3,1876.54,1153.16,1245.7,1274.4,1580.4,1696.7
2026-04-12,NB4,P3,1345.61,843.25,1004.3,1018.9,1322.7,1449.2
2026-04-13,NB4,P3,1797.14,1461.26,1338.8,1448.3,1728.8,1728.8
2026-04-14,NB4,P3,1325.98,1455.7,1433.5,1527.0,1780.8,1952.3
2026-04-15,NB4,P3,1418.01,1239.96,1373.9,1445.7,1710.4,1815.5
2026-04-16,NB4,P3,408.74,1626.15,1498.7,1578.7,1938.6,1979.3
2026-04-17,NB4,P3,1574.7,1240.28,1433.5,1427.7,1861.7,1943.5
2026-04-18,NB4,P3,1231.63,1876.54,1450.6,1506.6,1934.5,1999.2
2026-04-19,NB4,P3,1211.26,1345.61,1096.4,1103.9,1467.5,1519.9
2026-04-20,NB4,P3,1401.8,1797.14,1555.0,1601.9,1995.5,2045.1
2026-04-21,NB4,P3,1219.23,1325.98,1444.7,1493.5,1750.1,1877.1
2026-04-22,NB4,P3,1370.35,1418.01,1342.2,1356.6,1731.7,1831.0
2026-04-23,NB4,P3,1436.13,408.74,1092.4,937.0,1970.7,1970.7
2026-04-24,NB4,P3,1846.03,1574.7,1403.3,1398.9,1837.1,1867.6
2026-04-25,NB4,P3,1294.57,1231.63,1237.1,1305.9,1839.0,1909.8
2026-04-26,NB4,P3,956.97,1211.26,1067.7,1119.7,1438.5,1570.8
2026-04-27,NB4,P3,944.05,1401.8,1317.7,1452.0,1916.6,1983.1
2026-04-28,NB4,P3,1439.55,1219.23,1258.1,1380.9,1730.9,1846.5
2026-04-29,NB4,P3,1507.38,1370.35,1323.1,1427.5,1718.7,1870.1
2026-04-30,NB4,P3,1715.68,1436.13,1191.8,1229.4,1749.4,1881.9
2025-10-01,Z1,P1,2695.75,4065.88,3721.8,3695.3,5002.0,5120.7
2025-10-02,Z1,P1,3481.9,3434.65,3732.4,3592.8,5177.9,5177.9
2025-10-03,Z1,P1,3464.46,4269.89,3831.1,3845.2,5167.9,5167.9
2025-10-04,Z1,P1,1039.1,768.5,1199.4,1161.8,1889.3,2175.5
2025-10-05,Z1,P1,530.77,1219.39,695.8,782.6,1420.8,1647.5
2025-10-06,Z1,P1,4136.79,3121.02,4014.3,3993.7,5520.7,5520.7
2025-10-07,Z1,P1,4097.11,1980.81,3494.4,2975.7,4193.0,5142.6
2025-10-08,Z1,P1,4118.88,2695.75,3568.8,3623.5,4124.1,4892.7
2025-10-09,Z1,P1,3348.96,3481.9,3614.8,3679.7,4130.7,4622.7
2025-10-10,Z1,P1,3715.8,3464.46,4007.5,3833.9,5315.8,5315.8
2025-10-11,Z1,P1,1322.2,1039.1,1249.8,1250.9,1917.2,2386.3
2025-10-12,Z1,P1,352.22,530.77,710.9,737.1,1263.6,1568.0
2025-10-13,Z1,P1,3650.66,4136.79,3779.2,3721.9,5103.3,5103.3
2025-10-14,Z1,P1,3430.24,4097.11,3528.8,3293.2,4324.9,4812.0
2025-10-15,Z1,P1,4422.76,4118.88,3742.7,3733.6,5148.1,5148.1
2025-10-16,Z1,P1,4186.86,3348.96,3481.6,3624.1,4868.2,4868.2
2025-10-17,Z1,P1,3274.33,3715.8,3664.7,3662.2,4289.8,4746.1
2025-10-18,Z1,P1,1292.32,1322.2,1267.6,1223.8,1884.0,2194.3
2025-10-19,Z1,P1,254.34,352.22,480.8,420.1,915.6,1457.7
2025-10-20,Z1,P1,3153.92,3650.66,3424.2,3572.2,4897.6,4967.4
2025-10-21,Z1,P1,1756.3,3430.24,3570.0,3442.0,5059.2,5059.2
2025-10-22,Z1,P1,4128.7,4422.76,3902.7,3666.6,5064.2,5204.3
2025-10-23,Z1,P1,3035.59,4186.86,3619.0,3661.5,4889.3,4889.3
2025-10-24,Z1,P1,3823.05,3274.33,3789.1,3669.0,5044.5,5044.5
2025-10-25,Z1,P1,800.63,1292.32,1204.4,1233.3,1797.9,2063.0
2025-10-26,Z1,P1,1081.62,254.34,501.2,454.2,877.0,1279.2
2025-10-27,Z1,P1,3576.66,3153.92,3292.2,3404.0,5124.5,5124.5
2025-10-28,Z1,P1,3162.13,1756.3,2727.3,2571.0,3470.2,4920.2
2025-10-29,Z1,P1,3142.46,4128.7,3648.2,3604.4,4341.0,5076.1
2025-10-30,Z1,P1,4593.41,3035.59,3449.7,3420.7,4187.8,4962.5
2025-10-31,Z1,P1,4310.93,3823.05,3708.7,3651.9,5092.3,5092.3
2025-11-01,Z1,P1,1838.04,800.63,1078.2,1067.6,1650.1,1991.7
2025-11-02,Z1,P1,232.31,1081.62,576.5,645.1,1202.0,1497.9
2025-11-03,Z1,P1,3812.4,3576.66,3603.2,3618.5,4924.3,4924.3
2025-11-04,Z1,P1,2542.92,3162.13,2541.6,3067.8,4844.6,4844.6
2025-11-05,Z1,P1,2536.85,3142.46,3424.9,3392.5,5143.2,5143.2
2025-11-06,Z1,P1,3944.93,4593.41,3318.2,3534.1,4973.7,5001.7
2025-11-07,Z1,P1,2153.92,4310.93,3508.3,3571.2,4969.9,5187.0
2025-11-08,Z1,P1,1163.84,1838.04,1402.2,1523.5,2371.3,2794.0
2025-11-09,Z1,P1,439.91,232.31,437.7,361.5,1095.6,1363.3
2025-11-10,Z1,P1,3734.71,3812.4,3526.2,3598.5,4868.1,4869.7
2025-11-11,Z1,P1,2773.42,2542.92,3018.4,2989.2,3830.4,4027.7
2025-11-12,Z1,P1,3307.15,2536.85,3563.1,3563.0,4121.3,4652.4
2025-11-13,Z1,P1,3621.64,3944.93,3572.9,3576.1,4894.0,5084.6
2025-11-14,Z1,P1,4099.24,2153.92,3141.6,3051.8,4283.4,4955.4
2025-11-15,Z1,P1,741.73,1163.84,1251.1,1289.3,2018.9,2222.1
2025-11-16,Z1,P1,645.84,439.91,376.0,344.9,821.9,1315.7
2025-11-17,Z1,P1,3632.33,3734.71,3669.0,3764.3,5160.2,5160.2
2025-11-18,Z1,P1,3079.21,2773.42,2954.5,3062.0,3994.1,4253.9
2025-11-19,Z1,P1,2912.77,3307.15,3455.8,3512.9,4959.3,4959.3
2025-11-20,Z1,P1,1919.92,3621.64,3720.6,3725.3,5262.2,5262.2
2025-11-21,Z1,P1,4382.4,4099.24,3671.3,3568.3,5193.9,5193.9
2025-11-22,Z1,P1,530.07,741.73,955.4,1002.2,1576.3,1940.4
2025-11-23,Z1,P1,350.93,645.84,628.0,671.8,1055.3,1395.7
2025-11-24,Z1,P1,3988.0,3632.33,3571.0,3636.0,5085.1,5085.1
2025-11-25,Z1,P1,2291.92,3079.21,3186.3,3152.3,3940.8,4358.7
2025-11-26,Z1,P1,5169.56,2912.77,3206.9,3313.1,4029.7,4320.4
2025-11-27,Z1,P1,2123.68,1919.92,3077.2,3057.4,3781.6,4517.5
2025-11-28,Z1,P1,4422.8,4382.4,3695.2,3562.2,5043.9,5225.7
2025-11-29,Z1,P1,307.18,530.07,1053.3,993.0,1574.0,1860.5
2025-11-30,Z1,P1,271.21,350.93,437.3,380.9,805.6,1146.8
2025-12-01,Z1,P1,3955.44,3988.0,3740.4,3789.9,5295.7,5303.7
2025-12-02,Z1,P1,2536.5,2291.92,2902.0,2922.9,3847.9,4225.4
2025-12-03,Z1,P1,4701.08,5169.56,3633.1,3675.1,4561.4,4943.4
2025-12-04,Z1,P1,3577.6,2123.68,3046.3,3023.1,3935.9,6630.6
2025-12-05,Z1,P1,2550.81,4422.8,3794.3,3745.2,4666.3,5139.5
2025-12-06,Z1,P1,1196.44,307.18,865.5,767.1,1352.7,1747.3
2025-12-07,Z1,P1,628.67,271.21,391.9,390.9,744.2,1058.7
2025-12-08,Z1,P1,3440.34,3955.44,3807.2,3809.2,5408.2,5423.9
2025-12-09,Z1,P1,2265.24,2536.5,2921.3,2975.7,3945.5,4360.8
2025-12-10,Z1,P1,2389.35,4701.08,3760.1,3803.0,5797.8,5797.8
2025-12-11,Z1,P1,3788.54,3577.6,3548.3,3444.7,5160.7,5160.7
2025-12-12,Z1,P1,2493.28,2550.81,3489.5,3519.6,4287.2,4868.7
2025-12-13,Z1,P1,513.98,1196.44,816.7,872.4,1428.7,1885.4
2025-12-14,Z1,P1,288.9,628.67,462.3,467.5,879.8,1219.9
2025-12-15,Z1,P1,2382.27,3440.34,3628.3,3653.0,5000.1,5066.5
2025-12-16,Z1,P1,3952.4,2265.24,2702.2,2678.2,3497.5,3632.0
2025-12-17,Z1,P1,3082.1,2389.35,3250.0,3272.8,3958.6,4963.3
2025-12-18,Z1,P1,3102.03,3788.54,3364.9,3250.3,4189.4,4680.6
2025-12-19,Z1,P1,2551.3,2493.28,3213.9,3338.4,4102.4,4622.7
2025-12-20,Z1,P1,487.33,513.98,681.7,636.5,1216.5,1560.0
2025-12-21,Z1,P1,175.73,288.9,409.3,333.5,750.4,1197.9
2025-12-22,Z1,P1,1948.98,2382.27,2303.0,2492.1,3619.3,4119.3
2025-12-23,Z1,P1,1571.87,3952.4,1675.7,2399.9,3621.7,4443.7
2025-12-24,Z1,P1,2818.67,3082.1,1579.7,2342.7,3675.7,4356.7
2025-12-25,Z1,P1,420.64,3102.03,1998.5,2302.7,3874.1,4673.2
2025-12-26,Z1,P1,706.39,2551.3,1895.6,2399.0,3557.7,3971.4
2025-12-27,Z1,P1,1631.17,487.33,684.0,523.5,1210.6,1860.3
2025-12-28,Z1,P1,369.92,175.73,315.9,219.0,657.6,1072.7
2025-12-29,Z1,P1,790.19,1948.98,1987.5,2300.8,3050.4,3919.0
2025-12-30,Z1,P1,2749.08,1571.87,1894.5,1819.6,3095.3,4267.8
2025-12-31,Z1,P1,1755.76,2818.67,2193.4,2539.0,3597.9,3932.9
2026-01-01,Z1,P1,234.44,420.64,1346.6,1463.3,2761.5,3878.3
2026-01-02,Z1,P1,1264.67,706.39,1637.3,1552.9,2636.3,3624.7
2026-01-03,Z1,P1,332.78,1631.17,1019.5,936.6,2167.6,2478.9
2026-01-04,Z1,P1,324.26,369.92,493.7,415.5,913.9,1401.7
2026-01-05,Z1,P1,2559.1,790.19,2549.9,2529.8,3772.9,4500.0
2026-01-06,Z1,P1,2955.2,2749.08,2959.4,2959.4,3921.6,4107.3
2026-01-07,Z1,P1,1287.4,1755.76,2905.4,2858.3,3229.1,5354.0
2026-01-08,Z1,P1,3379.61,234.44,2599.3,1805.3,4037.4,4390.0
2026-01-09,Z1,P1,3334.16,1264.67,2429.2,2230.2,3584.8,4013.6
2026-01-10,Z1,P1,315.24,332.78,676.6,535.3,1379.1,1611.6
2026-01-11,Z1,P1,849.44,324.26,357.9,348.7,850.3,1273.5
2026-01-12,Z1,P1,3721.1,2559.1,2857.2,2579.1,3875.6,3952.3
2026-01-13,Z1,P1,2797.38,2955.2,2988.3,3098.6,4001.7,4137.7
2026-01-14,Z1,P1,3296.57,1287.4,2585.9,2523.6,3592.2,4454.8
2026-01-15,Z1,P1,3187.96,3379.61,2632.9,2071.3,4888.1,4888.1
2026-01-16,Z1,P1,3893.72,3334.16,2850.8,2570.4,3943.2,4131.5
2026-01-17,Z1,P1,339.87,315.24,638.6,584.5,1251.1,1565.2
2026-01-18,Z1,P1,240.64,849.44,414.8,436.6,890.4,1198.8
2026-01-19,Z1,P1,4290.83,3721.1,3003.1,2961.1,4232.2,4258.0
2026-01-20,Z1,P1,3264.26,2797.38,2845.1,2800.4,3959.7,3981.6
2026-01-21,Z1,P1,3663.95,3296.57,3105.0,2941.7,4010.5,4138.6
2026-01-22,Z1,P1,2827.22,3187.96,2639.4,2239.5,3998.2,4012.2
2026-01-23,Z1,P1,2852.74,3893.72,3189.9,2915.5,4247.7,4247.7
2026-01-24,Z1,P1,438.44,339.87,498.5,523.1,1042.9,1398.6
2026-01-25,Z1,P1,379.0,240.64,356.3,322.7,942.3,1170.2
2026-01-26,Z1,P1,2888.39,4290.83,3275.7,3224.3,4411.3,4756.5
2026-01-27,Z1,P1,1780.78,3264.26,2981.4,3086.5,3976.5,4152.7
2026-01-28,Z1,P1,3055.89,3663.95,3069.3,3059.7,4076.8,4171.8
2026-01-29,Z1,P1,3294.88,2827.22,2892.0,2816.9,4057.7,4057.7
2026-01-30,Z1,P1,3505.0,2852.74,3102.8,3066.5,4491.4,4491.4
2026-01-31,Z1,P1,297.24,438.44,455.0,472.7,927.2,1252.0
2026-02-01,Z1,P1,164.98,379.0,418.3,391.5,845.9,1173.7
2026-02-02,Z1,P1,3169.18,2888.39,3227.2,3256.6,4634.4,4788.0
2026-02-03,Z1,P1,2723.06,1780.78,2725.2,2625.5,3301.7,4803.6
2026-02-04,Z1,P1,3397.12,3055.89,2957.1,2810.8,4360.2,4360.2
2026-02-05,Z1,P1,2153.52,3294.88,3035.9,3179.1,3791.6,4224.7
2026-02-06,Z1,P1,2548.0,3505.0,3283.1,3341.2,4078.4,4521.2
2026-02-07,Z1,P1,334.78,297.24,409.1,410.6,878.1,1189.7
2026-02-08,Z1,P1,181.28,164.98,364.5,330.3,811.7,1148.2
2026-02-09,Z1,P1,2823.46,3169.18,3196.2,3087.5,4034.8,4244.6
2026-02-10,Z1,P1,3053.05,2723.06,2867.5,2868.2,3889.5,4039.0
2026-02-11,Z1,P1,2746.49,3397.12,3161.4,3272.7,3795.2,4421.2
2026-02-12,Z1,P1,3182.93,2153.52,2749.5,2822.2,3560.6,3971.5
2026-02-13,Z1,P1,2534.5,2548.0,3120.7,3073.1,4125.7,4269.9
2026-02-14,Z1,P1,454.2,334.78,467.3,445.4,998.9,1342.7
2026-02-15,Z1,P1,339.43,181.28,263.4,244.3,682.7,1018.0
2026-02-16,Z1,P1,3364.0,2823.46,3171.9,3145.2,4027.4,4266.2
2026-02-17,Z1,P1,2963.18,3053.05,2843.3,2702.9,3709.2,4115.8
2026-02-18,Z1,P1,2585.49,2746.49,3248.8,3147.8,4026.7,4630.9
2026-02-19,Z1,P1,2245.79,3182.93,2814.7,2722.9,3705.1,4141.5
2026-02-20,Z1,P1,4702.42,2534.5,2831.1,2714.6,3771.7,4167.3
2026-02-21,Z1,P1,386.76,454.2,614.1,618.8,1312.6,1668.0
2026-02-22,Z1,P1,205.97,339.43,308.6,292.0,673.7,1043.9
2026-02-23,Z1,P1,2924.93,3364.0,3008.1,2990.4,3864.8,5339.6
2026-02-24,Z1,P1,3331.32,2963.18,2847.4,2891.4,3779.5,4013.3
2026-02-25,Z1,P1,1901.75,2585.49,2929.3,2819.0,3844.0,5087.7
2026-02-26,Z1,P1,3095.2,2245.79,2791.4,2601.6,3502.5,4264.1
2026-02-27,Z1,P1,2305.79,4702.42,3263.2,3127.8,4129.8,4880.9
2026-02-28,Z1,P1,673.36,386.76,418.9,393.9,883.5,1245.6
2026-03-01,Z1,P1,267.91,205.97,238.9,213.4,668.0,1041.2
2026-03-02,Z1,P1,4152.14,2924.93,3145.4,3021.8,4090.9,4279.4
2026-03-03,Z1,P1,2740.34,3331.32,2986.6,3091.0,3927.3,4312.0
2026-03-04,Z1,P1,3375.92,1901.75,2710.5,2689.8,3950.8,4134.3
2026-03-05,Z1,P1,3496.32,3095.2,3160.9,3136.7,4226.3,6738.3
2026-03-06,Z1,P1,2246.67,2305.79,2969.3,2896.2,3771.4,4479.2
2026-03-07,Z1,P1,404.04,673.36,491.3,485.6,1160.9,1506.5
2026-03-08,Z1,P1,177.61,267.91,318.1,271.6,775.6,1183.4
2026-03-09,Z1,P1,3720.84,4152.14,3427.9,3561.9,4051.6,4655.1
2026-03-10,Z1,P1,3858.84,2740.34,2988.9,3011.6,3935.6,4193.8
2026-03-11,Z1,P1,3347.79,3375.92,3195.6,3184.1,3995.8,4309.7
2026-03-12,Z1,P1,4337.7,3496.32,3206.3,3295.8,3892.5,4400.9
2026-03-13,Z1,P1,3030.4,2246.67,3057.7,3043.8,3834.8,5544.3
2026-03-14,Z1,P1,673.54,404.04,515.3,487.5,1071.5,1444.6
2026-03-15,Z1,P1,276.62,177.61,317.8,269.3,682.0,1049.9
2026-03-16,Z1,P1,4630.22,3720.84,3659.4,3664.5,4062.7,4973.8
2026-03-17,Z1,P1,2949.45,3858.84,3501.9,3551.2,4050.7,4449.1
2026-03-18,Z1,P1,3927.86,3347.79,3489.7,3444.7,4189.5,4500.4
2026-03-19,Z1,P1,4549.4,4337.7,3458.0,3410.7,4329.3,4795.3
2026-03-20,Z1,P1,4289.42,3030.4,3348.0,3125.1,4021.3,5499.7
2026-03-21,Z1,P1,1170.76,673.54,581.1,541.9,1158.3,1511.3
2026-03-22,Z1,P1,333.61,276.62,294.6,241.4,696.7,1061.6
2026-03-23,Z1,P1,2987.74,4630.22,3858.6,3651.0,4685.1,5296.8
2026-03-24,Z1,P1,3211.01,2949.45,3323.6,3244.3,4403.0,4819.3
2026-03-25,Z1,P1,4179.7,3927.86,3452.6,3564.2,4477.6,4695.5
2026-03-26,Z1,P1,2663.29,4549.4,3906.7,3834.2,4450.9,5281.3
2026-03-27,Z1,P1,3327.35,4289.42,3380.4,3383.2,4207.3,4823.8
2026-03-28,Z1,P1,738.56,1170.76,817.7,882.1,1387.7,1832.1
2026-03-29,Z1,P1,535.14,333.61,302.2,273.3,711.4,1078.7
2026-03-30,Z1,P1,3613.45,2987.74,3510.1,3688.7,4701.1,5134.7
2026-03-31,Z1,P1,3201.62,3211.01,3395.7,3390.5,4210.2,5800.4
2026-04-01,Z1,P1,3462.82,4179.7,3799.2,3807.3,4171.6,5106.7
2026-04-02,Z1,P1,2714.19,2663.29,3560.9,3343.7,4362.6,5008.2
2026-04-03,Z1,P1,3946.99,3327.35,3520.4,3473.6,4421.1,4953.0
2026-04-04,Z1,P1,414.54,738.56,738.4,700.7,1377.0,1672.0
2026-04-05,Z1,P1,329.85,535.14,369.1,390.8,724.3,1098.0
2026-04-06,Z1,P1,571.65,3613.45,3505.6,3547.4,4038.0,4802.2
2026-04-07,Z1,P1,3567.28,3201.62,3367.0,3431.6,3946.5,4528.9
2026-04-08,Z1,P1,3636.35,3462.82,3508.5,3507.1,3897.0,4960.9
2026-04-09,Z1,P1,2566.94,2714.19,3433.8,3560.7,4273.0,5775.9
2026-04-10,Z1,P1,3491.17,3946.99,3618.2,3595.3,4177.3,4772.2
2026-04-11,Z1,P1,754.54,414.54,833.1,740.3,1474.6,1740.5
2026-04-12,Z1,P1,422.72,329.85,388.5,349.3,772.3,1125.9
2026-04-13,Z1,P1,2389.38,571.65,3186.9,3342.0,4166.4,6104.9
2026-04-14,Z1,P1,3315.63,3567.28,3278.2,3429.6,3899.1,4679.3
2026-04-15,Z1,P1,3000.68,3636.35,3359.7,3471.5,3997.1,4837.3
2026-04-16,Z1,P1,3955.06,2566.94,3090.0,3252.2,4065.4,4352.3
2026-04-17,Z1,P1,4007.81,3491.17,3862.4,3885.4,4147.2,5134.3
2026-04-18,Z1,P1,707.64,754.54,730.2,717.3,1329.2,1731.9
2026-04-19,Z1,P1,327.13,422.72,338.3,335.7,744.8,1123.3
2026-04-20,Z1,P1,2954.49,2389.38,2528.3,2269.4,4666.0,4666.0
2026-04-21,Z1,P1,3355.4,3315.63,3323.8,3441.4,3847.1,4668.5
2026-04-22,Z1,P1,2149.65,3000.68,3298.4,3363.3,4234.8,4814.2
2026-04-23,Z1,P1,3382.65,3955.06,3313.4,3327.7,4243.0,4612.4
2026-04-24,Z1,P1,2713.92,4007.81,3579.5,3524.4,4148.9,4776.6
2026-04-25,Z1,P1,710.14,707.64,722.3,734.3,1275.5,1647.3
2026-04-26,Z1,P1,363.98,327.13,385.3,358.7,771.0,1179.7
2026-04-27,Z1,P1,331.14,2954.49,2980.1,2549.4,4056.1,4091.6
2026-04-28,Z1,P1,3572.44,3355.4,3236.3,3295.2,3921.3,4482.6
2026-04-29,Z1,P1,2751.9,2149.65,2903.4,3137.5,3824.3,4734.7
2026-04-30,Z1,P1,2351.36,3382.65,3130.3,3377.8,3993.2,4632.1
2025-10-01,Z1,P2,117.34,177.36,192.1,204.9,354.1,390.8
2025-10-02,Z1,P2,55.27,192.2,189.6,196.6,332.6,393.7
2025-10-03,Z1,P2,222.08,147.91,219.4,214.0,423.1,431.2
2025-10-04,Z1,P2,382.85,221.61,203.9,213.0,364.7,364.7
2025-10-05,Z1,P2,135.44,109.09,157.3,154.7,261.7,290.6
2025-10-06,Z1,P2,58.85,161.58,170.6,166.2,358.0,371.2
2025-10-07,Z1,P2,348.43,24.61,155.0,156.6,291.6,328.7
2025-10-08,Z1,P2,235.76,117.34,182.2,181.2,328.9,368.6
2025-10-09,Z1,P2,224.37,55.27,180.9,164.5,371.9,388.2
2025-10-10,Z1,P2,605.02,222.08,225.9,218.3,383.6,408.9
2025-10-11,Z1,P2,110.11,382.85,211.0,214.1,410.9,419.8
2025-10-12,Z1,P2,70.05,135.44,131.3,120.3,283.4,289.8
2025-10-13,Z1,P2,196.15,58.85,191.3,183.4,340.3,389.2
2025-10-14,Z1,P2,74.51,348.43,160.8,164.6,303.4,325.2
2025-10-15,Z1,P2,164.96,235.76,182.3,172.0,361.7,365.9
2025-10-16,Z1,P2,61.48,224.37,183.1,189.9,326.2,351.0
2025-10-17,Z1,P2,174.01,605.02,275.8,308.5,524.8,552.0
2025-10-18,Z1,P2,250.8,110.11,202.6,195.0,329.5,390.1
2025-10-19,Z1,P2,193.29,70.05,129.7,113.0,212.3,282.6
2025-10-20,Z1,P2,55.52,196.15,165.7,162.0,331.5,351.8
2025-10-21,Z1,P2,112.92,74.51,172.6,158.3,296.6,324.7
2025-10-22,Z1,P2,235.48,164.96,189.9,168.8,330.6,346.7
2025-10-23,Z1,P2,126.6,61.48,187.3,157.4,310.3,338.5
2025-10-24,Z1,P2,165.57,174.01,220.1,224.7,436.2,436.2
2025-10-25,Z1,P2,80.39,250.8,213.2,175.3,372.8,374.9
2025-10-26,Z1,P2,161.97,193.29,152.8,122.2,222.9,285.7
2025-10-27,Z1,P2,80.22,55.52,162.8,121.9,257.5,294.5
2025-10-28,Z1,P2,224.63,112.92,150.5,134.5,288.3,338.6
2025-10-29,Z1,P2,60.49,235.48,185.5,175.2,323.5,361.5
2025-10-30,Z1,P2,50.83,126.6,142.8,135.6,274.4,325.8
2025-10-31,Z1,P2,192.71,165.57,211.2,196.6,370.9,411.5
2025-11-01,Z1,P2,188.65,80.39,187.0,160.5,311.6,347.7
2025-11-02,Z1,P2,134.63,161.97,151.9,134.1,263.0,330.9
2025-11-03,Z1,P2,207.61,80.22,143.2,130.4,270.6,328.5
2025-11-04,Z1,P2,91.81,224.63,150.7,148.3,296.7,344.9
2025-11-05,Z1,P2,68.64,60.49,164.7,150.2,288.6,320.7
2025-11-06,Z1,P2,175.06,50.83,143.7,124.6,250.6,274.7
2025-11-07,Z1,P2,138.58,192.71,242.9,224.3,408.0,451.8
2025-11-08,Z1,P2,191.12,188.65,151.9,139.6,257.9,310.7
2025-11-09,Z1,P2,73.08,134.63,140.8,129.5,257.9,314.2
2025-11-10,Z1,P2,96.68,207.61,155.2,143.3,299.3,352.9
2025-11-11,Z1,P2,86.08,91.81,156.8,139.8,275.5,325.5
2025-11-12,Z1,P2,91.86,68.64,157.3,131.2,270.8,315.4
2025-11-13,Z1,P2,31.62,175.06,147.1,141.9,264.8,318.1
2025-11-14,Z1,P2,154.9,138.58,180.3,171.8,322.7,345.9
2025-11-15,Z1,P2,153.33,191.12,171.4,162.3,306.0,346.2
2025-11-16,Z1,P2,64.92,73.08,132.9,96.6,228.9,278.0
2025-11-17,Z1,P2,161.38,96.68,142.3,141.8,276.5,307.6
2025-11-18,Z1,P2,223.39,86.08,151.3,132.6,270.9,307.6
2025-11-19,Z1,P2,140.25,91.86,149.6,128.1,269.0,314.4
2025-11-20,Z1,P2,166.08,31.62,143.7,133.5,248.7,290.0
2025-11-21,Z1,P2,110.79,154.9,175.6,156.5,303.5,324.4
2025-11-22,Z1,P2,162.39,153.33,157.1,154.9,271.7,325.8
2025-11-23,Z1,P2,199.91,64.92,101.6,80.0,213.7,223.5
2025-11-24,Z1,P2,124.55,161.38,133.1,128.6,259.6,290.3
2025-11-25,Z1,P2,62.31,223.39,147.4,131.5,280.9,315.3
2025-11-26,Z1,P2,97.42,140.25,129.0,121.2,229.6,265.5
2025-11-27,Z1,P2,58.41,166.08,133.8,126.4,237.7,282.2
2025-11-28,Z1,P2,81.41,110.79,174.8,157.5,298.1,325.0
2025-11-29,Z1,P2,25.28,162.39,169.0,149.5,295.2,318.2
2025-11-30,Z1,P2,31.47,199.91,110.7,97.3,242.3,258.8
2025-12-01,Z1,P2,132.77,124.55,129.4,134.6,279.5,298.5
2025-12-02,Z1,P2,92.22,62.31,146.0,132.8,260.5,316.2
2025-12-03,Z1,P2,46.07,97.42,135.3,126.6,255.6,293.0
2025-12-04,Z1,P2,172.25,58.41,147.3,132.4,258.8,294.8
2025-12-05,Z1,P2,90.75,81.41,169.3,151.3,308.2,336.6
2025-12-06,Z1,P2,130.07,25.28,139.0,129.6,250.6,285.5
2025-12-07,Z1,P2,18.03,31.47,92.1,106.5,190.7,229.3
2025-12-08,Z1,P2,29.72,132.77,124.1,127.1,235.6,268.2
2025-12-09,Z1,P2,40.65,92.22,111.3,105.7,221.0,253.7
2025-12-10,Z1,P2,68.79,46.07,112.9,105.8,232.5,267.5
2025-12-11,Z1,P2,66.7,172.25,112.2,105.3,216.5,249.7
2025-12-12,Z1,P2,107.64,90.75,132.2,127.8,248.0,293.8
2025-12-13,Z1,P2,193.53,130.07,128.8,123.9,212.0,238.7
2025-12-14,Z1,P2,83.94,18.03,75.7,77.9,186.5,209.8
2025-12-15,Z1,P2,13.77,29.72,95.4,94.2,201.8,243.9
2025-12-16,Z1,P2,29.55,40.65,107.2,105.1,208.6,257.8
2025-12-17,Z1,P2,82.36,68.79,103.4,101.8,216.1,241.7
2025-12-18,Z1,P2,178.74,66.7,112.1,103.8,228.1,262.1
2025-12-19,Z1,P2,264.53,107.64,135.4,125.0,249.7,249.7
2025-12-20,Z1,P2,93.61,193.53,116.5,116.5,185.1,230.1
2025-12-21,Z1,P2,33.21,83.94,97.0,99.0,184.1,216.2
2025-12-22,Z1,P2,223.89,13.77,99.0,98.3,177.6,198.7
2025-12-23,Z1,P2,101.96,29.55,102.4,89.9,184.9,217.1
2025-12-24,Z1,P2,137.64,82.36,87.0,83.0,160.8,212.2
2025-12-25,Z1,P2,62.74,178.74,88.4,90.8,185.4,220.4
2025-12-26,Z1,P2,106.2,264.53,118.5,119.2,234.1,264.6
2025-12-27,Z1,P2,44.72,93.61,115.5,106.3,217.5,241.8
2025-12-28,Z1,P2,125.22,33.21,74.2,66.3,130.6,148.1
2025-12-29,Z1,P2,103.34,223.89,109.3,109.4,244.8,260.1
2025-12-30,Z1,P2,124.47,101.96,115.4,100.9,216.9,241.7
2025-12-31,Z1,P2,97.71,137.64,101.2,89.3,181.1,247.0
2026-01-01,Z1,P2,22.54,62.74,99.9,102.5,250.9,250.9
2026-01-02,Z1,P2,75.69,106.2,100.3,94.4,184.0,272.0
2026-01-03,Z1,P2,94.51,44.72,88.5,83.0,158.5,192.9
2026-01-04,Z1,P2,54.43,125.22,76.0,81.7,167.6,176.6
2026-01-05,Z1,P2,12.93,103.34,90.5,63.7,201.9,217.3
2026-01-06,Z1,P2,61.68,124.47,91.2,70.6,181.7,196.2
2026-01-07,Z1,P2,78.86,97.71,92.3,77.6,197.4,207.5
2026-01-08,Z1,P2,175.62,22.54,91.0,98.1,189.4,214.6
2026-01-09,Z1,P2,103.44,75.69,120.5,121.3,218.8,250.8
2026-01-10,Z1,P2,34.47,94.51,130.3,123.0,224.1,237.8
2026-01-11,Z1,P2,31.08,54.43,79.5,81.3,146.8,153.4
2026-01-12,Z1,P2,117.8,12.93,93.7,92.2,209.3,220.6
2026-01-13,Z1,P2,113.6,61.68,97.4,97.0,190.9,203.7
2026-01-14,Z1,P2,60.76,78.86,99.1,97.3,198.2,218.0
2026-01-15,Z1,P2,15.09,175.62,118.7,115.8,221.6,235.3
2026-01-16,Z1,P2,121.15,103.44,133.1,130.3,248.3,259.3
2026-01-17,Z1,P2,256.73,34.47,92.8,96.7,163.1,173.4
2026-01-18,Z1,P2,58.35,31.08,68.6,81.8,170.0,175.9
2026-01-19,Z1,P2,96.46,117.8,110.9,105.7,238.7,254.5
2026-01-20,Z1,P2,177.32,113.6,99.1,94.1,184.1,205.8
2026-01-21,Z1,P2,108.09,60.76,92.5,93.2,170.2,188.3
2026-01-22,Z1,P2,14.0,15.09,79.0,77.0,179.1,207.0
2026-01-23,Z1,P2,111.09,121.15,109.7,109.9,202.9,212.1
2026-01-24,Z1,P2,237.56,256.73,113.9,100.1,201.5,224.7
2026-01-25,Z1,P2,47.57,58.35,71.7,77.3,122.0,126.5
2026-01-26,Z1,P2,46.01,96.46,93.7,87.7,190.9,205.8
2026-01-27,Z1,P2,95.81,177.32,90.4,91.2,186.2,205.5
2026-01-28,Z1,P2,132.8,108.09,93.6,90.6,188.3,215.0
2026-01-29,Z1,P2,16.35,14.0,99.4,91.6,196.9,225.6
2026-01-30,Z1,P2,76.19,111.09,112.0,110.4,209.7,220.8
2026-01-31,Z1,P2,89.99,237.56,126.1,121.3,222.2,282.3
2026-02-01,Z1,P2,158.43,47.57,70.8,65.3,106.4,131.1
2026-02-02,Z1,P2,63.12,46.01,87.5,85.7,181.6,188.3
2026-02-03,Z1,P2,48.5,95.81,98.2,94.5,203.8,221.0
2026-02-04,Z1,P2,98.17,132.8,96.6,95.1,192.9,209.1
2026-02-05,Z1,P2,103.53,16.35,100.4,100.8,193.1,214.1
2026-02-06,Z1,P2,188.58,76.19,110.1,111.0,228.9,228.9
2026-02-07,Z1,P2,118.0,89.99,111.5,112.4,223.8,257.9
2026-02-08,Z1,P2,91.25,158.43,86.6,84.3,163.1,175.0
2026-02-09,Z1,P2,88.07,63.12,90.3,90.5,187.8,208.4
2026-02-10,Z1,P2,52.02,48.5,93.0,92.5,189.5,204.8
2026-02-11,Z1,P2,36.3,98.17,98.7,96.3,201.1,219.1
2026-02-12,Z1,P2,116.93,103.53,110.3,96.9,200.5,222.5
2026-02-13,Z1,P2,114.99,188.58,112.8,107.9,219.3,234.6
2026-02-14,Z1,P2,77.77,118.0,121.4,114.5,271.3,271.3
2026-02-15,Z1,P2,0.0,91.25,105.5,93.5,189.9,225.7
2026-02-16,Z1,P2,35.13,88.07,111.3,103.9,202.4,222.9
2026-02-17,Z1,P2,33.49,52.02,119.4,113.0,198.7,216.7
2026-02-18,Z1,P2,44.14,36.3,109.5,105.1,194.4,208.0
2026-02-19,Z1,P2,81.49,116.93,113.1,108.6,185.5,185.5
2026-02-20,Z1,P2,18.2,114.99,124.9,120.1,227.5,245.9
2026-02-21,Z1,P2,119.95,77.77,128.4,123.7,228.1,242.2
2026-02-22,Z1,P2,68.65,0.0,91.9,82.2,214.9,214.9
2026-02-23,Z1,P2,149.76,35.13,97.7,91.9,177.0,197.6
2026-02-24,Z1,P2,69.06,33.49,95.1,82.8,162.1,177.7
2026-02-25,Z1,P2,168.68,44.14,97.9,86.0,168.7,191.3
2026-02-26,Z1,P2,122.77,81.49,101.6,106.1,184.9,202.8
2026-02-27,Z1,P2,59.62,18.2,106.3,110.8,187.9,213.6
2026-02-28,Z1,P2,104.6,119.95,115.9,112.9,205.9,220.8
2026-03-01,Z1,P2,149.6,68.65,97.9,86.4,159.5,170.0
2026-03-02,Z1,P2,76.9,149.76,104.5,88.0,189.6,219.6
2026-03-03,Z1,P2,56.25,69.06,96.7,82.8,161.4,192.2
2026-03-04,Z1,P2,94.07,168.68,98.9,94.2,185.1,221.4
2026-03-05,Z1,P2,165.47,122.77,115.0,107.2,213.5,238.6
2026-03-06,Z1,P2,197.18,59.62,132.4,132.7,224.7,267.7
2026-03-07,Z1,P2,93.0,104.6,134.3,127.0,220.8,237.7
2026-03-08,Z1,P2,127.05,149.6,120.5,94.9,171.5,202.3
2026-03-09,Z1,P2,127.52,76.9,104.6,95.0,201.6,235.5
2026-03-10,Z1,P2,126.37,56.25,97.2,86.7,150.3,178.6
2026-03-11,Z1,P2,14.63,94.07,104.6,95.9,206.6,221.9
2026-03-12,Z1,P2,154.85,165.47,105.9,96.7,200.1,230.3
2026-03-13,Z1,P2,116.89,197.18,122.8,118.2,208.7,247.1
2026-03-14,Z1,P2,26.96,93.0,131.8,127.9,221.1,240.3
2026-03-15,Z1,P2,182.66,127.05,101.6,91.5,175.6,225.3
2026-03-16,Z1,P2,70.5,127.52,111.9,108.6,187.1,215.3
2026-03-17,Z1,P2,51.25,126.37,115.5,110.2,198.3,224.0
2026-03-18,Z1,P2,209.85,14.63,104.2,106.6,194.3,231.5
2026-03-19,Z1,P2,69.28,154.85,116.0,112.7,218.9,257.4
2026-03-20,Z1,P2,39.66,116.89,148.1,136.5,239.6,258.8
2026-03-21,Z1,P2,164.74,26.96,117.7,112.6,200.4,231.4
2026-03-22,Z1,P2,161.64,182.66,115.8,99.4,191.8,227.0
2026-03-23,Z1,P2,57.3,70.5,115.0,115.0,184.7,208.1
2026-03-24,Z1,P2,23.39,51.25,115.5,109.3,173.0,207.1
2026-03-25,Z1,P2,47.44,209.85,127.6,123.8,232.1,270.1
2026-03-26,Z1,P2,152.07,69.28,125.4,121.9,204.1,243.1
2026-03-27,Z1,P2,394.18,39.66,140.0,135.4,220.9,252.5
2026-03-28,Z1,P2,71.59,164.74,141.7,137.5,221.1,242.9
2026-03-29,Z1,P2,185.63,161.64,133.4,122.9,230.4,264.2
2026-03-30,Z1,P2,143.42,57.3,109.3,108.8,189.4,238.7
2026-03-31,Z1,P2,143.49,23.39,107.1,100.8,192.2,221.9
2026-04-01,Z1,P2,282.37,47.44,112.0,102.3,206.6,237.9
2026-04-02,Z1,P2,64.2,152.07,126.1,124.4,218.8,260.5
2026-04-03,Z1,P2,135.6,394.18,179.0,156.9,321.3,402.4
2026-04-04,Z1,P2,30.18,71.59,166.0,142.9,244.8,302.8
2026-04-05,Z1,P2,108.3,185.63,131.1,109.6,226.1,272.1
2026-04-06,Z1,P2,279.94,143.42,122.2,107.0,223.0,270.8
2026-04-07,Z1,P2,146.06,143.49,115.8,101.6,212.5,269.5
2026-04-08,Z1,P2,58.52,282.37,106.9,106.3,233.0,281.4
2026-04-09,Z1,P2,189.2,64.2,113.9,114.3,227.1,276.2
2026-04-10,Z1,P2,177.55,135.6,158.0,136.2,310.7,310.7
2026-04-11,Z1,P2,331.73,30.18,116.9,108.0,219.8,268.9
2026-04-12,Z1,P2,134.32,108.3,121.5,118.0,244.6,301.2
2026-04-13,Z1,P2,70.97,279.94,113.1,101.8,243.4,285.8
2026-04-14,Z1,P2,71.41,146.06,108.0,95.1,210.4,247.7
2026-04-15,Z1,P2,138.25,58.52,129.1,123.1,266.2,297.0
2026-04-16,Z1,P2,82.79,189.2,132.0,127.4,226.5,267.3
2026-04-17,Z1,P2,203.68,177.55,160.6,146.0,259.9,314.9
2026-04-18,Z1,P2,94.65,331.73,168.0,163.3,264.5,345.4
2026-04-19,Z1,P2,70.88,134.32,124.9,125.3,219.5,271.9
2026-04-20,Z1,P2,75.96,70.97,134.1,131.1,274.4,313.3
2026-04-21,Z1,P2,136.17,71.41,125.5,128.0,245.7,288.0
2026-04-22,Z1,P2,92.6,138.25,126.6,121.7,248.7,313.3
2026-04-23,Z1,P2,86.11,82.79,137.7,128.2,266.2,324.0
2026-04-24,Z1,P2,216.29,203.68,187.4,166.1,308.4,373.8
2026-04-25,Z1,P2,208.63,94.65,143.0,120.7,265.2,301.7
2026-04-26,Z1,P2,243.92,70.88,133.1,99.1,228.8,315.2
2026-04-27,Z1,P2,161.54,75.96,126.9,107.2,253.0,314.0
2026-04-28,Z1,P2,135.26,136.17,127.0,102.9,232.2,279.1
2026-04-29,Z1,P2,136.29,92.6,147.1,113.2,255.4,336.9
2026-04-30,Z1,P2,126.23,86.11,136.5,111.8,264.4,305.8
2025-10-01,Z1,P3,1055.93,970.59,1307.1,1320.5,1729.3,1859.0
2025-10-02,Z1,P3,1385.35,988.92,1327.2,1376.9,1716.0,1861.1
2025-10-03,Z1,P3,2178.49,1451.39,1693.7,1704.4,2095.3,2115.8
2025-10-04,Z1,P3,1194.89,1195.23,1381.7,1420.1,1700.8,1837.2
2025-10-05,Z1,P3,873.36,835.04,977.8,1013.4,1307.7,1479.2
2025-10-06,Z1,P3,1471.57,1403.99,1418.0,1371.3,1753.4,1907.4
2025-10-07,Z1,P3,1298.68,830.42,1310.4,1270.7,1705.6,1785.6
2025-10-08,Z1,P3,1044.84,1055.93,1335.7,1302.6,1726.7,1866.9
2025-10-09,Z1,P3,1121.88,1385.35,1387.8,1372.9,1749.2,1896.7
2025-10-10,Z1,P3,2006.8,2178.49,1781.2,1842.9,2208.5,2216.1
2025-10-11,Z1,P3,1315.58,1194.89,1325.8,1346.9,1690.6,1783.5
2025-10-12,Z1,P3,750.19,873.36,932.7,958.4,1293.7,1486.5
2025-10-13,Z1,P3,1180.37,1471.57,1411.4,1505.9,1718.5,1843.6
2025-10-14,Z1,P3,1423.92,1298.68,1268.4,1301.6,1696.7,1892.2
2025-10-15,Z1,P3,1299.01,1044.84,1305.4,1274.0,1660.6,1876.5
2025-10-16,Z1,P3,1550.79,1121.88,1299.6,1284.9,1682.6,1733.1
2025-10-17,Z1,P3,1918.03,2006.8,1763.9,1812.6,2218.9,2346.8
2025-10-18,Z1,P3,1206.11,1315.58,1306.6,1289.3,1620.0,1811.4
2025-10-19,Z1,P3,893.77,750.19,857.9,842.4,1052.2,1261.8
2025-10-20,Z1,P3,1323.19,1180.37,1328.4,1356.3,1687.6,1805.1
2025-10-21,Z1,P3,1317.39,1423.92,1377.6,1343.2,1663.2,1845.9
2025-10-22,Z1,P3,1438.33,1299.01,1302.8,1306.0,1677.2,1845.1
2025-10-23,Z1,P3,1592.46,1550.79,1344.9,1375.7,1792.8,1881.6
2025-10-24,Z1,P3,2083.57,1918.03,1794.9,1810.9,2148.1,2230.2
2025-10-25,Z1,P3,1325.6,1206.11,1192.7,1196.1,1434.7,1607.0
2025-10-26,Z1,P3,740.06,893.77,868.8,887.1,1112.5,1252.5
2025-10-27,Z1,P3,1294.51,1323.19,1255.1,1302.3,1716.1,1782.9
2025-10-28,Z1,P3,1198.28,1317.39,1366.1,1384.7,1695.6,1872.6
2025-10-29,Z1,P3,1249.35,1438.33,1285.0,1286.8,1637.7,1738.6
2025-10-30,Z1,P3,1372.3,1592.46,1419.9,1400.8,1927.4,2047.5
2025-10-31,Z1,P3,1359.92,2083.57,1733.9,1746.7,2209.7,2365.1
2025-11-01,Z1,P3,768.6,1325.6,1302.9,1287.7,1627.8,1705.1
2025-11-02,Z1,P3,600.45,740.06,824.8,819.9,1085.2,1151.5
2025-11-03,Z1,P3,1332.31,1294.51,1374.6,1365.8,1710.4,1896.0
2025-11-04,Z1,P3,1238.05,1198.28,1267.9,1365.2,1637.1,1707.3
2025-11-05,Z1,P3,1129.31,1249.35,1311.9,1370.9,1668.2,1779.9
2025-11-06,Z1,P3,1388.2,1372.3,1414.7,1464.2,1754.5,1902.7
2025-11-07,Z1,P3,1783.53,1359.92,1666.1,1607.5,2043.1,2043.1
2025-11-08,Z1,P3,1075.42,768.6,1065.5,998.5,1520.1,1585.4
2025-11-09,Z1,P3,739.78,600.45,777.4,792.9,981.4,1076.0
2025-11-10,Z1,P3,1059.87,1332.31,1369.3,1331.5,1693.7,1861.0
2025-11-11,Z1,P3,987.8,1238.05,1291.8,1253.1,1702.4,1837.4
2025-11-12,Z1,P3,1103.12,1129.31,1310.1,1259.8,1729.3,1839.0
2025-11-13,Z1,P3,1276.01,1388.2,1455.6,1394.5,1769.0,1886.9
2025-11-14,Z1,P3,1265.97,1783.53,1683.1,1594.8,2077.8,2077.8
2025-11-15,Z1,P3,672.97,1075.42,1155.4,1079.8,1598.8,1691.9
2025-11-16,Z1,P3,900.6,739.78,644.4,708.4,938.8,1035.5
2025-11-17,Z1,P3,1183.37,1059.87,1239.4,1225.6,1650.1,1732.8
2025-11-18,Z1,P3,1190.14,987.8,1219.4,1243.4,1673.4,1856.1
2025-11-19,Z1,P3,1053.55,1103.12,1185.2,1185.0,1604.2,1721.2
2025-11-20,Z1,P3,1361.84,1276.01,1392.9,1445.7,1753.2,1827.7
2025-11-21,Z1,P3,1714.5,1265.97,1584.1,1574.2,2018.8,2094.0
2025-11-22,Z1,P3,1061.92,672.97,959.5,914.5,1288.4,1351.7
2025-11-23,Z1,P3,851.39,900.6,780.6,837.5,1018.1,1112.9
2025-11-24,Z1,P3,1185.56,1183.37,1221.4,1212.8,1655.3,1815.9
2025-11-25,Z1,P3,1110.23,1190.14,1158.5,1135.2,1487.0,1646.1
2025-11-26,Z1,P3,1267.0,1053.55,1115.8,1139.1,1490.7,1631.2
2025-11-27,Z1,P3,1292.03,1361.84,1321.0,1337.5,1725.1,1874.7
2025-11-28,Z1,P3,1288.78,1714.5,1547.5,1508.0,2001.9,2068.2
2025-11-29,Z1,P3,929.17,1061.92,988.1,976.4,1337.8,1445.6
2025-11-30,Z1,P3,930.88,851.39,812.4,847.5,1077.3,1086.6
2025-12-01,Z1,P3,1230.85,1185.56,1236.5,1231.3,1627.4,1819.2
2025-12-02,Z1,P3,1231.96,1110.23,1166.3,1155.1,1557.1,1663.8
2025-12-03,Z1,P3,815.22,1267.0,1143.3,1167.4,1494.9,1569.0
2025-12-04,Z1,P3,1338.76,1292.03,1297.7,1286.6,1655.3,1728.8
2025-12-05,Z1,P3,1171.77,1288.78,1540.1,1495.3,1912.0,1996.7
2025-12-06,Z1,P3,833.42,929.17,1022.3,1061.4,1417.5,1461.9
2025-12-07,Z1,P3,553.89,930.88,886.0,898.2,1190.5,1275.5
2025-12-08,Z1,P3,929.11,1230.85,1191.7,1170.9,1473.4,1598.4
2025-12-09,Z1,P3,834.32,1231.96,1182.1,1176.0,1564.6,1745.9
2025-12-10,Z1,P3,1157.27,815.22,1117.5,1068.1,1451.5,1594.8
2025-12-11,Z1,P3,1387.34,1338.76,1357.2,1347.3,1703.0,1854.9
2025-12-12,Z1,P3,1364.38,1171.77,1363.6,1345.0,1707.3,1834.1
2025-12-13,Z1,P3,1181.84,833.42,949.4,948.4,1234.0,1300.7
2025-12-14,Z1,P3,476.95,553.89,785.2,816.9,1013.4,1103.9
2025-12-15,Z1,P3,1258.85,929.11,1166.8,1166.1,1497.2,1670.2
2025-12-16,Z1,P3,893.6,834.32,1125.6,1069.3,1457.0,1596.3
2025-12-17,Z1,P3,1046.4,1157.27,1175.1,1128.7,1539.3,1753.5
2025-12-18,Z1,P3,1618.79,1387.34,1337.4,1325.5,1667.9,1857.8
2025-12-19,Z1,P3,1172.04,1364.38,1429.6,1397.5,1707.7,1861.1
2025-12-20,Z1,P3,1188.66,1181.84,1029.0,1001.9,1323.6,1478.6
2025-12-21,Z1,P3,468.68,476.95,646.8,622.6,743.2,944.3
2025-12-22,Z1,P3,1219.53,1258.85,1047.3,1084.0,1477.6,1598.5
2025-12-23,Z1,P3,1381.83,893.6,932.7,922.6,1190.8,1418.8
2025-12-24,Z1,P3,1073.32,1046.4,885.4,957.5,1345.8,1536.6
2025-12-25,Z1,P3,633.21,1618.79,1010.3,1157.6,1741.0,1914.3
2025-12-26,Z1,P3,990.81,1172.04,1094.8,1061.2,1503.2,1627.0
2025-12-27,Z1,P3,1289.38,1188.66,963.1,885.1,1150.1,1348.7
2025-12-28,Z1,P3,420.11,468.68,597.7,570.9,807.7,909.6
2025-12-29,Z1,P3,1125.56,1219.53,1149.8,1176.7,1414.6,1587.3
2025-12-30,Z1,P3,1197.8,1381.83,1044.6,1059.2,1353.4,1586.9
2025-12-31,Z1,P3,786.57,1073.32,967.3,1004.7,1270.0,1432.0
2026-01-01,Z1,P3,634.8,633.21,1060.6,1010.8,1510.7,1662.3
2026-01-02,Z1,P3,1498.86,990.81,1193.1,1219.8,1471.1,1677.6
2026-01-03,Z1,P3,674.38,1289.38,1122.2,1087.4,1652.4,1652.4
2026-01-04,Z1,P3,539.51,420.11,547.3,535.7,692.5,895.1
2026-01-05,Z1,P3,1005.33,1125.56,1173.9,1161.1,1415.3,1582.2
2026-01-06,Z1,P3,757.06,1197.8,1154.8,1160.3,1384.0,1415.4
2026-01-07,Z1,P3,550.99,786.57,1034.0,1002.9,1322.6,1398.3
2026-01-08,Z1,P3,945.75,634.8,1060.8,1022.1,1463.8,1572.6
2026-01-09,Z1,P3,906.45,1498.86,1283.8,1255.4,1611.6,1686.1
2026-01-10,Z1,P3,392.89,674.38,992.1,921.3,1291.1,1347.0
2026-01-11,Z1,P3,421.03,539.51,609.6,596.4,747.0,783.7
2026-01-12,Z1,P3,809.39,1005.33,1163.6,1190.6,1440.4,1583.1
2026-01-13,Z1,P3,1301.97,757.06,1087.1,1012.0,1464.6,1562.4
2026-01-14,Z1,P3,729.44,550.99,949.8,930.1,1232.6,1291.0
2026-01-15,Z1,P3,876.53,945.75,1083.1,1106.2,1458.8,1577.3
2026-01-16,Z1,P3,1022.45,906.45,1283.8,1240.5,1509.1,1585.9
2026-01-17,Z1,P3,1176.4,392.89,901.3,735.9,1170.4,1325.6
2026-01-18,Z1,P3,567.65,421.03,572.0,548.7,729.5,808.9
2026-01-19,Z1,P3,738.13,809.39,1061.4,1065.2,1335.9,1428.4
2026-01-20,Z1,P3,1127.02,1301.97,1135.1,1080.5,1536.6,1672.7
2026-01-21,Z1,P3,994.88,729.44,943.7,880.7,1266.0,1391.3
2026-01-22,Z1,P3,1041.36,876.53,1015.8,979.3,1393.5,1464.4
2026-01-23,Z1,P3,1160.46,1022.45,1201.4,1129.5,1554.2,1725.9
2026-01-24,Z1,P3,828.36,1176.4,954.0,904.5,1282.6,1343.4
2026-01-25,Z1,P3,704.58,567.65,592.4,559.1,737.2,807.0
2026-01-26,Z1,P3,998.0,738.13,992.4,987.5,1309.3,1514.5
2026-01-27,Z1,P3,950.51,1127.02,1110.2,1124.8,1394.7,1549.0
2026-01-28,Z1,P3,866.85,994.88,956.4,885.7,1227.6,1368.4
2026-01-29,Z1,P3,1107.43,1041.36,1065.5,1022.8,1381.5,1520.3
2026-01-30,Z1,P3,1007.97,1160.46,1151.0,1080.1,1422.9,1562.7
2026-01-31,Z1,P3,950.68,828.36,892.3,873.3,1127.5,1199.4
2026-02-01,Z1,P3,450.49,704.58,632.0,617.2,814.9,912.7
2026-02-02,Z1,P3,723.85,998.0,1024.2,935.2,1255.4,1429.1
2026-02-03,Z1,P3,978.72,950.51,1041.1,1037.2,1381.5,1578.2
2026-02-04,Z1,P3,1126.88,866.85,911.4,890.6,1197.1,1310.9
2026-02-05,Z1,P3,1000.64,1107.43,1092.2,1089.4,1427.6,1636.6
2026-02-06,Z1,P3,999.4,1007.97,1091.8,1077.7,1472.2,1690.2
2026-02-07,Z1,P3,768.27,950.68,932.3,856.3,1283.1,1343.6
2026-02-08,Z1,P3,471.62,450.49,579.2,541.1,772.4,826.1
2026-02-09,Z1,P3,1155.1,723.85,895.7,857.1,1261.2,1367.1
2026-02-10,Z1,P3,1020.38,978.72,1042.1,1013.7,1365.7,1537.1
2026-02-11,Z1,P3,1068.81,1126.88,1004.2,941.2,1297.7,1441.9
2026-02-12,Z1,P3,736.22,1000.64,1029.7,1056.7,1444.8,1663.9
2026-02-13,Z1,P3,1401.91,999.4,1045.3,1021.8,1345.1,1526.6
2026-02-14,Z1,P3,512.68,768.27,878.3,885.7,1225.7,1276.2
2026-02-15,Z1,P3,641.53,471.62,548.9,537.9,771.7,824.4
2026-02-16,Z1,P3,853.6,1155.1,1054.7,996.2,1368.5,1528.6
2026-02-17,Z1,P3,957.24,1020.38,1083.1,1017.5,1421.8,1626.8
2026-02-18,Z1,P3,1015.35,1068.81,1073.1,1047.2,1311.7,1438.6
2026-02-19,Z1,P3,647.13,736.22,931.4,866.0,1246.6,1401.1
2026-02-20,Z1,P3,1125.72,1401.91,1153.5,1146.9,1478.0,1628.0
2026-02-21,Z1,P3,680.97,512.68,871.7,834.3,1233.8,1314.8
2026-02-22,Z1,P3,483.97,641.53,644.3,583.7,787.4,915.1
2026-02-23,Z1,P3,1327.55,853.6,1032.6,994.1,1293.6,1464.5
2026-02-24,Z1,P3,926.24,957.24,1043.4,1008.7,1294.5,1475.4
2026-02-25,Z1,P3,968.77,1015.35,1005.7,977.4,1297.5,1467.8
2026-02-26,Z1,P3,1082.9,647.13,896.9,865.7,1231.7,1335.6
2026-02-27,Z1,P3,1301.56,1125.72,1195.9,1217.0,1532.5,1703.2
2026-02-28,Z1,P3,568.72,680.97,780.5,721.3,1017.6,1144.3
2026-03-01,Z1,P3,769.51,483.97,601.6,560.4,723.4,831.9
2026-03-02,Z1,P3,980.01,1327.55,1061.8,1004.8,1407.6,1487.4
2026-03-03,Z1,P3,859.99,926.24,1000.7,955.0,1298.1,1520.2
2026-03-04,Z1,P3,1064.92,968.77,992.9,961.4,1312.0,1509.7
2026-03-05,Z1,P3,825.19,1082.9,1011.8,961.5,1257.6,1432.5
2026-03-06,Z1,P3,751.03,1301.56,1187.8,1196.8,1589.3,1681.1
2026-03-07,Z1,P3,745.97,568.72,733.8,721.2,921.3,1051.1
2026-03-08,Z1,P3,557.76,769.51,606.0,552.0,827.2,923.3
2026-03-09,Z1,P3,1225.51,980.01,1072.1,1010.3,1270.0,1462.5
2026-03-10,Z1,P3,835.62,859.99,1007.9,982.8,1337.6,1453.5
2026-03-11,Z1,P3,755.04,1064.92,1022.4,958.8,1304.7,1498.2
2026-03-12,Z1,P3,774.42,825.19,948.9,915.7,1195.2,1306.6
2026-03-13,Z1,P3,805.21,751.03,1017.8,952.6,1402.8,1526.7
2026-03-14,Z1,P3,731.59,745.97,787.6,719.8,1014.6,1192.5
2026-03-15,Z1,P3,405.01,557.76,695.0,691.3,870.5,937.1
2026-03-16,Z1,P3,510.98,1225.51,1108.6,1052.4,1449.1,1583.6
2026-03-17,Z1,P3,801.18,835.62,976.4,943.8,1188.2,1324.5
2026-03-18,Z1,P3,964.5,755.04,988.8,936.7,1233.7,1373.0
2026-03-19,Z1,P3,985.78,774.42,904.6,881.0,1204.5,1333.2
2026-03-20,Z1,P3,903.83,805.21,1044.3,1007.9,1353.6,1502.4
2026-03-21,Z1,P3,665.88,731.59,838.4,801.9,1131.8,1204.6
2026-03-22,Z1,P3,590.71,405.01,701.9,613.8,860.0,860.0
2026-03-23,Z1,P3,875.21,510.98,965.2,885.7,1279.5,1376.9
2026-03-24,Z1,P3,1100.05,801.18,942.5,892.4,1189.1,1352.1
2026-03-25,Z1,P3,867.95,964.5,987.9,945.0,1310.7,1510.0
2026-03-26,Z1,P3,1203.52,985.78,1007.4,952.7,1286.1,1420.1
2026-03-27,Z1,P3,1192.74,903.83,1027.7,980.3,1344.9,1444.8
2026-03-28,Z1,P3,1067.9,665.88,818.7,795.6,1181.2,1220.3
2026-03-29,Z1,P3,472.36,590.71,644.5,611.7,777.5,944.8
2026-03-30,Z1,P3,1106.42,875.21,938.1,862.3,1194.5,1397.6
2026-03-31,Z1,P3,1006.41,1100.05,982.4,898.4,1276.9,1365.0
2026-04-01,Z1,P3,735.73,867.95,957.9,943.6,1207.4,1359.9
2026-04-02,Z1,P3,809.8,1203.52,986.1,960.0,1275.2,1381.6
2026-04-03,Z1,P3,1360.65,1192.74,1077.8,1031.8,1312.3,1457.6
2026-04-04,Z1,P3,692.12,1067.9,975.1,927.8,1246.6,1322.1
2026-04-05,Z1,P3,698.41,472.36,552.8,508.0,716.7,863.4
2026-04-06,Z1,P3,706.82,1106.42,991.8,954.6,1330.6,1450.6
2026-04-07,Z1,P3,896.21,1006.41,1007.9,981.9,1292.6,1397.7
2026-04-08,Z1,P3,590.97,735.73,888.9,867.7,1180.7,1294.8
2026-04-09,Z1,P3,841.91,809.8,963.0,906.3,1207.6,1318.3
2026-04-10,Z1,P3,859.99,1360.65,1194.9,1216.1,1530.5,1738.8
2026-04-11,Z1,P3,827.81,692.12,826.9,789.8,1185.8,1301.5
2026-04-12,Z1,P3,565.24,698.41,607.4,564.3,789.9,898.0
2026-04-13,Z1,P3,1016.27,706.82,906.7,877.5,1233.3,1347.5
2026-04-14,Z1,P3,649.96,896.21,943.9,912.0,1225.9,1402.6
2026-04-15,Z1,P3,745.89,590.97,869.9,840.5,1217.6,1334.0
2026-04-16,Z1,P3,728.65,841.91,951.2,914.1,1246.7,1409.7
2026-04-17,Z1,P3,1358.94,859.99,1076.3,1002.7,1465.3,1644.0
2026-04-18,Z1,P3,565.69,827.81,874.6,860.9,1220.2,1303.4
2026-04-19,Z1,P3,422.1,565.24,636.1,621.3,805.7,917.7
2026-04-20,Z1,P3,922.03,1016.27,1024.1,948.9,1389.3,1594.6
2026-04-21,Z1,P3,1141.28,649.96,939.8,878.4,1350.5,1360.4
2026-04-22,Z1,P3,1036.24,745.89,873.6,803.1,1157.6,1343.6
2026-04-23,Z1,P3,1319.2,728.65,899.4,847.3,1233.3,1370.8
2026-04-24,Z1,P3,1941.31,1358.94,1186.7,1140.1,1654.0,1815.9
2026-04-25,Z1,P3,921.76,565.69,734.2,705.3,1099.6,1145.0
2026-04-26,Z1,P3,735.79,422.1,582.3,551.6,792.8,867.9
2026-04-27,Z1,P3,912.03,922.03,939.1,952.0,1339.3,1472.6
2026-04-28,Z1,P3,1254.64,1141.28,930.1,902.6,1262.6,1628.2
2026-04-29,Z1,P3,1008.42,1036.24,910.2,867.5,1280.8,1387.5
2026-04-30,Z1,P3,1290.23,1319.2,994.1,995.1,1438.7,1529.1
2025-10-01,Z10,P1,1663.85,1297.9,1315.3,1391.6,1702.2,1730.0
2025-10-02,Z10,P1,1263.8,1542.89,1334.4,1371.4,1773.8,1797.5
2025-10-03,Z10,P1,1513.45,1306.3,1264.6,1248.8,1659.8,1713.1
2025-10-04,Z10,P1,676.12,819.3,843.2,870.8,1151.2,1218.3
2025-10-05,Z10,P1,224.91,296.63,353.5,321.8,533.3,617.7
2025-10-06,Z10,P1,1370.09,1068.63,1400.2,1422.2,1787.2,1942.8
2025-10-07,Z10,P1,1078.7,1709.53,1384.6,1408.2,1850.5,1904.8
2025-10-08,Z10,P1,1244.64,1663.85,1360.9,1359.0,1908.0,1967.5
2025-10-09,Z10,P1,1566.34,1263.8,1343.4,1359.9,1725.1,1862.0
2025-10-10,Z10,P1,1171.59,1513.45,1327.2,1367.0,1619.9,1709.1
2025-10-11,Z10,P1,1071.32,676.12,823.6,839.0,1164.6,1187.0
2025-10-12,Z10,P1,199.74,224.91,335.5,320.5,606.0,644.3
2025-10-13,Z10,P1,1420.13,1370.09,1409.7,1427.5,1779.5,1963.6
2025-10-14,Z10,P1,700.42,1078.7,1327.3,1345.6,1810.3,1969.8
2025-10-15,Z10,P1,1407.22,1244.64,1401.0,1386.2,1894.1,1996.9
2025-10-16,Z10,P1,1103.38,1566.34,1333.1,1362.0,1858.8,1953.5
2025-10-17,Z10,P1,788.34,1171.59,1371.6,1398.4,1725.3,1873.5
2025-10-18,Z10,P1,627.42,1071.32,901.1,917.2,1297.0,1313.8
2025-10-19,Z10,P1,181.78,199.74,280.7,248.9,520.3,601.5
2025-10-20,Z10,P1,1195.74,1420.13,1372.6,1365.2,1730.1,1911.1
2025-10-21,Z10,P1,1417.27,700.42,1136.4,1059.8,1611.2,1775.6
2025-10-22,Z10,P1,1592.05,1407.22,1391.2,1367.1,1754.8,1947.5
2025-10-23,Z10,P1,1487.03,1103.38,1380.5,1402.3,1772.0,1961.3
2025-10-24,Z10,P1,1852.06,788.34,1148.6,1077.6,1647.3,1760.1
2025-10-25,Z10,P1,846.34,627.42,799.9,757.2,1121.7,1188.6
2025-10-26,Z10,P1,342.32,181.78,285.2,253.5,525.9,607.6
2025-10-27,Z10,P1,1572.52,1195.74,1339.7,1403.3,1681.2,1900.8
2025-10-28,Z10,P1,1270.72,1417.27,1344.7,1326.3,1714.9,1917.3
2025-10-29,Z10,P1,1667.87,1592.05,1374.0,1428.1,1934.1,2014.1
2025-10-30,Z10,P1,921.72,1487.03,1298.1,1322.6,1755.5,1917.7
2025-10-31,Z10,P1,1276.31,1852.06,1336.3,1251.6,1899.6,2024.1
2025-11-01,Z10,P1,746.7,846.34,850.0,844.9,1090.9,1231.6
2025-11-02,Z10,P1,500.76,342.32,321.2,285.8,517.8,668.0
2025-11-03,Z10,P1,1532.95,1572.52,1335.6,1343.7,1839.4,1994.4
2025-11-04,Z10,P1,1068.27,1270.72,1292.8,1251.8,1615.9,1638.4
2025-11-05,Z10,P1,1469.22,1667.87,1389.1,1406.7,1948.3,2133.6
2025-11-06,Z10,P1,1179.07,921.72,1281.4,1300.4,1692.4,1749.4
2025-11-07,Z10,P1,1579.99,1276.31,1393.8,1368.9,1837.7,1837.7
2025-11-08,Z10,P1,644.25,746.7,830.6,842.1,1110.6,1225.3
2025-11-09,Z10,P1,319.54,500.76,392.8,403.9,570.8,669.3
2025-11-10,Z10,P1,1290.05,1532.95,1427.7,1490.5,1784.2,1973.1
2025-11-11,Z10,P1,1243.53,1068.27,1210.6,1240.1,1614.7,1760.6
2025-11-12,Z10,P1,1446.37,1469.22,1408.0,1473.5,1942.3,2024.3
2025-11-13,Z10,P1,1464.34,1179.07,1263.5,1237.7,1710.0,1904.9
2025-11-14,Z10,P1,1444.12,1579.99,1346.2,1386.7,1858.5,1858.5
2025-11-15,Z10,P1,917.79,644.25,751.6,755.4,1017.0,1078.6
2025-11-16,Z10,P1,365.78,319.54,350.6,319.7,572.7,698.3
2025-11-17,Z10,P1,1360.67,1290.05,1476.9,1516.3,1790.2,1961.6
2025-11-18,Z10,P1,1500.1,1243.53,1309.9,1329.9,1737.3,1908.7
2025-11-19,Z10,P1,1966.45,1446.37,1361.8,1440.3,1802.4,1904.5
2025-11-20,Z10,P1,947.2,1464.34,1260.9,1302.1,1682.8,1885.6
2025-11-21,Z10,P1,1129.52,1444.12,1387.5,1465.7,1824.6,1907.1
2025-11-22,Z10,P1,935.94,917.79,815.9,862.1,1113.4,1221.6
2025-11-23,Z10,P1,340.21,365.78,353.6,323.4,544.2,655.9
2025-11-24,Z10,P1,1081.16,1360.67,1343.6,1417.4,1735.2,1968.8
2025-11-25,Z10,P1,1479.7,1500.1,1346.0,1357.3,1716.7,1919.4
2025-11-26,Z10,P1,752.39,1966.45,1506.6,1567.4,2023.7,2150.2
2025-11-27,Z10,P1,1650.42,947.2,1217.5,1245.2,1655.0,1764.5
2025-11-28,Z10,P1,1472.31,1129.52,1349.8,1407.8,1762.4,1904.3
2025-11-29,Z10,P1,893.85,935.94,821.9,891.3,1221.7,1221.7
2025-11-30,Z10,P1,175.5,340.21,354.2,355.0,561.7,630.1
2025-12-01,Z10,P1,1433.13,1081.16,1328.7,1362.1,1742.6,1909.0
2025-12-02,Z10,P1,1736.02,1479.7,1322.8,1390.6,1686.9,1785.9
2025-12-03,Z10,P1,1225.53,752.39,1263.4,1227.7,1877.6,1956.3
2025-12-04,Z10,P1,1341.2,1650.42,1359.6,1329.6,1962.8,2061.0
2025-12-05,Z10,P1,1099.0,1472.31,1294.1,1349.9,1766.0,1878.7
2025-12-06,Z10,P1,911.84,893.85,895.0,913.5,1160.9,1232.9
2025-12-07,Z10,P1,72.18,175.5,295.3,262.0,537.4,590.4
2025-12-08,Z10,P1,1755.72,1433.13,1282.7,1324.1,1755.4,1937.3
2025-12-09,Z10,P1,1397.39,1736.02,1441.9,1450.2,1944.6,2028.5
2025-12-10,Z10,P1,1475.73,1225.53,1294.8,1237.5,1759.7,1928.8
2025-12-11,Z10,P1,1351.22,1341.2,1325.8,1365.5,1693.0,1833.1
2025-12-12,Z10,P1,1274.66,1099.0,1263.5,1328.3,1681.4,1720.8
2025-12-13,Z10,P1,1000.57,911.84,926.2,960.4,1218.6,1374.0
2025-12-14,Z10,P1,277.5,72.18,259.6,237.1,488.1,567.0
2025-12-15,Z10,P1,1285.57,1755.72,1433.0,1443.4,1921.3,2012.3
2025-12-16,Z10,P1,949.0,1397.39,1412.4,1437.6,1938.2,2056.0
2025-12-17,Z10,P1,992.59,1475.73,1340.7,1322.4,1749.6,1948.0
2025-12-18,Z10,P1,1264.3,1351.22,1388.6,1378.6,1732.8,1906.4
2025-12-19,Z10,P1,1390.44,1274.66,1336.4,1365.7,1774.3,1921.7
2025-12-20,Z10,P1,814.96,1000.57,876.7,869.6,1042.2,1276.7
2025-12-21,Z10,P1,239.38,277.5,216.1,176.9,412.1,512.6
2025-12-22,Z10,P1,763.8,1285.57,982.3,1166.1,1743.7,1870.0
2025-12-23,Z10,P1,945.29,949.0,906.0,944.2,1533.6,1691.0
2025-12-24,Z10,P1,1203.69,992.59,580.2,831.4,1456.4,1660.1
2025-12-25,Z10,P1,260.21,1264.3,660.6,876.5,1478.6,1583.0
2025-12-26,Z10,P1,489.35,1390.44,832.5,990.3,1433.9,1661.5
2025-12-27,Z10,P1,467.47,814.96,705.0,707.4,921.4,1069.6
2025-12-28,Z10,P1,327.54,239.38,212.2,168.8,412.4,529.7
2025-12-29,Z10,P1,817.91,763.8,969.2,896.8,1526.8,1624.9
2025-12-30,Z10,P1,1073.96,945.29,904.0,898.5,1443.2,1630.7
2025-12-31,Z10,P1,825.64,1203.69,774.1,929.1,1402.2,1576.1
2026-01-01,Z10,P1,102.8,260.21,659.5,601.2,1275.7,1343.3
2026-01-02,Z10,P1,722.86,489.35,829.8,838.1,1226.8,1449.7
2026-01-03,Z10,P1,621.17,467.47,640.5,584.5,769.8,932.1
2026-01-04,Z10,P1,210.26,327.54,222.9,214.6,328.2,481.8
2026-01-05,Z10,P1,1661.82,817.91,1283.8,1292.5,1607.3,1634.4
2026-01-06,Z10,P1,926.86,1073.96,1215.3,1244.9,1540.0,1706.5
2026-01-07,Z10,P1,458.77,825.64,1206.6,1243.8,1563.1,1631.4
2026-01-08,Z10,P1,1034.52,102.8,1129.7,950.8,1473.0,1692.3
2026-01-09,Z10,P1,755.88,722.86,1071.5,1008.0,1561.3,1682.6
2026-01-10,Z10,P1,818.54,621.17,732.4,710.6,941.3,1009.7
2026-01-11,Z10,P1,75.48,210.26,289.8,267.2,475.8,555.5
2026-01-12,Z10,P1,1239.17,1661.82,1300.7,1203.7,1827.7,2036.1
2026-01-13,Z10,P1,796.8,926.86,1123.3,1151.2,1577.1,1733.6
2026-01-14,Z10,P1,1806.0,458.77,1041.0,981.9,1534.2,1596.2
2026-01-15,Z10,P1,897.36,1034.52,1037.7,963.2,1410.0,1546.7
2026-01-16,Z10,P1,1321.1,755.88,1023.3,1024.6,1454.2,1504.9
2026-01-17,Z10,P1,1121.83,818.54,805.1,786.2,986.6,1074.5
2026-01-18,Z10,P1,180.55,75.48,260.4,246.0,453.1,528.3
2026-01-19,Z10,P1,1433.83,1239.17,1245.3,1244.2,1698.9,1740.4
2026-01-20,Z10,P1,1222.27,796.8,991.9,1089.0,1500.0,1644.9
2026-01-21,Z10,P1,1177.95,1806.0,1224.3,1075.4,1716.4,1900.5
2026-01-22,Z10,P1,1205.4,897.36,1091.5,1087.0,1502.3,1588.7
2026-01-23,Z10,P1,1981.82,1321.1,1106.6,981.3,1541.0,1670.5
2026-01-24,Z10,P1,725.03,1121.83,818.8,797.5,1152.7,1220.5
2026-01-25,Z10,P1,33.5,180.55,251.4,225.9,430.8,504.9
2026-01-26,Z10,P1,1219.6,1433.83,1265.3,1235.5,1723.2,1879.4
2026-01-27,Z10,P1,1734.97,1222.27,1147.8,1105.8,1540.3,1762.7
2026-01-28,Z10,P1,1105.57,1177.95,1158.7,1157.5,1708.6,1746.8
2026-01-29,Z10,P1,800.18,1205.4,1164.0,1128.7,1569.7,1695.2
2026-01-30,Z10,P1,2418.23,1981.82,1276.0,1187.9,1861.3,2121.4
2026-01-31,Z10,P1,693.11,725.03,804.1,797.0,1144.2,1169.8
2026-03-01,Z10,P1,540.96,107.15,243.3,211.9,546.6,689.8
2026-03-02,Z10,P1,1631.35,1555.47,1387.6,1448.1,1894.0,1961.5
2026-03-03,Z10,P1,2179.61,1441.2,1232.6,1202.1,1762.1,1799.4
2026-03-04,Z10,P1,1222.23,1302.67,1237.6,1230.7,1801.1,1801.1
2026-03-05,Z10,P1,1368.44,1438.81,1283.5,1294.6,1805.4,1902.2
2026-03-06,Z10,P1,1861.54,975.56,1198.2,1163.9,1615.1,1688.7
2026-03-07,Z10,P1,571.3,807.04,852.9,844.3,1148.9,1149.1
2026-03-08,Z10,P1,118.11,540.96,378.6,466.2,560.1,629.0
2026-03-09,Z10,P1,1534.6,1631.35,1400.0,1431.0,2023.9,2142.2
2026-03-10,Z10,P1,1113.83,2179.61,1464.6,1484.3,2176.2,2243.3
2026-03-11,Z10,P1,1011.71,1222.23,1322.0,1330.0,1740.4,1885.1
2026-03-12,Z10,P1,1272.85,1368.44,1304.7,1341.1,1798.3,1908.1
2026-03-13,Z10,P1,1164.62,1861.54,1394.6,1348.5,2070.0,2089.9
2026-03-14,Z10,P1,835.23,571.3,771.0,791.1,1056.4,1125.3
2026-03-15,Z10,P1,185.9,118.11,278.3,260.5,542.3,649.7
2026-03-16,Z10,P1,1606.35,1534.6,1442.3,1489.6,1886.1,2069.7
2026-03-17,Z10,P1,1467.58,1113.83,1391.2,1430.4,1977.5,2054.6
2026-03-18,Z10,P1,1003.63,1011.71,1292.1,1302.0,1716.3,1889.6
2026-03-19,Z10,P1,1229.91,1272.85,1322.3,1352.1,1764.6,1968.2
2026-03-20,Z10,P1,1270.8,1164.62,1418.9,1496.4,1954.4,1990.8
2026-03-21,Z10,P1,840.09,835.23,780.8,792.4,1047.9,1086.1
2026-03-22,Z10,P1,255.54,185.9,211.8,237.2,443.8,592.5
2026-03-23,Z10,P1,1216.85,1606.35,1466.2,1528.7,2052.1,2241.1
2026-03-24,Z10,P1,1344.59,1467.58,1443.5,1486.1,1857.5,2022.5
2026-03-25,Z10,P1,1541.01,1003.63,1236.1,1212.6,1621.1,1882.1
2026-03-26,Z10,P1,1438.2,1229.91,1280.2,1262.8,1725.9,1925.5
2026-03-27,Z10,P1,1696.71,1270.8,1392.5,1412.8,1794.3,1957.9
2026-03-28,Z10,P1,701.3,840.09,817.2,835.9,1135.6,1135.6
2026-03-29,Z10,P1,117.07,255.54,299.4,295.2,504.7,638.1
2026-03-30,Z10,P1,1430.27,1216.85,1465.6,1531.0,1794.2,2002.4
2026-03-31,Z10,P1,1344.03,1344.59,1396.2,1469.6,1866.8,1961.9
2026-04-01,Z10,P1,889.24,1541.01,1296.4,1296.3,1816.2,1937.9
2026-04-02,Z10,P1,1045.43,1438.2,1303.4,1296.3,1803.2,1982.8
2026-04-03,Z10,P1,1002.98,1696.71,1418.7,1398.0,1953.6,2044.1
2026-04-04,Z10,P1,1341.32,701.3,749.2,757.8,1011.3,1117.2
2026-04-05,Z10,P1,137.63,117.07,208.8,207.7,467.9,532.9
2026-04-06,Z10,P1,272.35,1430.27,1360.9,1354.1,1792.7,1964.6
2026-04-07,Z10,P1,1325.6,1344.03,1359.9,1397.5,1751.3,1880.1
2026-04-08,Z10,P1,1191.43,889.24,1174.1,1153.4,1566.6,1696.7
2026-04-09,Z10,P1,1361.87,1045.43,1292.5,1338.2,1741.9,1825.1
2026-04-10,Z10,P1,1159.99,1002.98,1289.0,1276.7,1786.8,1938.9
2026-04-11,Z10,P1,1416.8,1341.32,919.4,963.2,1352.9,1352.9
2026-04-12,Z10,P1,103.82,137.63,224.2,195.9,473.5,568.6
2026-04-13,Z10,P1,1260.37,272.35,1211.9,949.3,1712.7,1712.7
2026-04-14,Z10,P1,1649.63,1325.6,1345.7,1361.1,1784.1,1887.6
2026-04-15,Z10,P1,1623.47,1191.43,1277.6,1248.9,1674.2,1904.2
2026-04-16,Z10,P1,1261.73,1361.87,1297.4,1316.6,1761.5,1907.6
2026-04-17,Z10,P1,1444.83,1159.99,1294.4,1262.7,1750.8,1952.2
2026-04-18,Z10,P1,670.16,1416.8,1096.0,1059.9,1553.8,1553.8
2026-04-19,Z10,P1,27.35,103.82,195.1,203.8,444.2,540.3
2026-04-20,Z10,P1,1319.54,1260.37,1234.5,1199.6,1742.7,1846.9
2026-04-21,Z10,P1,819.45,1649.63,1396.0,1400.2,2007.7,2162.9
2026-04-22,Z10,P1,1653.07,1623.47,1316.9,1287.3,1938.2,2092.5
2026-04-23,Z10,P1,1491.98,1261.73,1313.5,1344.6,1793.5,1931.2
2026-04-24,Z10,P1,1221.94,1444.83,1239.0,1281.5,1750.0,1839.1
2026-04-25,Z10,P1,606.65,670.16,831.9,849.3,1377.8,1450.5
2026-04-26,Z10,P1,269.44,27.35,157.5,143.0,428.6,523.6
2026-04-27,Z10,P1,416.52,1319.54,1160.8,1238.6,1698.3,1897.0
2026-04-28,Z10,P1,905.66,819.45,1174.4,1243.6,1749.4,1961.7
2026-04-29,Z10,P1,1410.72,1653.07,1263.8,1416.4,1949.6,2122.2
2026-04-30,Z10,P1,1260.38,1491.98,1194.0,1327.7,1798.0,1945.9
2025-10-01,Z10,P2,330.96,592.84,577.4,578.3,846.7,894.6
2025-10-02,Z10,P2,499.51,667.66,581.9,567.0,906.0,987.7
2025-10-03,Z10,P2,552.76,776.78,645.1,629.4,928.7,999.4
2025-10-04,Z10,P2,560.84,882.73,677.9,646.6,959.1,999.4
2025-10-05,Z10,P2,197.16,394.29,301.5,295.7,518.3,604.4
2025-10-06,Z10,P2,571.77,655.73,584.5,606.5,834.9,950.5
2025-10-07,Z10,P2,677.05,402.34,489.7,479.4,849.0,879.1
2025-10-08,Z10,P2,584.23,330.96,461.6,477.4,813.5,871.0
2025-10-09,Z10,P2,595.53,499.51,543.5,552.4,856.5,890.4
2025-10-10,Z10,P2,687.32,552.76,608.8,601.9,918.9,957.3
2025-10-11,Z10,P2,893.71,560.84,574.7,577.2,852.4,908.6
2025-10-12,Z10,P2,303.42,197.16,273.2,267.3,505.3,527.3
2025-10-13,Z10,P2,289.58,571.77,527.9,532.8,737.9,773.1
2025-10-14,Z10,P2,465.92,677.05,529.0,539.0,754.4,796.6
2025-10-15,Z10,P2,588.2,584.23,488.0,508.4,690.4,743.2
2025-10-16,Z10,P2,465.55,595.53,538.9,544.0,750.5,816.7
2025-10-17,Z10,P2,534.32,687.32,582.7,563.6,810.4,864.8
2025-10-18,Z10,P2,613.44,893.71,654.7,659.4,932.3,1088.3
2025-10-19,Z10,P2,264.8,303.42,306.9,319.8,434.8,541.1
2025-10-20,Z10,P2,389.48,289.58,477.9,485.4,718.7,731.2
2025-10-21,Z10,P2,494.26,465.92,533.6,526.5,731.5,812.4
2025-10-22,Z10,P2,827.29,588.2,541.5,555.7,746.2,824.7
2025-10-23,Z10,P2,499.24,465.55,524.4,528.1,730.5,806.0
2025-10-24,Z10,P2,630.68,534.32,608.2,626.7,781.7,833.8
2025-10-25,Z10,P2,654.83,613.44,631.7,642.4,882.2,916.9
2025-10-26,Z10,P2,143.24,264.8,301.6,288.1,460.5,524.9
2025-10-27,Z10,P2,278.13,389.48,476.1,458.9,683.9,753.1
2025-10-28,Z10,P2,421.32,494.26,512.4,507.6,686.5,720.7
2025-10-29,Z10,P2,579.0,827.29,600.5,591.2,833.3,941.7
2025-10-30,Z10,P2,757.6,499.24,522.5,529.6,726.1,773.4
2025-10-31,Z10,P2,566.5,630.68,593.1,597.9,830.0,844.7
2025-11-01,Z10,P2,734.4,654.83,595.1,578.0,818.2,966.6
2025-11-02,Z10,P2,342.59,143.24,252.5,250.7,435.1,512.9
2025-11-03,Z10,P2,313.44,278.13,431.5,409.7,674.6,716.9
2025-11-04,Z10,P2,854.15,421.32,488.1,478.6,720.4,770.0
2025-11-05,Z10,P2,544.82,579.0,542.7,548.2,830.3,877.3
2025-11-06,Z10,P2,382.69,757.6,541.1,550.5,844.1,894.2
2025-11-07,Z10,P2,621.99,566.5,599.6,578.8,799.0,830.9
2025-11-08,Z10,P2,793.55,734.4,622.4,603.1,773.9,920.2
2025-11-09,Z10,P2,312.92,342.59,285.7,282.7,418.4,502.7
2025-11-10,Z10,P2,510.61,313.44,400.5,374.7,616.3,663.5
2025-11-11,Z10,P2,371.07,854.15,536.3,548.7,798.5,871.0
2025-11-12,Z10,P2,340.84,544.82,534.5,547.8,727.0,816.6
2025-11-13,Z10,P2,669.73,382.69,500.1,491.5,765.6,807.6
2025-11-14,Z10,P2,403.23,621.99,571.0,559.0,781.4,829.0
2025-11-15,Z10,P2,684.44,793.55,659.5,650.6,894.5,970.1
2025-11-16,Z10,P2,224.87,312.92,280.6,270.0,418.6,475.4
2025-11-17,Z10,P2,529.52,510.61,460.3,459.5,636.6,672.0
2025-11-18,Z10,P2,592.39,371.07,484.4,476.3,806.8,847.1
2025-11-19,Z10,P2,193.06,340.84,520.1,542.6,705.3,752.9
2025-11-20,Z10,P2,662.9,669.73,526.3,542.8,758.2,831.7
2025-11-21,Z10,P2,621.42,403.23,567.9,563.6,797.7,840.6
2025-11-22,Z10,P2,556.2,684.44,631.8,645.0,904.9,997.4
2025-11-23,Z10,P2,190.92,224.87,280.1,274.2,434.8,490.8
2025-11-24,Z10,P2,222.74,529.52,504.9,509.5,693.9,707.8
2025-11-25,Z10,P2,336.05,592.39,506.1,515.0,745.9,826.1
2025-11-26,Z10,P2,510.82,193.06,406.5,387.9,631.6,707.8
2025-11-27,Z10,P2,470.35,662.9,551.5,525.4,786.0,883.9
2025-11-28,Z10,P2,655.33,621.42,541.6,520.4,750.7,822.7
2025-11-29,Z10,P2,420.71,556.2,597.1,601.2,789.3,826.3
2025-11-30,Z10,P2,306.29,190.92,292.4,283.2,426.7,493.5
2025-12-01,Z10,P2,674.39,222.74,424.0,423.6,667.0,689.2
2025-12-02,Z10,P2,660.47,336.05,486.1,473.4,725.2,758.9
2025-12-03,Z10,P2,567.91,510.82,482.3,485.2,679.3,756.1
2025-12-04,Z10,P2,386.33,470.35,512.2,508.9,697.1,747.4
2025-12-05,Z10,P2,303.46,655.33,563.1,553.1,819.5,876.3
2025-12-06,Z10,P2,283.37,420.71,571.8,577.0,738.7,856.8
2025-12-07,Z10,P2,150.46,306.29,278.9,284.3,386.7,496.1
2025-12-08,Z10,P2,680.83,674.39,471.9,469.4,716.0,790.2
2025-12-09,Z10,P2,446.01,660.47,479.7,467.1,676.5,745.7
2025-12-10,Z10,P2,326.06,567.91,503.9,507.9,692.9,712.4
2025-12-11,Z10,P2,530.7,386.33,509.3,513.9,728.4,773.5
2025-12-12,Z10,P2,872.5,303.46,492.5,493.9,677.9,735.5
2025-12-13,Z10,P2,814.0,283.37,472.8,463.0,629.7,690.5
2025-12-14,Z10,P2,207.28,150.46,245.6,238.3,407.3,483.8
2025-12-15,Z10,P2,483.3,680.83,506.5,505.7,749.9,887.0
2025-12-16,Z10,P2,645.89,446.01,489.5,477.4,696.1,805.9
2025-12-17,Z10,P2,318.68,326.06,472.8,469.5,719.7,802.9
2025-12-18,Z10,P2,629.55,530.7,512.8,511.8,704.3,776.3
2025-12-19,Z10,P2,656.86,872.5,553.3,557.2,872.4,938.2
2025-12-20,Z10,P2,776.14,814.0,495.8,493.7,721.9,786.4
2025-12-21,Z10,P2,161.97,207.28,179.0,189.7,327.6,431.4
2025-12-22,Z10,P2,752.89,483.3,388.9,450.2,566.3,659.8
2025-12-23,Z10,P2,601.8,645.89,400.7,404.3,607.3,665.0
2025-12-24,Z10,P2,440.75,318.68,347.1,350.1,535.9,648.2
2025-12-25,Z10,P2,104.82,629.55,374.4,411.0,636.2,700.3
2025-12-26,Z10,P2,455.78,656.86,424.9,462.9,692.8,805.4
2025-12-27,Z10,P2,375.53,776.14,429.1,499.6,754.9,844.1
2025-12-28,Z10,P2,146.76,161.97,210.7,200.3,362.6,439.9
2025-12-29,Z10,P2,843.03,752.89,477.3,477.6,793.3,810.8
2025-12-30,Z10,P2,662.96,601.8,473.0,459.4,692.4,770.5
2025-12-31,Z10,P2,622.43,440.75,423.0,412.5,582.9,650.8
2026-01-01,Z10,P2,140.8,104.82,297.2,343.9,450.3,575.4
2026-01-02,Z10,P2,472.92,455.78,436.4,478.5,769.9,782.2
2026-01-03,Z10,P2,353.5,375.53,413.6,395.3,676.2,797.5
2026-01-04,Z10,P2,136.45,146.76,154.0,170.1,298.3,389.8
2026-01-05,Z10,P2,600.31,843.03,563.3,555.9,893.0,935.8
2026-01-06,Z10,P2,369.75,662.96,496.6,482.1,747.1,812.5
2026-01-07,Z10,P2,334.74,622.43,472.1,460.6,692.4,751.1
2026-01-08,Z10,P2,333.0,140.8,424.6,425.9,635.9,731.3
2026-01-09,Z10,P2,331.4,472.92,550.2,532.5,744.7,800.4
2026-01-10,Z10,P2,734.42,353.5,557.6,518.9,685.5,718.4
2026-01-11,Z10,P2,117.01,136.45,215.2,210.2,367.6,449.1
2026-01-12,Z10,P2,469.2,600.31,529.8,554.0,810.8,822.8
2026-01-13,Z10,P2,468.99,369.75,518.7,514.8,738.6,792.7
2026-01-14,Z10,P2,277.86,334.74,449.1,428.0,664.4,690.1
2026-01-15,Z10,P2,386.82,333.0,447.6,416.0,643.6,741.3
2026-01-16,Z10,P2,623.14,331.4,496.9,483.3,691.9,745.0
2026-01-17,Z10,P2,745.61,734.42,564.0,565.2,710.6,809.3
2026-01-18,Z10,P2,231.74,117.01,192.3,185.6,331.5,420.3
2026-01-19,Z10,P2,402.6,469.2,506.2,511.6,710.1,831.3
2026-01-20,Z10,P2,480.97,468.99,466.4,457.3,646.6,765.1
2026-01-21,Z10,P2,454.85,277.86,425.6,425.5,603.4,684.1
2026-01-22,Z10,P2,460.06,386.82,410.8,413.1,568.5,620.1
2026-01-23,Z10,P2,593.58,623.14,518.6,514.0,690.5,775.1
2026-01-24,Z10,P2,854.79,745.61,596.8,579.3,790.8,871.7
2026-01-25,Z10,P2,203.72,231.74,213.1,209.4,343.8,421.7
2026-01-26,Z10,P2,517.18,402.6,483.5,486.5,706.2,769.4
2026-01-27,Z10,P2,499.66,480.97,482.7,492.4,709.3,778.1
2026-01-28,Z10,P2,272.28,454.85,454.1,452.5,649.4,734.8
2026-01-29,Z10,P2,535.71,460.06,452.0,435.6,626.3,669.3
2026-01-30,Z10,P2,637.63,593.58,534.2,506.7,723.0,773.6
2026-01-31,Z10,P2,613.47,854.79,607.9,592.0,839.5,925.8
2026-03-01,Z10,P2,130.41,160.52,218.7,222.5,388.1,479.3
2026-03-02,Z10,P2,445.35,267.85,466.9,431.1,676.5,691.7
2026-03-03,Z10,P2,731.23,665.3,488.4,479.6,699.9,806.5
2026-03-04,Z10,P2,672.28,377.16,427.9,422.0,630.2,664.6
2026-03-05,Z10,P2,279.1,586.98,443.2,445.9,623.6,692.4
2026-03-06,Z10,P2,410.35,714.84,560.3,532.7,793.6,832.0
2026-03-07,Z10,P2,810.3,578.47,549.1,542.3,728.8,761.0
2026-03-08,Z10,P2,152.99,130.41,200.4,198.7,336.6,387.0
2026-03-09,Z10,P2,362.37,445.35,458.0,465.5,612.8,672.2
2026-03-10,Z10,P2,372.23,731.23,541.7,537.3,743.2,842.2
2026-03-11,Z10,P2,315.07,672.28,486.1,475.1,681.7,740.3
2026-03-12,Z10,P2,546.01,279.1,433.4,414.0,664.9,664.9
2026-03-13,Z10,P2,582.55,410.35,596.8,551.2,843.7,843.7
2026-03-14,Z10,P2,441.1,810.3,591.8,584.8,795.9,868.3
2026-03-15,Z10,P2,198.55,152.99,201.1,197.4,345.0,415.6
2026-03-16,Z10,P2,361.09,362.37,448.7,437.3,650.1,669.1
2026-03-17,Z10,P2,390.22,372.23,503.9,490.1,736.6,767.9
2026-03-18,Z10,P2,642.15,315.07,452.3,434.8,664.3,707.8
2026-03-19,Z10,P2,581.02,546.01,487.8,485.5,620.9,696.2
2026-03-20,Z10,P2,667.9,582.55,580.1,570.5,758.5,810.2
2026-03-21,Z10,P2,396.49,441.1,581.6,562.5,822.7,920.0
2026-03-22,Z10,P2,197.12,198.55,225.5,215.5,373.0,436.8
2026-03-23,Z10,P2,310.47,361.09,448.1,429.3,597.9,653.6
2026-03-24,Z10,P2,234.78,390.22,508.4,493.7,695.0,724.5
2026-03-25,Z10,P2,359.15,642.15,483.2,475.2,674.8,720.2
2026-03-26,Z10,P2,406.02,581.02,528.3,528.3,725.3,790.0
2026-03-27,Z10,P2,398.75,667.9,588.4,564.6,818.4,852.9
2026-03-28,Z10,P2,409.77,396.49,584.2,556.0,716.6,759.3
2026-03-29,Z10,P2,117.32,197.12,229.8,225.4,375.3,421.9
2026-03-30,Z10,P2,326.68,310.47,448.7,419.2,591.5,644.1
2026-03-31,Z10,P2,395.34,234.78,452.5,417.2,651.5,687.4
2026-04-01,Z10,P2,344.7,359.15,476.4,463.1,712.8,751.0
2026-04-02,Z10,P2,326.34,406.02,446.2,445.8,657.1,689.4
2026-04-03,Z10,P2,271.32,398.75,535.3,506.9,711.6,732.6
2026-04-04,Z10,P2,636.25,409.77,523.7,517.9,653.5,694.8
2026-04-05,Z10,P2,221.42,117.32,191.1,217.3,367.7,406.1
2026-04-06,Z10,P2,496.76,326.68,410.8,393.4,587.8,642.5
2026-04-07,Z10,P2,725.71,395.34,409.0,395.9,597.5,645.9
2026-04-08,Z10,P2,318.42,344.7,429.4,425.4,608.9,665.6
2026-04-09,Z10,P2,351.99,326.34,428.5,434.9,663.3,719.1
2026-04-10,Z10,P2,559.84,271.32,518.9,515.4,701.5,706.4
2026-04-11,Z10,P2,529.59,636.25,510.0,489.3,667.8,712.4
2026-04-12,Z10,P2,177.36,221.42,205.6,221.6,340.2,386.9
2026-04-13,Z10,P2,276.74,496.76,430.7,410.5,587.4,650.4
2026-04-14,Z10,P2,354.26,725.71,486.1,479.1,694.3,770.5
2026-04-15,Z10,P2,596.44,318.42,470.6,444.4,659.1,697.0
2026-04-16,Z10,P2,438.41,351.99,410.5,405.3,627.0,686.0
2026-04-17,Z10,P2,605.54,559.84,535.8,542.4,696.5,761.3
2026-04-18,Z10,P2,588.2,529.59,536.0,533.8,680.1,680.1
2026-04-19,Z10,P2,262.47,177.36,213.1,237.4,357.9,414.5
2026-04-20,Z10,P2,476.65,276.74,388.3,380.3,620.8,627.3
2026-04-21,Z10,P2,431.14,354.26,453.8,441.7,745.7,752.4
2026-04-22,Z10,P2,318.27,596.44,468.9,461.0,685.9,712.9
2026-04-23,Z10,P2,489.76,438.41,434.6,414.8,595.5,659.4
2026-04-24,Z10,P2,538.6,605.54,518.1,494.1,742.8,743.2
2026-04-25,Z10,P2,566.44,588.2,475.3,468.4,667.0,717.1
2026-04-26,Z10,P2,348.22,262.47,188.2,170.9,344.2,391.7
2026-04-27,Z10,P2,482.9,476.65,400.6,379.4,595.9,683.1
2026-04-28,Z10,P2,742.45,431.14,418.2,418.5,658.4,718.0
2026-04-29,Z10,P2,274.13,318.27,405.9,395.5,680.0,694.2
2026-04-30,Z10,P2,449.5,489.76,400.6,379.1,619.2,667.0
2025-10-01,Z10,P3,2127.24,1989.21,2092.0,2030.9,2486.1,2608.4
2025-10-02,Z10,P3,2006.65,2874.06,2185.9,2101.5,2880.3,3152.6
2025-10-03,Z10,P3,2070.65,2477.66,2384.7,2246.4,2885.7,3211.1
2025-10-04,Z10,P3,2096.14,2507.05,2200.4,2200.7,2791.7,2999.0
2025-10-05,Z10,P3,371.8,702.47,645.1,635.6,1028.8,1130.4
2025-10-06,Z10,P3,1771.35,1882.91,2128.8,1995.0,2480.2,2603.9
2025-10-07,Z10,P3,2264.99,2123.23,2091.9,2109.4,2444.4,2585.9
2025-10-08,Z10,P3,2271.16,2127.24,2040.8,1920.1,2551.5,2551.5
2025-10-09,Z10,P3,1855.32,2006.65,2217.2,2156.2,2613.4,2727.2
2025-10-10,Z10,P3,2423.68,2070.65,2366.1,2381.4,2757.0,2896.0
2025-10-11,Z10,P3,2223.97,2096.14,2135.7,2105.0,2579.9,2583.3
2025-10-12,Z10,P3,524.01,371.8,610.9,575.5,971.6,1119.1
2025-10-13,Z10,P3,2071.97,1771.35,2095.2,2057.9,2453.7,2597.4
2025-10-14,Z10,P3,1874.07,2264.99,2180.2,2078.9,2586.8,2664.3
2025-10-15,Z10,P3,1549.8,2271.16,2222.5,2190.3,2616.2,2692.1
2025-10-16,Z10,P3,2092.3,1855.32,2078.6,1997.9,2511.6,2874.3
2025-10-17,Z10,P3,2009.29,2423.68,2359.0,2316.9,2687.5,3164.2
2025-10-18,Z10,P3,1690.11,2223.97,2230.9,2282.4,2634.4,2634.4
2025-10-19,Z10,P3,551.53,524.01,593.9,595.6,944.8,1017.7
2025-10-20,Z10,P3,1981.09,2071.97,2097.8,2098.0,2445.8,2630.6
2025-10-21,Z10,P3,1758.73,1874.07,2230.7,2101.5,2498.4,2586.8
2025-10-22,Z10,P3,2129.06,1549.8,2120.8,2090.9,2529.2,2703.5
2025-10-23,Z10,P3,2198.82,2092.3,2294.7,2271.0,2584.3,2665.0
2025-10-24,Z10,P3,2904.06,2009.29,2396.7,2385.3,2704.6,3010.8
2025-10-25,Z10,P3,2559.69,1690.11,2194.7,2082.8,2529.9,2529.9
2025-10-26,Z10,P3,375.72,551.53,629.0,625.6,932.4,1020.6
2025-10-27,Z10,P3,2066.64,1981.09,2071.9,2007.8,2439.7,2504.4
2025-10-28,Z10,P3,2301.75,1758.73,2126.3,2124.1,2489.4,2616.3
2025-10-29,Z10,P3,1793.41,2129.06,2107.3,2116.1,2608.9,2810.0
2025-10-30,Z10,P3,1816.83,2198.82,2129.6,2047.4,2536.3,2536.3
2025-10-31,Z10,P3,1735.82,2904.06,2390.8,2359.8,2911.9,3367.0
2025-11-01,Z10,P3,2180.15,2559.69,2183.3,2130.7,2811.3,2901.1
2025-11-02,Z10,P3,536.95,375.72,543.9,514.9,852.0,950.2
2025-11-03,Z10,P3,2138.68,2066.64,2052.4,2036.6,2445.4,2478.8
2025-11-04,Z10,P3,2149.67,2301.75,2171.4,2188.1,2574.3,2984.0
2025-11-05,Z10,P3,2237.5,1793.41,2068.8,2072.4,2556.7,2818.6
2025-11-06,Z10,P3,2217.11,1816.83,2110.4,2009.6,2479.4,2497.1
2025-11-07,Z10,P3,2253.38,1735.82,2376.4,2276.5,2707.1,2921.2
2025-11-08,Z10,P3,2355.39,2180.15,2147.1,2082.6,2611.1,2614.7
2025-11-09,Z10,P3,730.98,536.95,590.9,599.8,875.9,993.7
2025-11-10,Z10,P3,2119.55,2138.68,2140.2,2116.6,2601.4,2718.3
2025-11-11,Z10,P3,1897.78,2149.67,2111.9,2051.8,2641.2,2641.2
2025-11-12,Z10,P3,1766.6,2237.5,2112.0,2114.0,2560.6,2665.9
2025-11-13,Z10,P3,1996.54,2217.11,2058.0,2021.5,2549.6,2584.5
2025-11-14,Z10,P3,2124.56,2253.38,2183.4,2190.8,2673.5,2869.5
2025-11-15,Z10,P3,2255.9,2355.39,2213.7,2151.6,2597.8,2737.0
2025-11-16,Z10,P3,406.81,730.98,630.3,592.6,970.6,1185.0
2025-11-17,Z10,P3,1659.44,2119.55,2127.7,2144.3,2580.7,2691.9
2025-11-18,Z10,P3,2460.58,1897.78,2033.7,2047.7,2459.7,2519.7
2025-11-19,Z10,P3,2142.95,1766.6,2161.8,2156.3,2465.4,2576.4
2025-11-20,Z10,P3,1899.03,1996.54,2140.0,2083.0,2509.9,2573.0
2025-11-21,Z10,P3,2662.7,2124.56,2341.0,2310.1,2696.2,2696.2
2025-11-22,Z10,P3,2361.54,2255.9,2304.6,2319.9,2643.0,2643.0
2025-11-23,Z10,P3,676.43,406.81,562.6,508.3,928.4,1015.6
2025-11-24,Z10,P3,2207.78,1659.44,2078.9,2141.2,2651.7,2882.7
2025-11-25,Z10,P3,2643.95,2460.58,2235.6,2202.1,2766.4,3110.6
2025-11-26,Z10,P3,2011.95,2142.95,2034.5,2061.0,2540.2,2540.2
2025-11-27,Z10,P3,2052.85,1899.03,2037.0,2033.5,2458.5,2473.4
2025-11-28,Z10,P3,2831.19,2662.7,2325.5,2211.7,2932.3,3272.9
2025-11-29,Z10,P3,2198.44,2361.54,2226.1,2233.8,2601.1,2759.3
2025-11-30,Z10,P3,714.02,676.43,562.5,526.7,942.0,1078.6
2025-12-01,Z10,P3,1989.61,2207.78,2074.3,2004.4,2568.8,2749.0
2025-12-02,Z10,P3,2227.49,2643.95,2287.2,2243.5,2856.5,3230.6
2025-12-03,Z10,P3,1947.75,2011.95,2075.3,2068.0,2487.0,2575.7
2025-12-04,Z10,P3,1934.86,2052.85,2049.0,1998.0,2472.1,2563.4
2025-12-05,Z10,P3,2326.23,2831.19,2379.3,2343.7,2904.6,3257.3
2025-12-06,Z10,P3,2350.18,2198.44,2238.4,2208.8,2641.8,2641.8
2025-12-07,Z10,P3,568.43,714.02,656.8,700.1,980.2,1178.6
2025-12-08,Z10,P3,1954.9,1989.61,2172.8,2136.4,2463.2,2660.8
2025-12-09,Z10,P3,1572.42,2227.49,2248.8,2282.0,2651.6,2833.7
2025-12-10,Z10,P3,1898.49,1947.75,2011.6,2040.0,2448.4,2514.2
2025-12-11,Z10,P3,1914.11,1934.86,2075.2,2064.1,2420.2,2515.0
2025-12-12,Z10,P3,2338.73,2326.23,2395.9,2340.2,2729.5,3055.5
2025-12-13,Z10,P3,1886.48,2350.18,2243.9,2190.9,2620.5,2894.1
2025-12-14,Z10,P3,612.37,568.43,613.8,642.2,965.5,1093.9
2025-12-15,Z10,P3,1789.5,1954.9,2024.7,2018.5,2427.1,2458.9
2025-12-16,Z10,P3,2334.55,1572.42,2082.8,2038.3,2540.8,2584.7
2025-12-17,Z10,P3,2280.49,1898.49,2085.0,2118.0,2474.8,2662.1
2025-12-18,Z10,P3,2236.25,1914.11,2049.4,2082.8,2462.3,2558.6
2025-12-19,Z10,P3,2384.72,2338.73,2463.2,2474.1,2773.2,3285.2
2025-12-20,Z10,P3,2531.72,1886.48,2106.1,2081.6,2383.4,2383.4
2025-12-21,Z10,P3,374.31,612.37,594.0,529.7,850.5,1073.2
2025-12-22,Z10,P3,2423.23,1789.5,1748.9,1826.1,2363.7,2444.2
2025-12-23,Z10,P3,2835.11,2334.55,1737.1,1775.4,2418.7,2691.1
2025-12-24,Z10,P3,2066.39,2280.49,1552.6,1564.7,2355.3,2574.7
2025-12-25,Z10,P3,525.02,2236.25,1556.0,1595.9,2367.2,2476.6
2025-12-26,Z10,P3,1062.33,2384.72,1807.3,1797.4,2546.0,2874.3
2025-12-27,Z10,P3,1827.45,2531.72,1590.9,1644.3,2625.2,2833.3
2025-12-28,Z10,P3,542.59,374.31,564.5,529.4,740.6,1010.3
2025-12-29,Z10,P3,2087.51,2423.23,2020.9,2025.3,2490.2,2822.6
2025-12-30,Z10,P3,2261.12,2835.11,2138.3,2079.1,2686.4,3073.5
2025-12-31,Z10,P3,2467.34,2066.39,1801.4,1802.7,2252.8,2322.0
2026-01-01,Z10,P3,636.35,525.02,1141.3,1217.5,1950.3,1976.7
2026-01-02,Z10,P3,1566.9,1062.33,1650.7,1687.3,2146.3,2290.0
2026-01-03,Z10,P3,1813.25,1827.45,1980.3,1976.7,2232.4,2250.7
2026-01-04,Z10,P3,512.69,542.59,531.5,552.4,692.3,873.1
2026-01-05,Z10,P3,1915.26,2087.51,2133.1,2115.0,2440.3,2523.3
2026-01-06,Z10,P3,1610.67,2261.12,2185.7,2221.6,2547.5,2729.7
2026-01-07,Z10,P3,882.21,2467.34,2174.7,2054.6,2673.9,2901.8
2026-01-08,Z10,P3,1528.25,636.35,1593.8,1403.9,1905.4,2151.9
2026-01-09,Z10,P3,1531.81,1566.9,1926.1,1910.6,3737.4,3737.4
2026-01-10,Z10,P3,1653.33,1813.25,2000.2,2002.3,2346.0,2424.9
2026-01-11,Z10,P3,371.71,512.69,567.4,540.8,824.1,1038.6
2026-01-12,Z10,P3,2139.92,1915.26,1989.1,1915.2,2408.2,2645.2
2026-01-13,Z10,P3,2454.51,1610.67,2207.7,2078.7,2604.4,2920.8
2026-01-14,Z10,P3,1944.44,882.21,1714.3,1635.3,2395.7,2618.4
2026-01-15,Z10,P3,2078.93,1528.25,1575.1,1417.4,2230.1,2400.3
2026-01-16,Z10,P3,2047.3,1531.81,1826.2,1715.2,2292.5,2465.0
2026-01-17,Z10,P3,1630.93,1653.33,2063.9,2067.9,2368.7,2502.0
2026-01-18,Z10,P3,651.34,371.71,512.8,501.2,750.9,974.3
2026-01-19,Z10,P3,1731.65,2139.92,2102.7,2050.2,2484.1,2720.5
2026-01-20,Z10,P3,2006.87,2454.51,2219.1,2216.8,2694.4,3070.5
2026-01-21,Z10,P3,1414.74,1944.44,1917.6,1892.4,2361.8,2803.6
2026-01-22,Z10,P3,2063.14,2078.93,1735.1,1493.4,2246.7,2496.2
2026-01-23,Z10,P3,1743.5,2047.3,1979.4,1991.3,2376.2,2574.8
2026-01-24,Z10,P3,2141.33,1630.93,1850.1,1784.7,2223.7,2315.5
2026-01-25,Z10,P3,562.13,651.34,561.9,557.4,823.0,1036.1
2026-01-26,Z10,P3,1920.33,1731.65,2040.6,1995.3,2361.5,2617.0
2026-01-27,Z10,P3,1905.5,2006.87,2136.4,2189.1,2504.8,2702.9
2026-01-28,Z10,P3,1740.95,1414.74,1789.8,1746.7,2447.5,2544.5
2026-01-29,Z10,P3,2033.69,2063.14,1831.3,1694.2,2355.2,2428.4
2026-01-30,Z10,P3,2030.33,1743.5,1969.2,1911.1,2359.1,2452.4
2026-01-31,Z10,P3,2250.9,2141.33,1929.1,1944.7,2191.9,2191.9
2026-03-01,Z10,P3,836.93,493.53,601.9,536.5,824.5,945.2
2026-03-02,Z10,P3,2678.67,2149.01,1908.5,1890.6,2337.2,2337.2
2026-03-03,Z10,P3,2228.99,1847.0,1967.0,1954.2,2359.6,2459.1
2026-03-04,Z10,P3,1711.38,1786.89,1732.0,1733.2,2202.7,2224.4
2026-03-05,Z10,P3,1491.34,2191.26,1848.9,1763.1,2317.1,2317.1
2026-03-06,Z10,P3,2317.2,2542.52,2208.5,1960.9,2892.2,2982.7
2026-03-07,Z10,P3,1606.7,2174.0,1973.2,1849.5,2540.4,2540.4
2026-03-08,Z10,P3,582.03,836.93,637.9,696.3,1075.6,1148.7
2026-03-09,Z10,P3,1721.41,2678.67,2189.5,2017.8,2891.5,3117.6
2026-03-10,Z10,P3,1943.12,2228.99,2113.4,2097.1,2623.4,2771.7
2026-03-11,Z10,P3,1742.27,1711.38,1898.4,1876.4,2410.5,2485.7
2026-03-12,Z10,P3,1506.72,1491.34,1821.5,1755.4,2427.6,2427.6
2026-03-13,Z10,P3,2043.93,2317.2,2247.3,2164.9,2717.0,2954.8
2026-03-14,Z10,P3,1504.12,1606.7,1926.9,1910.2,2422.8,2422.8
2026-03-15,Z10,P3,324.89,582.03,643.4,657.0,1028.3,1065.4
2026-03-16,Z10,P3,1878.87,1721.41,2035.0,1892.8,2558.9,2658.5
2026-03-17,Z10,P3,1707.9,1943.12,2092.6,2048.5,2511.0,2601.7
2026-03-18,Z10,P3,1772.04,1742.27,1880.3,1797.2,2344.1,2476.6
2026-03-19,Z10,P3,1558.73,1506.72,1778.5,1781.6,2203.6,2308.2
2026-03-20,Z10,P3,1915.35,2043.93,2157.5,2035.4,2545.3,2682.6
2026-03-21,Z10,P3,2111.26,1504.12,1920.3,1957.1,2475.6,2586.2
2026-03-22,Z10,P3,527.51,324.89,649.8,629.2,921.4,1046.2
2026-03-23,Z10,P3,1377.49,1878.87,2036.4,2056.2,2499.3,2726.8
2026-03-24,Z10,P3,1959.71,1707.9,1943.8,2013.6,2462.6,2513.3
2026-03-25,Z10,P3,1417.93,1772.04,1896.0,1847.1,2393.5,2516.5
2026-03-26,Z10,P3,1534.62,1558.73,1843.5,1814.3,2327.2,2455.1
2026-03-27,Z10,P3,1817.27,1915.35,2155.0,2098.5,2577.6,2712.8
2026-03-28,Z10,P3,1994.14,2111.26,1994.0,1979.5,2415.1,2609.4
2026-03-29,Z10,P3,723.83,527.51,617.2,605.2,951.2,1028.5
2026-03-30,Z10,P3,1858.57,1377.49,1963.4,1909.6,2724.4,2724.4
2026-03-31,Z10,P3,1994.8,1959.71,1973.6,1951.6,2551.8,2613.7
2026-04-01,Z10,P3,1771.4,1417.93,1865.8,1814.5,2493.6,2636.7
2026-04-02,Z10,P3,1479.02,1534.62,1691.9,1703.3,2157.7,2321.6
2026-04-03,Z10,P3,1822.17,1817.27,2056.6,2021.4,2502.1,2815.2
2026-04-04,Z10,P3,1820.14,1994.14,1921.8,1911.7,2338.5,2454.2
2026-04-05,Z10,P3,394.2,723.83,580.7,597.6,917.4,1097.3
2026-04-06,Z10,P3,1335.79,1858.57,1815.0,1869.0,2150.8,2243.8
2026-04-07,Z10,P3,1833.17,1994.8,1886.1,1911.5,2187.3,2225.0
2026-04-08,Z10,P3,1430.23,1771.4,1842.2,1792.2,2357.5,3382.1
2026-04-09,Z10,P3,1571.85,1479.02,1647.4,1690.6,1926.0,2080.7
2026-04-10,Z10,P3,2247.39,1822.17,1978.8,1990.3,2224.4,2374.6
2026-04-11,Z10,P3,1982.61,1820.14,1845.6,1799.2,2063.8,2111.8
2026-04-12,Z10,P3,471.22,394.2,508.3,456.7,762.0,843.9
2026-04-13,Z10,P3,1562.78,1335.79,1792.1,1776.1,2282.0,2282.0
2026-04-14,Z10,P3,2001.21,1833.17,1860.8,1882.7,2166.5,2207.6
2026-04-15,Z10,P3,1619.32,1430.23,1734.0,1702.0,2141.5,2141.5
2026-04-16,Z10,P3,1463.77,1571.85,1694.9,1740.7,2013.0,2182.6
2026-04-17,Z10,P3,1509.92,2247.39,1963.1,2068.3,2289.4,2329.8
2026-04-18,Z10,P3,2145.45,1982.61,1918.8,2034.7,2167.6,2323.4
2026-04-19,Z10,P3,559.69,471.22,505.2,534.2,761.0,832.8
2026-04-20,Z10,P3,1539.28,1562.78,1552.3,1590.2,1984.8,2011.7
2026-04-21,Z10,P3,1988.39,2001.21,1843.6,1952.5,2196.3,2244.5
2026-04-22,Z10,P3,1682.55,1619.32,1751.0,1833.1,2096.9,2239.1
2026-04-23,Z10,P3,2492.14,1463.77,1653.9,1731.7,2182.8,2182.8
2026-04-24,Z10,P3,2026.1,1509.92,1858.4,1904.0,2166.1,2166.1
2026-04-25,Z10,P3,1670.11,2145.45,1699.3,1855.5,2235.4,2235.4
2026-04-26,Z10,P3,672.41,559.69,578.4,575.0,798.8,934.3
2026-04-27,Z10,P3,888.04,1539.28,1557.0,1671.5,1989.8,2048.4
2026-04-28,Z10,P3,1959.53,1988.39,1719.0,1863.1,2175.4,2258.3
2026-04-29,Z10,P3,1735.98,1682.55,1642.4,1728.5,2121.4,2224.4
2026-04-30,Z10,P3,2062.9,2492.14,1828.2,1881.3,2601.8,2731.1
2025-10-01,Z10,P4,0.0,35.62,154.6,133.4,343.1,360.3
2025-10-02,Z10,P4,114.85,124.4,134.9,144.2,325.9,344.7
2025-10-03,Z10,P4,83.61,250.0,122.2,121.0,270.6,328.8
2025-10-04,Z10,P4,15.18,10.35,4.3,10.9,48.5,93.6
2025-10-05,Z10,P4,0.0,0.0,1.1,0.0,16.8,69.8
2025-10-06,Z10,P4,171.31,40.54,131.7,146.7,317.4,379.3
2025-10-07,Z10,P4,47.31,150.01,150.2,154.7,355.0,382.5
2025-10-08,Z10,P4,40.0,0.0,123.6,119.4,300.5,351.4
2025-10-09,Z10,P4,74.06,114.85,118.0,123.7,258.2,321.3
2025-10-10,Z10,P4,224.65,83.61,133.9,161.0,314.2,367.9
2025-10-11,Z10,P4,0.0,15.18,5.9,9.7,43.9,88.2
2025-10-12,Z10,P4,0.0,0.0,1.2,0.0,11.8,64.4
2025-10-13,Z10,P4,60.19,171.31,116.3,107.2,270.0,303.7
2025-10-14,Z10,P4,0.0,47.31,135.1,133.9,290.2,366.0
2025-10-15,Z10,P4,397.2,40.0,163.0,172.2,311.3,374.8
2025-10-16,Z10,P4,0.0,74.06,117.4,116.0,259.1,299.0
2025-10-17,Z10,P4,180.96,224.65,143.3,145.0,280.5,314.0
2025-10-18,Z10,P4,0.0,0.0,29.8,2.9,59.6,107.2
2025-10-19,Z10,P4,0.0,0.0,8.5,0.0,19.6,62.0
2025-10-20,Z10,P4,66.12,60.19,133.7,132.8,282.9,335.2
2025-10-21,Z10,P4,179.19,0.0,98.1,89.8,235.0,265.7
2025-10-22,Z10,P4,35.75,397.2,138.4,128.7,350.0,411.9
2025-10-23,Z10,P4,75.45,0.0,101.2,94.9,257.4,277.5
2025-10-24,Z10,P4,141.69,180.96,125.1,147.1,315.8,376.6
2025-10-25,Z10,P4,0.0,0.0,16.3,13.6,88.7,95.0
2025-10-26,Z10,P4,0.0,0.0,1.9,0.0,31.1,66.2
2025-10-27,Z10,P4,0.0,66.12,133.8,117.1,304.7,326.4
2025-10-28,Z10,P4,260.0,179.19,155.2,151.7,306.6,357.1
2025-10-29,Z10,P4,0.0,35.75,101.3,113.6,311.0,359.6
2025-10-30,Z10,P4,0.0,75.45,134.5,137.7,273.5,311.3
2025-10-31,Z10,P4,308.86,141.69,110.5,134.4,279.3,324.3
2025-11-01,Z10,P4,0.0,0.0,11.6,1.5,59.1,90.3
2025-11-02,Z10,P4,0.0,0.0,2.1,0.0,32.4,66.2
2025-11-03,Z10,P4,78.17,0.0,125.7,116.7,280.3,315.0
2025-11-04,Z10,P4,19.97,260.0,133.3,152.2,314.0,353.7
2025-11-05,Z10,P4,272.26,0.0,123.4,107.3,281.5,317.3
2025-11-06,Z10,P4,57.47,0.0,78.1,102.4,234.2,249.6
2025-11-07,Z10,P4,40.1,308.86,163.9,176.2,363.8,417.1
2025-11-08,Z10,P4,0.0,0.0,8.1,0.8,57.4,92.5
2025-11-09,Z10,P4,0.0,0.0,2.4,3.0,33.6,70.8
2025-11-10,Z10,P4,143.95,78.17,107.1,138.3,257.9,373.6
2025-11-11,Z10,P4,162.85,19.97,123.5,117.4,271.5,328.2
2025-11-12,Z10,P4,305.24,272.26,133.1,176.6,350.6,404.5
2025-11-13,Z10,P4,88.61,57.47,102.5,93.5,219.1,268.2
2025-11-14,Z10,P4,78.36,40.1,132.6,138.9,293.2,336.6
2025-11-15,Z10,P4,0.0,0.0,15.8,9.8,55.5,105.4
2025-11-16,Z10,P4,0.0,0.0,4.2,3.0,31.5,71.6
2025-11-17,Z10,P4,287.33,143.95,116.6,109.9,264.0,304.9
2025-11-18,Z10,P4,14.6,162.85,119.0,127.2,271.9,317.5
2025-11-19,Z10,P4,0.0,305.24,109.3,130.3,307.1,331.0
2025-11-20,Z10,P4,222.0,88.61,118.6,116.3,263.1,285.9
2025-11-21,Z10,P4,20.03,78.36,145.0,137.4,312.3,326.6
2025-11-22,Z10,P4,0.0,0.0,16.0,4.2,63.1,97.9
2025-11-23,Z10,P4,0.0,0.0,3.9,0.0,31.2,72.5
2025-11-24,Z10,P4,48.34,287.33,104.8,96.4,263.1,324.5
2025-11-25,Z10,P4,267.99,14.6,119.8,124.8,267.4,303.6
2025-11-26,Z10,P4,221.0,0.0,103.9,101.5,307.9,322.1
2025-11-27,Z10,P4,0.0,222.0,133.9,119.7,252.4,301.3
2025-11-28,Z10,P4,289.08,20.03,111.3,125.8,298.8,298.8
2025-11-29,Z10,P4,39.62,0.0,12.7,0.0,57.3,101.4
2025-11-30,Z10,P4,0.0,0.0,3.6,0.0,55.7,104.9
2025-12-01,Z10,P4,261.37,48.34,121.9,135.0,293.2,315.9
2025-12-02,Z10,P4,0.0,267.99,105.0,105.5,264.9,321.4
2025-12-03,Z10,P4,0.0,221.0,137.1,142.2,296.9,362.8
2025-12-04,Z10,P4,284.9,0.0,113.4,103.5,245.5,303.6
2025-12-05,Z10,P4,105.78,289.08,153.3,140.3,304.5,348.8
2025-12-06,Z10,P4,0.0,39.62,24.0,12.1,44.9,97.1
2025-12-07,Z10,P4,0.0,0.0,8.5,0.0,21.3,75.2
2025-12-08,Z10,P4,40.2,261.37,122.3,120.0,307.0,373.6
2025-12-09,Z10,P4,261.14,0.0,111.0,115.7,260.0,326.8
2025-12-10,Z10,P4,0.0,0.0,126.2,151.3,293.2,350.3
2025-12-11,Z10,P4,180.29,284.9,110.7,105.4,261.5,337.6
2025-12-12,Z10,P4,0.0,105.78,155.1,156.9,294.8,345.1
2025-12-13,Z10,P4,0.0,0.0,11.8,0.0,53.0,127.0
2025-12-14,Z10,P4,0.0,0.0,7.8,0.0,7.7,68.4
2025-12-15,Z10,P4,20.69,40.2,137.1,145.3,279.6,360.3
2025-12-16,Z10,P4,0.0,261.14,157.8,144.5,307.2,358.5
2025-12-17,Z10,P4,376.73,0.0,109.8,80.7,237.8,282.3
2025-12-18,Z10,P4,63.44,180.29,139.8,147.9,313.1,357.0
2025-12-19,Z10,P4,151.21,0.0,118.6,104.6,292.7,330.7
2025-12-20,Z10,P4,200.0,0.0,37.2,17.4,60.6,130.4
2025-12-21,Z10,P4,0.0,0.0,10.6,0.0,6.7,73.9
2025-12-22,Z10,P4,0.0,20.69,87.5,88.3,246.9,294.5
2025-12-23,Z10,P4,0.0,0.0,95.8,99.6,294.2,308.5
2025-12-24,Z10,P4,174.0,376.73,98.0,106.9,262.4,383.2
2025-12-25,Z10,P4,0.0,63.44,92.7,104.0,255.0,317.6
2025-12-26,Z10,P4,0.0,151.21,147.1,130.3,304.0,339.5
2025-12-27,Z10,P4,15.17,200.0,51.9,59.8,170.4,218.0
2025-12-28,Z10,P4,0.0,0.0,3.1,0.0,21.7,76.3
2025-12-29,Z10,P4,227.0,0.0,115.1,121.3,294.0,309.7
2025-12-30,Z10,P4,170.0,0.0,104.4,93.2,244.1,285.5
2025-12-31,Z10,P4,0.0,174.0,145.6,126.3,328.3,336.6
2026-01-01,Z10,P4,0.0,0.0,92.2,119.3,192.3,283.3
2026-01-02,Z10,P4,236.02,0.0,72.2,96.7,221.6,274.3
2026-01-03,Z10,P4,0.0,15.17,31.0,31.3,146.6,216.8
2026-01-04,Z10,P4,0.0,0.0,7.8,23.9,24.7,73.8
2026-01-05,Z10,P4,41.03,227.0,134.3,135.4,267.1,347.0
2026-01-06,Z10,P4,118.34,170.0,141.2,164.4,307.5,355.8
2026-01-07,Z10,P4,69.48,0.0,115.9,121.1,309.1,374.3
2026-01-08,Z10,P4,339.1,0.0,110.6,107.5,257.0,287.3
2026-01-09,Z10,P4,62.01,236.02,124.4,119.7,255.4,298.7
2026-01-10,Z10,P4,0.0,0.0,24.4,11.5,154.3,187.7
2026-01-11,Z10,P4,0.0,0.0,2.0,0.0,36.0,70.4
2026-01-12,Z10,P4,200.0,41.03,141.3,126.9,273.1,324.7
2026-01-13,Z10,P4,21.53,118.34,114.5,102.8,248.2,273.7
2026-01-14,Z10,P4,0.0,69.48,119.7,140.1,263.5,312.0
2026-01-15,Z10,P4,198.0,339.1,141.4,143.1,275.7,347.0
2026-01-16,Z10,P4,93.68,62.01,115.0,138.1,269.6,330.4
2026-01-17,Z10,P4,0.0,0.0,35.4,22.2,142.2,174.0
2026-01-18,Z10,P4,0.0,0.0,1.5,0.0,26.2,73.9
2026-01-19,Z10,P4,179.71,200.0,134.3,110.7,261.0,296.4
2026-01-20,Z10,P4,178.62,21.53,121.2,109.9,267.6,294.7
2026-01-21,Z10,P4,203.04,0.0,110.7,103.7,259.4,285.2
2026-01-22,Z10,P4,0.0,198.0,119.4,126.0,282.9,318.7
2026-01-23,Z10,P4,0.0,93.68,141.2,133.4,274.7,306.7
2026-01-24,Z10,P4,0.0,0.0,12.7,0.0,50.5,92.4
2026-01-25,Z10,P4,0.0,0.0,1.9,0.0,22.0,68.5
2026-01-26,Z10,P4,97.08,179.71,151.3,162.0,323.2,395.2
2026-01-27,Z10,P4,435.92,178.62,115.9,116.2,263.2,307.4
2026-01-28,Z10,P4,0.0,203.04,96.4,90.4,220.9,283.9
2026-01-29,Z10,P4,0.0,0.0,120.5,125.1,327.1,374.9
2026-01-30,Z10,P4,321.12,0.0,108.2,114.9,282.6,307.3
2026-01-31,Z10,P4,0.0,0.0,13.3,0.0,67.9,124.9
2026-03-01,Z10,P4,0.0,0.0,1.6,0.0,104.4,166.5
2026-03-02,Z10,P4,0.0,0.0,207.1,176.3,404.9,427.7
2026-03-03,Z10,P4,437.96,240.0,172.5,164.3,337.9,377.8
2026-03-04,Z10,P4,0.0,7.0,172.1,145.6,289.1,351.7
2026-03-05,Z10,P4,198.36,21.14,135.4,145.6,305.4,362.2
2026-03-06,Z10,P4,0.0,380.71,139.6,143.6,270.8,326.8
2026-03-07,Z10,P4,0.0,0.0,6.0,2.7,47.0,89.4
2026-03-08,Z10,P4,0.0,0.0,1.4,0.0,37.6,91.6
2026-03-09,Z10,P4,330.06,0.0,182.0,177.3,353.2,409.5
2026-03-10,Z10,P4,93.59,437.96,211.5,193.5,354.3,425.4
2026-03-11,Z10,P4,344.04,0.0,135.6,97.2,256.7,312.3
2026-03-12,Z10,P4,22.09,198.36,183.7,167.3,319.7,370.0
2026-03-13,Z10,P4,238.01,0.0,147.5,142.4,328.2,332.1
2026-03-14,Z10,P4,0.0,0.0,5.5,0.9,47.9,101.7
2026-03-15,Z10,P4,0.0,0.0,1.2,0.0,18.5,76.9
2026-03-16,Z10,P4,0.0,330.06,204.0,211.8,413.5,501.3
2026-03-17,Z10,P4,200.0,93.59,164.1,168.8,375.1,402.6
2026-03-18,Z10,P4,267.0,344.04,179.2,169.2,322.6,398.4
2026-03-19,Z10,P4,114.86,22.09,163.3,146.6,309.9,411.8
2026-03-20,Z10,P4,0.0,238.01,138.1,123.8,298.1,393.4
2026-03-21,Z10,P4,0.0,0.0,5.4,8.1,54.9,113.5
2026-03-22,Z10,P4,0.0,0.0,1.2,1.8,24.7,88.7
2026-03-23,Z10,P4,61.45,0.0,148.1,153.8,301.4,390.1
2026-03-24,Z10,P4,154.16,200.0,186.1,181.0,408.7,474.3
2026-03-25,Z10,P4,0.0,267.0,147.2,161.4,311.5,389.2
2026-03-26,Z10,P4,294.11,114.86,126.4,131.8,275.0,331.1
2026-03-27,Z10,P4,42.23,0.0,211.3,181.4,340.7,418.3
2026-03-28,Z10,P4,40.99,0.0,6.8,11.6,60.0,120.4
2026-03-29,Z10,P4,0.0,0.0,1.1,5.4,29.7,94.9
2026-03-30,Z10,P4,0.0,61.45,171.1,175.5,347.5,391.4
2026-03-31,Z10,P4,540.7,154.16,200.5,178.8,389.6,455.7
2026-04-01,Z10,P4,0.0,0.0,148.4,144.7,365.7,427.7
2026-04-02,Z10,P4,21.39,294.11,123.1,143.6,291.8,393.8
2026-04-03,Z10,P4,179.0,42.23,136.5,120.5,267.8,303.6
2026-04-04,Z10,P4,0.0,40.99,16.9,18.1,56.0,110.3
2026-04-05,Z10,P4,0.0,0.0,1.9,0.0,38.5,102.2
2026-04-06,Z10,P4,0.0,0.0,179.1,168.1,348.6,405.0
2026-04-07,Z10,P4,0.0,540.7,219.9,278.5,431.0,518.4
2026-04-08,Z10,P4,0.0,0.0,187.7,167.6,334.1,431.3
2026-04-09,Z10,P4,269.93,21.39,145.1,144.1,334.1,411.4
2026-04-10,Z10,P4,44.33,179.0,136.7,125.3,298.2,371.0
2026-04-11,Z10,P4,0.0,0.0,4.2,1.0,77.4,162.0
2026-04-12,Z10,P4,0.0,0.0,1.1,0.0,23.2,93.6
2026-04-13,Z10,P4,228.23,0.0,139.2,142.5,282.5,318.1
2026-04-14,Z10,P4,48.2,0.0,149.1,139.0,389.8,449.3
2026-04-15,Z10,P4,0.0,0.0,99.3,104.0,257.2,341.1
2026-04-16,Z10,P4,317.57,269.93,158.6,153.3,329.1,381.3
2026-04-17,Z10,P4,193.19,44.33,127.2,117.8,253.8,300.8
2026-04-18,Z10,P4,0.0,0.0,7.6,1.7,78.4,128.7
2026-04-19,Z10,P4,0.0,0.0,1.1,0.0,21.1,85.5
2026-04-20,Z10,P4,0.0,228.23,110.0,102.4,244.6,322.5
2026-04-21,Z10,P4,425.98,48.2,134.9,132.5,303.4,364.5
2026-04-22,Z10,P4,0.0,0.0,74.7,70.9,190.8,242.8
2026-04-23,Z10,P4,54.4,317.57,157.2,157.4,339.8,418.7
2026-04-24,Z10,P4,202.0,193.19,144.2,150.7,292.9,308.9
2026-04-25,Z10,P4,0.0,0.0,4.7,0.0,57.3,106.8
2026-04-26,Z10,P4,0.0,0.0,1.0,0.0,22.4,73.6
2026-04-27,Z10,P4,20.9,0.0,68.0,71.2,255.8,291.2
2026-04-28,Z10,P4,16.98,425.98,171.7,218.7,462.5,596.1
2026-04-29,Z10,P4,249.46,0.0,65.5,60.8,177.7,234.6
2026-04-30,Z10,P4,267.62,54.4,136.6,128.8,356.1,364.1
2025-10-01,Z11,P1,949.24,633.58,624.2,595.2,864.1,918.7
2025-10-02,Z11,P1,540.69,949.55,712.9,688.5,1152.2,1215.9
2025-10-03,Z11,P1,411.86,556.15,628.1,616.1,928.6,974.1
2025-10-04,Z11,P1,633.74,514.59,346.9,420.5,459.7,585.9
2025-10-05,Z11,P1,261.05,341.94,297.0,272.4,415.8,521.9
2025-10-06,Z11,P1,611.82,277.21,569.2,550.3,898.8,940.5
2025-10-07,Z11,P1,512.97,695.02,577.4,560.8,802.5,902.4
2025-10-08,Z11,P1,407.28,949.24,664.2,656.9,977.9,1089.8
2025-10-09,Z11,P1,555.68,540.69,636.7,615.2,1039.3,1041.6
2025-10-10,Z11,P1,651.68,411.86,569.4,552.6,867.2,930.6
2025-10-11,Z11,P1,455.68,633.74,414.2,432.9,646.8,674.7
2025-10-12,Z11,P1,130.67,261.05,294.9,261.9,458.2,515.0
2025-10-13,Z11,P1,389.66,611.82,606.8,620.4,806.1,907.0
2025-10-14,Z11,P1,351.98,512.97,603.7,596.5,810.7,810.7
2025-10-15,Z11,P1,510.08,407.28,601.8,608.2,987.9,987.9
2025-10-16,Z11,P1,310.62,555.68,607.9,608.9,877.8,973.8
2025-10-17,Z11,P1,186.31,651.68,623.9,594.3,819.6,844.5
2025-10-18,Z11,P1,202.83,455.68,441.7,469.6,619.4,703.1
2025-10-19,Z11,P1,187.28,130.67,297.1,256.1,419.8,507.9
2025-10-20,Z11,P1,744.12,389.66,561.1,549.1,869.3,877.3
2025-10-21,Z11,P1,700.24,351.98,576.0,569.6,822.0,822.0
2025-10-22,Z11,P1,629.44,510.08,585.9,553.4,856.9,928.2
2025-10-23,Z11,P1,477.78,310.62,540.4,539.3,792.6,876.5
2025-10-24,Z11,P1,639.35,186.31,537.3,465.4,812.6,912.2
2025-10-25,Z11,P1,498.63,202.83,471.7,482.8,688.9,729.6
2025-10-26,Z11,P1,425.67,187.28,231.7,246.0,407.9,513.1
2025-10-27,Z11,P1,542.78,744.12,601.8,618.0,993.8,1077.3
2025-10-28,Z11,P1,715.2,700.24,601.2,587.1,910.5,1042.1
2025-10-29,Z11,P1,740.24,629.44,566.6,570.8,930.3,1031.8
2025-10-30,Z11,P1,439.46,477.78,551.5,543.7,852.4,948.3
2025-10-31,Z11,P1,170.19,639.35,561.4,559.2,769.7,850.1
2025-11-01,Z11,P1,560.52,498.63,433.1,476.9,533.3,655.9
2025-11-02,Z11,P1,434.6,425.67,275.4,302.0,398.5,498.5
2025-11-03,Z11,P1,545.86,542.78,595.6,614.1,839.4,907.0
2025-11-04,Z11,P1,718.0,715.2,637.0,646.9,921.9,1027.5
2025-11-05,Z11,P1,598.85,740.24,596.4,610.8,881.7,896.6
2025-11-06,Z11,P1,714.6,439.46,571.1,575.3,856.0,931.0
2025-11-07,Z11,P1,641.39,170.19,504.6,457.3,712.5,781.3
2025-11-08,Z11,P1,172.3,560.52,455.5,496.7,598.8,670.3
2025-11-09,Z11,P1,321.61,434.6,311.3,336.4,467.1,521.5
2025-11-10,Z11,P1,496.74,545.86,557.1,571.0,721.4,752.9
2025-11-11,Z11,P1,431.3,718.0,613.3,612.1,837.8,931.5
2025-11-12,Z11,P1,484.73,598.85,590.6,596.2,836.3,862.2
2025-11-13,Z11,P1,824.72,714.6,587.5,603.5,890.3,916.3
2025-11-14,Z11,P1,707.53,641.39,538.6,511.3,713.2,741.9
2025-11-15,Z11,P1,361.86,172.3,359.2,379.1,547.3,642.1
2025-11-16,Z11,P1,358.76,321.61,317.5,323.9,481.0,546.3
2025-11-17,Z11,P1,949.39,496.74,572.9,579.4,785.3,823.2
2025-11-18,Z11,P1,495.21,431.3,590.2,601.1,869.2,869.2
2025-11-19,Z11,P1,540.81,484.73,587.8,594.7,820.6,820.6
2025-11-20,Z11,P1,699.51,824.72,651.8,642.7,927.1,981.4
2025-11-21,Z11,P1,769.9,707.53,621.3,608.8,841.7,901.8
2025-11-22,Z11,P1,97.56,361.86,435.6,434.4,569.1,707.0
2025-11-23,Z11,P1,350.77,358.76,363.1,370.8,459.4,538.0
2025-11-24,Z11,P1,512.84,949.39,602.8,593.2,939.4,1060.4
2025-11-25,Z11,P1,886.91,495.21,598.7,607.9,822.6,823.2
2025-11-26,Z11,P1,383.06,540.81,604.4,621.0,852.6,880.0
2025-11-27,Z11,P1,805.99,699.51,651.0,656.1,886.8,931.6
2025-11-28,Z11,P1,546.13,769.9,655.4,656.6,861.0,895.4
2025-11-29,Z11,P1,215.34,97.56,379.7,369.9,548.0,637.3
2025-11-30,Z11,P1,207.0,350.77,358.1,353.9,447.8,506.5
2025-12-01,Z11,P1,849.42,512.84,596.8,596.4,876.0,917.6
2025-12-02,Z11,P1,629.0,886.91,617.8,631.2,911.5,983.7
2025-12-03,Z11,P1,462.41,383.06,527.4,523.6,729.8,784.5
2025-12-04,Z11,P1,408.38,805.99,681.1,702.5,1039.0,1052.6
2025-12-05,Z11,P1,528.05,546.13,616.6,628.6,887.6,887.6
2025-12-06,Z11,P1,549.09,215.34,299.2,333.7,505.0,546.6
2025-12-07,Z11,P1,203.19,207.0,281.6,267.0,415.1,485.3
2025-12-08,Z11,P1,464.94,849.42,598.9,594.8,902.4,999.4
2025-12-09,Z11,P1,589.25,629.0,588.5,587.3,871.6,872.4
2025-12-10,Z11,P1,721.85,462.41,533.6,525.0,737.8,759.6
2025-12-11,Z11,P1,570.73,408.38,590.1,586.6,928.8,956.2
2025-12-12,Z11,P1,764.45,528.05,568.3,561.4,775.4,804.1
2025-12-13,Z11,P1,409.78,549.09,378.5,407.8,496.1,578.3
2025-12-14,Z11,P1,373.21,203.19,284.8,277.4,411.7,488.3
2025-12-15,Z11,P1,428.83,464.94,581.9,595.1,856.8,940.1
2025-12-16,Z11,P1,915.25,589.25,629.0,612.5,894.8,1011.6
2025-12-17,Z11,P1,753.1,721.85,593.1,592.7,802.4,887.0
2025-12-18,Z11,P1,911.8,570.73,608.0,596.8,859.4,927.9
2025-12-19,Z11,P1,825.58,764.45,649.4,679.7,1048.7,1093.6
2025-12-20,Z11,P1,343.1,409.78,342.9,351.3,403.6,573.0
2025-12-21,Z11,P1,370.06,373.21,244.4,239.4,359.3,485.3
2025-12-22,Z11,P1,347.09,428.83,418.6,412.4,663.0,778.5
2025-12-23,Z11,P1,433.73,915.25,425.1,435.3,805.3,1004.6
2025-12-24,Z11,P1,456.66,753.1,344.6,482.0,710.7,817.7
2025-12-25,Z11,P1,271.97,911.8,402.6,429.9,801.9,986.2
2025-12-26,Z11,P1,197.25,825.58,451.1,540.6,767.5,919.7
2025-12-27,Z11,P1,663.11,343.1,314.5,272.0,445.9,575.5
2025-12-28,Z11,P1,252.94,370.06,259.3,213.9,361.9,469.5
2025-12-29,Z11,P1,302.28,347.09,431.2,384.9,661.8,668.6
2025-12-30,Z11,P1,448.63,433.73,405.7,380.1,696.5,778.0
2025-12-31,Z11,P1,442.45,456.66,383.0,385.7,588.5,704.7
2026-01-01,Z11,P1,161.78,271.97,315.8,337.7,585.0,693.3
2026-01-02,Z11,P1,481.06,197.25,364.5,390.3,556.8,696.0
2026-01-03,Z11,P1,261.29,663.11,377.5,420.6,489.4,642.2
2026-01-04,Z11,P1,297.42,252.94,245.5,216.3,395.4,449.2
2026-01-05,Z11,P1,843.62,302.28,524.8,524.4,673.0,725.6
2026-01-06,Z11,P1,336.08,448.63,605.0,593.9,801.7,920.4
2026-01-07,Z11,P1,304.99,442.45,580.0,609.2,777.3,843.4
2026-01-08,Z11,P1,506.01,161.78,700.2,667.2,809.9,943.0
2026-01-09,Z11,P1,894.68,481.06,607.0,588.2,783.8,853.2
2026-01-10,Z11,P1,145.03,261.29,393.1,390.9,607.5,673.0
2026-01-11,Z11,P1,145.47,297.42,304.4,320.3,435.9,527.4
2026-01-12,Z11,P1,815.36,843.62,642.0,650.4,879.1,950.7
2026-01-13,Z11,P1,429.95,336.08,589.0,593.8,892.9,1017.1
2026-01-14,Z11,P1,378.94,304.99,559.8,540.0,817.7,914.7
2026-01-15,Z11,P1,630.62,506.01,610.8,654.9,754.9,876.7
2026-01-16,Z11,P1,674.18,894.68,633.5,611.3,962.6,1068.0
2026-01-17,Z11,P1,339.44,145.03,309.8,318.6,496.0,618.2
2026-01-18,Z11,P1,404.55,145.47,286.8,261.6,436.6,543.9
2026-01-19,Z11,P1,587.47,815.36,651.9,669.6,904.3,1053.9
2026-01-20,Z11,P1,443.94,429.95,596.5,648.9,817.4,974.9
2026-01-21,Z11,P1,598.46,378.94,499.0,501.9,725.5,835.4
2026-01-22,Z11,P1,769.05,630.62,606.7,650.8,847.5,939.6
2026-01-23,Z11,P1,444.7,674.18,624.5,594.2,906.0,981.2
2026-01-24,Z11,P1,171.45,339.44,420.5,390.4,557.7,658.0
2026-01-25,Z11,P1,479.51,404.55,284.4,280.6,423.9,528.4
2026-01-26,Z11,P1,758.64,587.47,621.2,617.5,855.8,977.6
2026-01-27,Z11,P1,715.88,443.94,546.2,538.0,713.7,773.9
2026-01-28,Z11,P1,445.02,598.46,553.5,547.2,740.6,816.8
2026-01-29,Z11,P1,543.18,769.05,628.3,655.8,979.8,1038.6
2026-01-30,Z11,P1,479.56,444.7,589.7,569.5,804.2,947.2
2026-01-31,Z11,P1,382.27,171.45,324.4,337.5,519.7,595.9
2026-02-01,Z11,P1,180.84,479.51,309.2,339.7,465.4,542.5
2026-02-02,Z11,P1,1011.2,758.64,600.4,612.8,916.1,982.3
2026-02-03,Z11,P1,769.0,715.88,591.3,608.7,838.6,868.3
2026-02-04,Z11,P1,427.96,445.02,519.9,530.1,752.2,775.0
2026-02-05,Z11,P1,515.38,543.18,601.8,605.8,917.9,954.4
2026-02-06,Z11,P1,452.14,479.56,626.9,632.4,816.0,858.7
2026-02-07,Z11,P1,463.68,382.27,356.8,360.8,525.9,576.2
2026-02-08,Z11,P1,389.05,180.84,297.1,303.4,463.7,506.5
2026-02-09,Z11,P1,774.32,1011.2,644.6,626.7,1056.2,1163.4
2026-02-10,Z11,P1,562.32,769.0,672.6,674.5,1099.0,1121.6
2026-02-11,Z11,P1,285.2,427.96,545.4,512.3,849.7,908.0
2026-02-12,Z11,P1,760.11,515.38,606.6,591.5,913.7,1029.5
2026-02-13,Z11,P1,473.87,452.14,580.5,545.1,818.7,900.1
2026-02-14,Z11,P1,605.36,463.68,349.7,366.1,599.4,635.6
2026-02-15,Z11,P1,282.37,389.05,358.8,348.8,502.2,555.5
2026-02-16,Z11,P1,648.77,774.32,676.1,671.0,1028.0,1092.5
2026-02-17,Z11,P1,689.56,562.32,586.2,599.6,878.0,897.0
2026-02-18,Z11,P1,570.16,285.2,501.3,470.7,739.2,790.8
2026-02-19,Z11,P1,502.38,760.11,606.8,610.0,893.3,914.1
2026-02-20,Z11,P1,551.94,473.87,497.3,472.6,662.5,700.9
2026-02-21,Z11,P1,211.03,605.36,478.6,511.0,609.9,660.8
2026-02-22,Z11,P1,196.22,282.37,324.6,336.3,498.2,502.8
2026-02-23,Z11,P1,430.72,648.77,622.3,620.0,993.1,1105.9
2026-02-24,Z11,P1,851.75,689.56,602.2,607.5,836.0,924.6
2026-02-25,Z11,P1,502.4,570.16,542.3,554.7,720.0,741.2
2026-02-26,Z11,P1,975.69,502.38,585.2,577.0,859.4,940.5
2026-02-27,Z11,P1,759.44,551.94,566.1,555.5,706.2,721.8
2026-02-28,Z11,P1,302.67,211.03,391.8,409.8,616.1,664.3
2026-03-01,Z11,P1,251.18,196.22,272.2,258.8,426.2,497.9
2026-03-02,Z11,P1,951.28,430.72,623.2,616.1,828.2,947.9
2026-03-03,Z11,P1,1122.41,851.75,619.4,640.2,941.2,954.9
2026-03-04,Z11,P1,731.32,502.4,521.8,514.5,728.6,728.6
2026-03-05,Z11,P1,507.91,975.69,613.9,627.4,955.7,1091.3
2026-03-06,Z11,P1,555.17,759.44,649.2,646.5,904.9,978.3
2026-03-07,Z11,P1,112.42,302.67,377.4,379.1,522.4,636.7
2026-03-08,Z11,P1,181.99,251.18,274.6,267.8,427.4,512.8
2026-03-09,Z11,P1,1152.96,951.28,669.1,649.8,1002.1,1118.3
2026-03-10,Z11,P1,705.57,1122.41,706.9,722.2,1063.7,1186.7
2026-03-11,Z11,P1,512.04,731.32,589.5,587.8,870.1,970.7
2026-03-12,Z11,P1,689.99,507.91,671.9,659.2,1049.0,1093.5
2026-03-13,Z11,P1,369.56,555.17,640.4,645.9,912.8,979.5
2026-03-14,Z11,P1,317.26,112.42,361.0,347.8,599.1,670.5
2026-03-15,Z11,P1,532.93,181.99,273.8,269.3,489.8,557.9
2026-03-16,Z11,P1,912.52,1152.96,707.4,758.7,1111.3,1197.8
2026-03-17,Z11,P1,821.84,705.57,697.3,660.3,1065.4,1177.9
2026-03-18,Z11,P1,541.86,512.04,648.2,644.1,912.8,1035.4
2026-03-19,Z11,P1,498.75,689.99,707.5,674.1,1026.4,1147.5
2026-03-20,Z11,P1,516.55,369.56,606.1,609.7,880.9,975.8
2026-03-21,Z11,P1,614.36,317.26,310.2,309.8,506.6,588.5
2026-03-22,Z11,P1,370.87,532.93,361.0,391.8,528.9,599.9
2026-03-23,Z11,P1,902.17,912.52,786.2,769.2,1076.6,1256.0
2026-03-24,Z11,P1,562.64,821.84,743.5,751.6,1103.3,1209.7
2026-03-25,Z11,P1,641.23,541.86,598.2,600.0,847.0,964.0
2026-03-26,Z11,P1,539.95,498.75,661.0,644.3,954.1,1080.0
2026-03-27,Z11,P1,765.86,516.55,641.4,635.0,930.3,1037.2
2026-03-28,Z11,P1,345.77,614.36,415.3,443.2,680.2,711.4
2026-03-29,Z11,P1,75.95,370.87,326.1,328.5,567.6,651.7
2026-03-30,Z11,P1,754.08,902.17,808.4,826.0,1169.1,1309.3
2026-03-31,Z11,P1,554.37,562.64,720.7,733.2,981.1,1124.4
2026-04-01,Z11,P1,432.51,641.23,638.3,634.8,923.9,1026.4
2026-04-02,Z11,P1,817.41,539.95,599.6,622.8,850.5,960.5
2026-04-03,Z11,P1,254.24,765.86,664.6,663.4,914.0,1030.6
2026-04-04,Z11,P1,196.93,345.77,410.2,426.2,652.8,690.2
2026-04-05,Z11,P1,133.26,75.95,319.4,309.5,492.2,585.1
2026-04-06,Z11,P1,277.62,754.08,762.7,769.2,1067.7,1206.6
2026-04-07,Z11,P1,550.72,554.37,632.9,659.1,902.7,1020.1
2026-04-08,Z11,P1,831.9,432.51,557.7,547.9,870.7,1001.9
2026-04-09,Z11,P1,518.02,817.41,685.1,667.2,947.2,1064.8
2026-04-10,Z11,P1,390.36,254.24,500.5,485.7,903.4,985.8
2026-04-11,Z11,P1,313.19,196.93,376.0,379.5,613.2,696.8
2026-04-12,Z11,P1,187.24,133.26,305.4,303.9,489.1,592.3
2026-04-13,Z11,P1,719.28,277.62,641.8,674.0,955.9,1137.2
2026-04-14,Z11,P1,401.09,550.72,629.5,627.3,934.1,1020.2
2026-04-15,Z11,P1,577.91,831.9,653.8,662.3,1073.6,1178.6
2026-04-16,Z11,P1,596.95,518.02,600.1,570.6,966.5,1084.8
2026-04-17,Z11,P1,364.63,390.36,512.0,489.0,827.6,932.5
2026-04-18,Z11,P1,319.52,313.19,398.3,385.0,618.5,715.8
2026-04-19,Z11,P1,301.03,187.24,241.3,247.5,449.8,533.5
2026-04-20,Z11,P1,574.56,719.28,625.7,634.4,963.6,1094.7
2026-04-21,Z11,P1,407.81,401.09,568.3,554.2,929.5,1040.3
2026-04-22,Z11,P1,591.7,577.91,589.6,601.6,1023.5,1168.6
2026-04-23,Z11,P1,447.84,596.95,617.3,591.5,952.7,1069.4
2026-04-24,Z11,P1,586.99,364.63,552.4,493.3,888.3,997.5
2026-04-25,Z11,P1,387.78,319.52,278.4,272.9,579.0,651.3
2026-04-26,Z11,P1,204.3,301.03,187.7,179.9,387.1,512.3
2026-04-27,Z11,P1,456.17,574.56,499.9,557.9,964.8,1072.1
2026-04-28,Z11,P1,825.33,407.81,500.9,502.5,919.9,1077.7
2026-04-29,Z11,P1,426.22,591.7,493.5,526.3,896.2,1034.1
2026-04-30,Z11,P1,505.4,447.84,479.3,510.9,868.7,992.6
2025-10-01,Z11,P2,183.54,166.08,112.3,122.4,204.7,233.3
2025-10-02,Z11,P2,190.18,97.97,122.5,134.5,245.2,281.1
2025-10-03,Z11,P2,181.18,367.7,150.8,144.7,255.4,314.0
2025-10-04,Z11,P2,99.47,19.99,128.0,121.2,219.5,258.1
2025-10-05,Z11,P2,113.64,116.27,116.4,116.5,174.2,208.3
2025-10-06,Z11,P2,115.3,158.94,116.8,121.7,225.2,258.6
2025-10-07,Z11,P2,55.34,130.97,124.6,124.0,227.9,272.7
2025-10-08,Z11,P2,72.28,183.54,122.6,124.4,225.3,255.6
2025-10-09,Z11,P2,136.03,190.18,132.6,132.3,234.8,261.4
2025-10-10,Z11,P2,159.67,181.18,142.7,153.3,264.9,281.9
2025-10-11,Z11,P2,116.48,99.47,144.2,138.8,256.1,256.1
2025-10-12,Z11,P2,172.98,113.64,104.5,108.2,165.0,210.1
2025-10-13,Z11,P2,204.17,115.3,125.0,122.3,214.5,249.9
2025-10-14,Z11,P2,97.32,55.34,133.2,131.9,233.2,241.6
2025-10-15,Z11,P2,114.19,72.28,127.9,128.8,236.9,269.9
2025-10-16,Z11,P2,200.21,136.03,135.5,129.6,249.6,295.6
2025-10-17,Z11,P2,57.89,159.67,141.7,132.6,263.7,294.8
2025-10-18,Z11,P2,134.2,116.48,134.3,128.6,234.7,240.6
2025-10-19,Z11,P2,120.15,172.98,128.7,127.0,206.2,240.6
2025-10-20,Z11,P2,144.86,204.17,131.8,131.7,225.4,240.7
2025-10-21,Z11,P2,114.31,97.32,137.6,136.7,235.8,273.0
2025-10-22,Z11,P2,216.06,114.19,129.8,131.2,218.7,249.5
2025-10-23,Z11,P2,35.87,200.21,143.4,140.6,237.8,253.7
2025-10-24,Z11,P2,201.37,57.89,156.5,157.8,252.1,288.9
2025-10-25,Z11,P2,91.43,134.2,133.2,128.7,199.7,223.2
2025-10-26,Z11,P2,169.42,120.15,118.0,118.6,200.2,258.0
2025-10-27,Z11,P2,112.39,144.86,126.0,126.8,238.2,268.4
2025-10-28,Z11,P2,112.06,114.31,119.5,122.0,206.7,229.0
2025-10-29,Z11,P2,45.11,216.06,134.9,134.9,221.9,250.9
2025-10-30,Z11,P2,145.49,35.87,149.3,145.4,244.5,288.8
2025-10-31,Z11,P2,190.18,201.37,153.6,152.8,253.8,274.2
2025-11-01,Z11,P2,270.77,91.43,127.7,129.5,215.5,246.9
2025-11-02,Z11,P2,3.0,169.42,128.6,120.4,216.5,244.4
2025-11-03,Z11,P2,24.8,112.39,127.5,130.7,236.3,268.0
2025-11-04,Z11,P2,105.64,112.06,118.6,121.5,206.5,233.2
2025-11-05,Z11,P2,165.3,45.11,121.4,125.2,225.1,251.9
2025-11-06,Z11,P2,84.72,145.49,123.5,131.7,218.6,240.3
2025-11-07,Z11,P2,121.02,190.18,137.9,142.6,228.7,260.8
2025-11-08,Z11,P2,208.96,270.77,139.5,137.1,239.7,260.5
2025-11-09,Z11,P2,182.57,3.0,118.0,110.3,213.3,261.9
2025-11-10,Z11,P2,63.39,24.8,131.0,130.1,232.6,280.4
2025-11-11,Z11,P2,96.25,105.64,120.9,124.4,231.7,251.8
2025-11-12,Z11,P2,97.4,165.3,123.2,127.6,227.4,251.9
2025-11-13,Z11,P2,119.6,84.72,133.9,130.6,235.6,279.4
2025-11-14,Z11,P2,116.29,121.02,134.5,138.7,231.5,247.4
2025-11-15,Z11,P2,56.38,208.96,130.0,141.4,249.2,270.4
2025-11-16,Z11,P2,132.64,182.57,123.1,111.7,222.7,222.7
2025-11-17,Z11,P2,152.42,63.39,107.3,106.8,195.8,236.1
2025-11-18,Z11,P2,160.27,96.25,114.0,107.7,224.5,253.1
2025-11-19,Z11,P2,124.83,97.4,129.9,120.0,236.7,272.0
2025-11-20,Z11,P2,97.81,119.6,114.4,111.1,208.8,236.6
2025-11-21,Z11,P2,108.31,116.29,152.6,143.2,277.2,291.2
2025-11-22,Z11,P2,145.35,56.38,116.5,109.8,260.7,266.4
2025-11-23,Z11,P2,55.43,132.64,98.4,104.7,192.8,246.8
2025-11-24,Z11,P2,140.85,152.42,110.4,106.9,201.5,245.8
2025-11-25,Z11,P2,266.58,160.27,110.5,109.1,218.1,237.0
2025-11-26,Z11,P2,126.99,124.83,116.6,110.9,211.8,227.7
2025-11-27,Z11,P2,112.89,97.81,118.4,116.0,219.2,245.1
2025-11-28,Z11,P2,210.45,108.31,137.4,134.7,239.6,251.4
2025-11-29,Z11,P2,165.64,145.35,140.4,136.5,232.1,262.0
2025-11-30,Z11,P2,159.09,55.43,104.1,94.1,190.9,222.4
2025-12-01,Z11,P2,74.78,140.85,107.4,106.0,177.8,222.5
2025-12-02,Z11,P2,188.84,266.58,110.5,109.3,219.8,257.0
2025-12-03,Z11,P2,65.59,126.99,120.0,124.7,199.1,232.5
2025-12-04,Z11,P2,88.75,112.89,115.4,112.4,206.0,235.1
2025-12-05,Z11,P2,127.79,210.45,133.1,141.3,220.7,241.2
2025-12-06,Z11,P2,96.16,165.64,138.3,136.4,230.6,286.3
2025-12-07,Z11,P2,152.51,159.09,112.3,118.9,206.2,239.7
2025-12-08,Z11,P2,235.34,74.78,119.8,123.4,218.0,252.1
2025-12-09,Z11,P2,124.74,188.84,124.0,128.4,234.7,248.5
2025-12-10,Z11,P2,109.43,65.59,120.4,123.8,216.9,233.6
2025-12-11,Z11,P2,232.58,88.75,122.1,129.0,213.6,236.5
2025-12-12,Z11,P2,133.55,127.79,130.6,137.0,227.0,264.2
2025-12-13,Z11,P2,140.08,96.16,117.3,118.3,215.8,250.4
2025-12-14,Z11,P2,78.41,152.51,105.3,103.7,173.7,237.6
2025-12-15,Z11,P2,97.28,235.34,119.9,125.5,225.7,264.6
2025-12-16,Z11,P2,117.72,124.74,118.3,123.5,230.8,270.3
2025-12-17,Z11,P2,98.61,109.43,123.5,125.7,213.2,239.6
2025-12-18,Z11,P2,91.25,232.58,123.3,128.6,211.6,262.7
2025-12-19,Z11,P2,154.18,133.55,135.4,137.8,232.0,253.5
2025-12-20,Z11,P2,66.27,140.08,119.8,112.0,193.7,216.1
2025-12-21,Z11,P2,103.41,78.41,96.7,95.3,191.0,234.4
2025-12-22,Z11,P2,212.61,97.28,129.2,117.8,253.0,273.7
2025-12-23,Z11,P2,87.13,117.72,126.5,107.2,247.9,250.3
2025-12-24,Z11,P2,78.1,98.61,96.2,101.1,191.8,231.2
2025-12-25,Z11,P2,110.75,91.25,100.3,101.5,213.0,244.0
2025-12-26,Z11,P2,96.44,154.18,129.4,122.2,222.4,257.6
2025-12-27,Z11,P2,164.65,66.27,120.3,111.9,194.4,241.6
2025-12-28,Z11,P2,31.44,103.41,82.0,88.5,159.5,205.6
2025-12-29,Z11,P2,262.65,212.61,126.2,129.4,228.8,239.4
2025-12-30,Z11,P2,191.66,87.13,127.9,118.3,245.8,245.8
2025-12-31,Z11,P2,148.93,78.1,106.5,106.0,190.4,227.6
2026-01-01,Z11,P2,67.68,110.75,95.3,106.4,212.0,212.0
2026-01-02,Z11,P2,94.17,96.44,92.6,97.8,135.6,213.9
2026-01-03,Z11,P2,72.48,164.65,99.1,99.7,142.9,207.0
2026-01-04,Z11,P2,46.77,31.44,70.7,70.1,123.0,170.2
2026-01-05,Z11,P2,68.8,262.65,106.6,110.0,244.8,275.3
2026-01-06,Z11,P2,93.0,191.66,108.2,102.9,203.3,223.2
2026-01-07,Z11,P2,40.8,148.93,108.7,102.9,189.4,218.5
2026-01-08,Z11,P2,189.52,67.68,133.4,144.4,215.3,256.1
2026-01-09,Z11,P2,83.47,94.17,144.2,140.5,210.4,226.3
2026-01-10,Z11,P2,44.66,72.48,132.8,130.9,220.1,238.7
2026-01-11,Z11,P2,11.07,46.77,79.1,87.5,152.4,193.2
2026-01-12,Z11,P2,74.14,68.8,118.6,118.1,211.2,249.8
2026-01-13,Z11,P2,197.44,93.0,115.3,108.1,213.5,243.2
2026-01-14,Z11,P2,106.86,40.8,110.5,99.7,193.1,231.0
2026-01-15,Z11,P2,234.48,189.52,118.3,112.8,192.1,215.0
2026-01-16,Z11,P2,142.85,83.47,127.3,122.6,192.5,219.1
2026-01-17,Z11,P2,78.62,44.66,121.2,110.3,213.2,215.8
2026-01-18,Z11,P2,162.15,11.07,68.0,69.6,127.4,152.2
2026-01-19,Z11,P2,123.13,74.14,132.5,125.0,244.7,266.9
2026-01-20,Z11,P2,140.88,197.44,115.5,114.6,207.4,230.0
2026-01-21,Z11,P2,129.9,106.86,114.5,106.3,205.2,235.4
2026-01-22,Z11,P2,144.84,234.48,117.6,117.0,224.4,267.3
2026-01-23,Z11,P2,215.01,142.85,122.8,116.9,208.8,232.3
2026-01-24,Z11,P2,93.66,78.62,123.5,115.1,212.3,235.3
2026-01-25,Z11,P2,80.94,162.15,100.2,95.5,165.0,181.2
2026-01-26,Z11,P2,88.32,123.13,127.5,127.4,222.8,266.5
2026-01-27,Z11,P2,247.2,140.88,128.4,119.8,247.3,282.3
2026-01-28,Z11,P2,126.62,129.9,111.6,108.3,188.4,219.5
2026-01-29,Z11,P2,95.38,144.84,114.3,112.2,221.5,250.1
2026-01-30,Z11,P2,63.05,215.01,124.1,121.6,212.7,249.3
2026-01-31,Z11,P2,156.09,93.66,114.1,111.6,185.7,212.4
2026-02-01,Z11,P2,36.49,80.94,100.0,95.5,182.0,214.3
2026-02-02,Z11,P2,173.4,88.32,110.0,106.4,202.4,224.6
2026-02-03,Z11,P2,148.63,247.2,114.6,109.1,228.3,260.7
2026-02-04,Z11,P2,25.55,126.62,110.2,106.2,200.4,218.3
2026-02-05,Z11,P2,50.05,95.38,134.2,130.6,249.5,279.4
2026-02-06,Z11,P2,119.14,63.05,128.1,119.1,223.0,260.3
2026-02-07,Z11,P2,129.28,156.09,117.4,117.8,192.7,215.7
2026-02-08,Z11,P2,47.69,36.49,81.1,76.5,175.2,188.0
2026-02-09,Z11,P2,127.3,173.4,109.1,107.6,209.5,218.6
2026-02-10,Z11,P2,104.09,148.63,130.0,125.2,252.5,292.6
2026-02-11,Z11,P2,25.53,25.55,111.4,105.2,189.6,214.8
2026-02-12,Z11,P2,86.29,50.05,121.4,118.0,220.7,251.1
2026-02-13,Z11,P2,126.86,119.14,122.8,111.4,208.9,219.7
2026-02-14,Z11,P2,26.54,129.28,103.1,92.5,183.5,224.1
2026-02-15,Z11,P2,99.17,47.69,98.8,88.9,163.7,190.0
2026-02-16,Z11,P2,87.86,127.3,118.1,113.4,215.2,232.2
2026-02-17,Z11,P2,90.75,104.09,117.6,115.4,204.0,218.1
2026-02-18,Z11,P2,37.31,25.53,110.1,107.3,174.5,197.1
2026-02-19,Z11,P2,142.24,86.29,121.4,116.7,195.7,212.3
2026-02-20,Z11,P2,91.86,126.86,149.0,138.4,238.5,248.2
2026-02-21,Z11,P2,63.15,26.54,112.6,107.6,189.1,201.8
2026-02-22,Z11,P2,61.09,99.17,96.4,93.6,151.5,169.0
2026-02-23,Z11,P2,81.93,87.86,111.2,112.4,196.5,226.0
2026-02-24,Z11,P2,59.35,90.75,131.0,133.7,236.4,262.7
2026-02-25,Z11,P2,102.94,37.31,120.1,106.5,181.7,210.1
2026-02-26,Z11,P2,121.34,142.24,110.5,113.4,180.7,207.6
2026-02-27,Z11,P2,106.15,91.86,122.9,124.8,207.6,225.7
2026-02-28,Z11,P2,32.04,63.15,114.1,115.4,182.4,195.3
2026-03-01,Z11,P2,93.31,61.09,86.3,81.6,149.3,162.4
2026-03-02,Z11,P2,42.7,81.93,112.3,111.4,190.2,201.5
2026-03-03,Z11,P2,49.5,59.35,104.9,102.1,180.6,200.1
2026-03-04,Z11,P2,104.72,102.94,112.4,103.6,163.6,177.3
2026-03-05,Z11,P2,49.58,121.34,109.0,105.6,200.1,223.8
2026-03-06,Z11,P2,92.37,106.15,121.1,112.6,189.9,208.1
2026-03-07,Z11,P2,65.43,32.04,119.8,105.2,179.0,192.7
2026-03-08,Z11,P2,41.33,93.31,84.9,77.2,146.6,170.4
2026-03-09,Z11,P2,64.26,42.7,97.1,89.8,166.5,193.8
2026-03-10,Z11,P2,10.19,49.5,115.0,109.9,194.2,208.2
2026-03-11,Z11,P2,133.28,104.72,105.8,97.4,165.3,165.3
2026-03-12,Z11,P2,79.4,49.58,108.6,106.8,192.7,205.7
2026-03-13,Z11,P2,232.26,92.37,117.5,110.2,197.6,217.2
2026-03-14,Z11,P2,24.2,65.43,116.7,104.7,165.3,186.1
2026-03-15,Z11,P2,55.44,41.33,108.5,82.6,171.1,188.8
2026-03-16,Z11,P2,36.88,64.26,108.2,104.2,191.8,223.4
2026-03-17,Z11,P2,65.2,10.19,111.4,104.5,167.1,183.9
2026-03-18,Z11,P2,64.5,133.28,110.1,105.9,182.4,194.6
2026-03-19,Z11,P2,60.94,79.4,126.4,117.0,208.5,220.0
2026-03-20,Z11,P2,128.94,232.26,118.0,116.1,213.9,245.1
2026-03-21,Z11,P2,74.28,24.2,105.4,89.9,150.1,181.0
2026-03-22,Z11,P2,35.43,55.44,93.9,85.9,172.7,194.3
2026-03-23,Z11,P2,67.75,36.88,94.7,89.8,152.2,173.7
2026-03-24,Z11,P2,107.97,65.2,106.1,100.2,176.9,176.9
2026-03-25,Z11,P2,127.77,64.5,107.5,106.4,182.7,213.1
2026-03-26,Z11,P2,17.91,60.94,100.1,125.9,179.4,195.6
2026-03-27,Z11,P2,52.03,128.94,120.9,115.7,221.7,248.4
2026-03-28,Z11,P2,97.8,74.28,122.9,120.7,170.2,197.3
2026-03-29,Z11,P2,24.15,35.43,87.5,93.8,151.0,172.7
2026-03-30,Z11,P2,197.85,67.75,102.6,97.3,173.9,189.8
2026-03-31,Z11,P2,130.18,107.97,103.4,86.5,172.8,183.2
2026-04-01,Z11,P2,14.99,127.77,100.8,96.1,182.7,202.9
2026-04-02,Z11,P2,145.63,17.91,80.6,77.4,162.7,189.8
2026-04-03,Z11,P2,114.92,52.03,110.7,118.9,224.3,240.3
2026-04-04,Z11,P2,191.66,97.8,115.4,110.4,178.3,208.4
2026-04-05,Z11,P2,32.32,24.15,71.2,61.5,130.2,156.3
2026-04-06,Z11,P2,133.95,197.85,96.2,81.3,177.0,203.9
2026-04-07,Z11,P2,98.75,130.18,94.7,86.3,167.8,179.7
2026-04-08,Z11,P2,80.99,14.99,90.6,79.2,167.7,201.5
2026-04-09,Z11,P2,54.48,145.63,96.2,85.5,165.9,182.3
2026-04-10,Z11,P2,156.63,114.92,138.4,128.9,247.3,257.5
2026-04-11,Z11,P2,123.01,191.66,105.4,91.1,179.8,195.5
2026-04-12,Z11,P2,39.6,32.32,73.1,56.7,109.8,139.8
2026-04-13,Z11,P2,124.71,133.95,102.6,86.8,198.1,216.8
2026-04-14,Z11,P2,125.21,98.75,95.6,87.4,178.4,202.8
2026-04-15,Z11,P2,109.12,80.99,96.2,85.5,172.0,189.4
2026-04-16,Z11,P2,59.1,54.48,97.6,87.3,169.4,207.5
2026-04-17,Z11,P2,141.36,156.63,106.9,95.5,183.9,206.1
2026-04-18,Z11,P2,163.42,123.01,110.9,104.6,206.7,225.0
2026-04-19,Z11,P2,105.57,39.6,74.6,54.0,120.8,145.3
2026-04-20,Z11,P2,59.85,124.71,91.5,89.2,179.0,201.1
2026-04-21,Z11,P2,86.71,125.21,97.9,94.2,186.3,203.0
2026-04-22,Z11,P2,37.11,109.12,99.2,97.7,187.7,213.1
2026-04-23,Z11,P2,36.29,59.1,95.1,87.0,174.1,190.7
2026-04-24,Z11,P2,290.14,141.36,103.8,90.1,199.6,219.0
2026-04-25,Z11,P2,60.25,163.42,93.5,84.4,190.7,210.5
2026-04-26,Z11,P2,96.61,105.57,94.6,65.9,166.7,182.4
2026-04-27,Z11,P2,117.05,59.85,91.7,80.9,226.5,242.4
2026-04-28,Z11,P2,109.64,86.71,86.7,73.4,180.1,200.5
2026-04-29,Z11,P2,124.71,37.11,92.6,78.5,184.6,187.7
2026-04-30,Z11,P2,127.12,36.29,75.9,70.5,153.4,185.1
2025-10-01,Z11,P3,1371.95,1722.13,1716.4,1701.1,1995.5,2155.8
2025-10-02,Z11,P3,1535.24,1866.67,1744.9,1722.9,2071.3,2138.1
2025-10-03,Z11,P3,1384.02,2181.02,1838.1,1793.4,2209.8,2235.5
2025-10-04,Z11,P3,1695.99,1922.25,1708.5,1701.1,2065.3,2157.5
2025-10-05,Z11,P3,1142.63,1018.51,1099.1,1116.2,1332.0,1513.8
2025-10-06,Z11,P3,2025.42,1424.92,1672.4,1650.0,1857.0,1991.5
2025-10-07,Z11,P3,1608.35,1902.74,1683.7,1695.3,2064.3,2188.7
2025-10-08,Z11,P3,1894.47,1371.95,1606.0,1545.2,1940.8,2042.2
2025-10-09,Z11,P3,1815.13,1535.24,1668.5,1684.6,1998.8,2030.0
2025-10-10,Z11,P3,1943.81,1384.02,1753.4,1686.2,2047.4,2063.6
2025-10-11,Z11,P3,1854.37,1695.99,1676.8,1716.1,2029.3,2131.6
2025-10-12,Z11,P3,1017.67,1142.63,1105.4,1080.5,1383.2,1605.3
2025-10-13,Z11,P3,1496.54,2025.42,1758.6,1780.9,2069.5,2168.8
2025-10-14,Z11,P3,1437.57,1608.35,1702.2,1709.5,2040.0,2127.7
2025-10-15,Z11,P3,1309.03,1894.47,1692.6,1728.5,2044.8,2161.2
2025-10-16,Z11,P3,1802.37,1815.13,1723.4,1780.4,2023.5,2098.7
2025-10-17,Z11,P3,1611.69,1943.81,1767.0,1753.0,2082.3,2185.8
2025-10-18,Z11,P3,1520.06,1854.37,1663.9,1718.7,2012.4,2133.8
2025-10-19,Z11,P3,1092.47,1017.67,1091.5,1109.7,1401.8,1569.8
2025-10-20,Z11,P3,1897.67,1496.54,1663.4,1653.6,1996.0,2059.0
2025-10-21,Z11,P3,1709.12,1437.57,1642.5,1605.5,1847.4,1977.7
2025-10-22,Z11,P3,2008.55,1309.03,1647.2,1643.9,1963.5,2045.9
2025-10-23,Z11,P3,1197.2,1802.37,1736.0,1813.3,2072.1,2161.1
2025-10-24,Z11,P3,1990.33,1611.69,1803.1,1852.4,2110.5,2256.7
2025-10-25,Z11,P3,1785.55,1520.06,1714.9,1736.4,2022.5,2022.5
2025-10-26,Z11,P3,1519.12,1092.47,1095.6,1059.2,1338.5,1524.7
2025-10-27,Z11,P3,1612.12,1897.67,1662.6,1705.6,2044.4,2162.7
2025-10-28,Z11,P3,1518.99,1709.12,1681.9,1681.2,2055.8,2116.9
2025-10-29,Z11,P3,1761.46,2008.55,1651.4,1682.5,2050.8,2160.6
2025-10-30,Z11,P3,1665.9,1197.2,1622.4,1657.6,1950.2,2010.4
2025-10-31,Z11,P3,1402.74,1990.33,1760.6,1748.7,2080.6,2198.3
2025-11-01,Z11,P3,1764.17,1785.55,1660.9,1672.7,1988.0,2090.6
2025-11-02,Z11,P3,1100.81,1519.12,1188.6,1219.6,1523.7,1580.8
2025-11-03,Z11,P3,1587.87,1612.12,1799.3,1848.8,2088.6,2202.0
2025-11-04,Z11,P3,1416.43,1518.99,1599.9,1618.6,1941.8,1991.8
2025-11-05,Z11,P3,1506.34,1761.46,1689.4,1694.4,2038.5,2128.2
2025-11-06,Z11,P3,1504.33,1665.9,1642.5,1633.8,2016.2,2096.1
2025-11-07,Z11,P3,1950.15,1402.74,1760.7,1725.0,2033.5,2040.9
2025-11-08,Z11,P3,1908.53,1764.17,1701.0,1705.6,2009.6,2133.0
2025-11-09,Z11,P3,1314.53,1100.81,1184.4,1209.7,1437.9,1562.9
2025-11-10,Z11,P3,1604.83,1587.87,1681.2,1679.0,1924.6,2077.9
2025-11-11,Z11,P3,1664.37,1416.43,1508.5,1500.0,1791.5,1891.7
2025-11-12,Z11,P3,1602.78,1506.34,1648.7,1672.9,1990.2,1996.1
2025-11-13,Z11,P3,1787.66,1504.33,1606.5,1590.0,1908.4,1970.4
2025-11-14,Z11,P3,1927.99,1950.15,1741.9,1764.2,2068.3,2148.1
2025-11-15,Z11,P3,1235.5,1908.53,1719.7,1744.0,2091.4,2139.1
2025-11-16,Z11,P3,1577.77,1314.53,1236.7,1277.8,1563.4,1680.9
2025-11-17,Z11,P3,1953.9,1604.83,1665.8,1661.2,2004.1,2074.5
2025-11-18,Z11,P3,1399.8,1664.37,1631.9,1669.7,1988.1,2051.6
2025-11-19,Z11,P3,2030.21,1602.78,1789.9,1850.7,2037.2,2105.8
2025-11-20,Z11,P3,1977.11,1787.66,1632.4,1717.2,1969.1,2005.5
2025-11-21,Z11,P3,1829.65,1927.99,1821.7,1907.2,2145.6,2223.2
2025-11-22,Z11,P3,1967.55,1235.5,1663.5,1699.2,1933.5,1982.7
2025-11-23,Z11,P3,1440.03,1577.77,1330.5,1317.3,1608.1,1721.8
2025-11-24,Z11,P3,1943.68,1953.9,1692.7,1711.0,2065.2,2176.8
2025-11-25,Z11,P3,1848.75,1399.8,1571.2,1542.9,1905.6,1974.3
2025-11-26,Z11,P3,1717.06,2030.21,1700.6,1712.6,2022.9,2164.7
2025-11-27,Z11,P3,1969.72,1977.11,1696.7,1732.1,2059.6,2166.0
2025-11-28,Z11,P3,1924.34,1829.65,1763.4,1775.8,2084.4,2128.0
2025-11-29,Z11,P3,2019.82,1967.55,1664.7,1645.9,2037.4,2111.3
2025-11-30,Z11,P3,1625.55,1440.03,1313.4,1347.6,1640.0,1770.0
2025-12-01,Z11,P3,1499.11,1943.68,1708.4,1818.8,2057.4,2163.3
2025-12-02,Z11,P3,1313.16,1848.75,1636.1,1671.7,1979.2,2063.1
2025-12-03,Z11,P3,1392.25,1717.06,1717.3,1795.4,2025.8,2111.0
2025-12-04,Z11,P3,1553.05,1969.72,1749.6,1751.3,2054.0,2159.5
2025-12-05,Z11,P3,1987.13,1924.34,1876.2,1934.4,2207.4,2207.4
2025-12-06,Z11,P3,1801.76,2019.82,1765.8,1766.9,2111.0,2159.5
2025-12-07,Z11,P3,1372.9,1625.55,1448.0,1497.5,1828.8,1920.0
2025-12-08,Z11,P3,1789.59,1499.11,1680.4,1700.7,2044.9,2044.9
2025-12-09,Z11,P3,1606.27,1313.16,1624.7,1624.8,1968.3,2009.1
2025-12-10,Z11,P3,1345.39,1392.25,1623.4,1618.0,2021.3,2021.3
2025-12-11,Z11,P3,1832.33,1553.05,1714.2,1746.3,2056.7,2056.7
2025-12-12,Z11,P3,1615.7,1987.13,1794.4,1804.4,2166.9,2177.6
2025-12-13,Z11,P3,1191.05,1801.76,1709.8,1756.6,2045.0,2089.7
2025-12-14,Z11,P3,1228.64,1372.9,1350.5,1409.4,1683.0,1865.5
2025-12-15,Z11,P3,1836.17,1789.59,1754.5,1818.6,2093.8,2096.6
2025-12-16,Z11,P3,1361.06,1606.27,1609.4,1607.2,1964.4,2007.2
2025-12-17,Z11,P3,1667.67,1345.39,1654.6,1652.4,1824.4,1962.5
2025-12-18,Z11,P3,1738.92,1832.33,1702.9,1718.1,2093.8,2179.1
2025-12-19,Z11,P3,2046.32,1615.7,1868.6,1963.3,2119.0,2231.3
2025-12-20,Z11,P3,1388.41,1191.05,1516.3,1550.7,1832.1,1832.1
2025-12-21,Z11,P3,1022.63,1228.64,1282.7,1265.9,1436.5,1631.9
2025-12-22,Z11,P3,1433.52,1836.17,1418.8,1426.1,1954.2,1985.8
2025-12-23,Z11,P3,1470.7,1361.06,1276.9,1329.5,1590.3,1751.1
2025-12-24,Z11,P3,1741.56,1667.67,1116.8,1263.3,1797.7,1873.0
2025-12-25,Z11,P3,930.56,1738.92,1212.8,1337.1,1883.0,1994.2
2025-12-26,Z11,P3,973.44,2046.32,1350.3,1413.8,1937.7,2019.9
2025-12-27,Z11,P3,1340.46,1388.41,1150.3,1128.5,1614.2,1728.2
2025-12-28,Z11,P3,932.9,1022.63,1020.4,953.4,1325.5,1522.7
2025-12-29,Z11,P3,1420.58,1433.52,1451.5,1445.1,1870.8,1870.8
2025-12-30,Z11,P3,1434.56,1470.7,1331.9,1425.1,1592.2,1743.5
2025-12-31,Z11,P3,1554.51,1741.56,1326.9,1431.1,1754.2,1941.6
2026-01-01,Z11,P3,606.85,930.56,1343.2,1314.8,1655.7,1781.1
2026-01-02,Z11,P3,930.47,973.44,1345.7,1370.1,1712.4,1797.3
2026-01-03,Z11,P3,764.7,1340.46,1432.8,1436.3,1507.6,1630.9
2026-01-04,Z11,P3,863.99,932.9,1065.4,1097.1,1269.0,1425.0
2026-01-05,Z11,P3,948.81,1420.58,1648.9,1659.9,1771.7,1926.6
2026-01-06,Z11,P3,1058.81,1434.56,1542.4,1551.5,1783.9,1879.4
2026-01-07,Z11,P3,1238.76,1554.51,1633.6,1640.1,1985.2,1985.2
2026-01-08,Z11,P3,1435.54,606.85,1500.1,1425.3,1743.0,1863.9
2026-01-09,Z11,P3,1649.51,930.47,1449.5,1453.7,1765.9,1919.3
2026-01-10,Z11,P3,1358.07,764.7,1220.2,1145.6,1606.8,1703.3
2026-01-11,Z11,P3,943.43,863.99,1102.1,1118.1,1399.8,1535.1
2026-01-12,Z11,P3,1402.38,948.81,1493.9,1503.0,1784.2,1929.0
2026-01-13,Z11,P3,1601.3,1058.81,1444.9,1402.8,1788.1,1891.0
2026-01-14,Z11,P3,1542.36,1238.76,1633.6,1623.9,1842.0,1928.0
2026-01-15,Z11,P3,1453.87,1435.54,1549.3,1401.6,1801.8,1980.7
2026-01-16,Z11,P3,1654.23,1649.51,1650.9,1608.8,2032.0,2234.1
2026-01-17,Z11,P3,1083.73,1358.07,1387.6,1261.6,1672.1,1841.9
2026-01-18,Z11,P3,814.5,943.43,1060.0,1044.9,1346.5,1541.0
2026-01-19,Z11,P3,1207.08,1402.38,1461.8,1356.8,1772.8,1970.0
2026-01-20,Z11,P3,1637.46,1601.3,1565.7,1569.7,1972.7,2082.0
2026-01-21,Z11,P3,972.35,1542.36,1593.1,1556.3,1886.5,1945.0
2026-01-22,Z11,P3,1453.63,1453.87,1480.0,1433.2,1667.2,1796.6
2026-01-23,Z11,P3,1420.27,1654.23,1690.5,1759.7,1928.1,2038.3
2026-01-24,Z11,P3,1092.48,1083.73,1349.1,1310.8,1650.6,1765.6
2026-01-25,Z11,P3,927.25,814.5,1015.5,1032.6,1281.7,1461.0
2026-01-26,Z11,P3,1513.19,1207.08,1436.7,1431.2,1698.2,1855.1
2026-01-27,Z11,P3,1522.24,1637.46,1579.0,1603.8,1951.7,2030.2
2026-01-28,Z11,P3,1880.77,972.35,1377.7,1306.1,1719.3,1897.1
2026-01-29,Z11,P3,1708.74,1453.63,1476.4,1482.2,1733.9,1854.9
2026-01-30,Z11,P3,1797.3,1420.27,1634.3,1551.5,1881.9,1968.9
2026-01-31,Z11,P3,1468.59,1092.48,1253.3,1204.0,1637.8,1803.6
2026-02-01,Z11,P3,867.09,927.25,1005.1,1012.1,1412.6,1588.3
2026-02-02,Z11,P3,1807.14,1513.19,1448.0,1406.2,1731.2,1865.3
2026-02-03,Z11,P3,1388.95,1522.24,1508.1,1475.9,1789.8,1979.3
2026-02-04,Z11,P3,1585.6,1880.77,1468.9,1477.6,1930.2,2009.1
2026-02-05,Z11,P3,1163.53,1708.74,1596.3,1639.9,1976.5,2074.3
2026-02-06,Z11,P3,1415.75,1797.3,1702.4,1671.9,2045.0,2085.2
2026-02-07,Z11,P3,1152.11,1468.59,1331.0,1308.3,1661.3,1732.0
2026-02-08,Z11,P3,711.48,867.09,978.0,984.3,1264.7,1304.4
2026-02-09,Z11,P3,1124.34,1807.14,1557.3,1476.5,1930.0,2034.9
2026-02-10,Z11,P3,1197.43,1388.95,1523.7,1529.1,1794.2,1895.5
2026-02-11,Z11,P3,1390.36,1585.6,1563.4,1518.4,1903.7,2033.7
2026-02-12,Z11,P3,1347.55,1163.53,1485.8,1511.8,1918.0,1971.2
2026-02-13,Z11,P3,1143.54,1415.75,1654.0,1676.7,1986.3,2059.4
2026-02-14,Z11,P3,1347.53,1152.11,1283.2,1282.5,1600.3,1765.9
2026-02-15,Z11,P3,766.37,711.48,881.3,841.6,1045.6,1198.9
2026-02-16,Z11,P3,1267.56,1124.34,1459.2,1480.7,1887.1,1956.2
2026-02-17,Z11,P3,1278.68,1197.43,1465.0,1516.9,1750.5,1875.7
2026-02-18,Z11,P3,1266.05,1390.36,1538.7,1560.3,1770.7,1904.7
2026-02-19,Z11,P3,1114.07,1347.55,1384.9,1397.6,1722.0,1900.8
2026-02-20,Z11,P3,1298.18,1143.54,1482.9,1458.2,1810.6,1912.2
2026-02-21,Z11,P3,1318.03,1347.53,1391.5,1385.8,1672.8,1795.9
2026-02-22,Z11,P3,1115.99,766.37,883.5,885.8,1117.0,1259.9
2026-02-23,Z11,P3,1326.52,1267.56,1422.5,1425.6,1751.9,1918.8
2026-02-24,Z11,P3,1258.49,1278.68,1456.2,1393.8,1771.8,1937.1
2026-02-25,Z11,P3,1241.53,1266.05,1578.6,1606.3,1820.1,1945.4
2026-02-26,Z11,P3,1894.14,1114.07,1335.9,1294.9,1616.1,1705.0
2026-02-27,Z11,P3,1025.54,1298.18,1462.4,1430.4,1766.0,1972.9
2026-02-28,Z11,P3,1300.22,1318.03,1290.0,1258.2,1654.4,1656.7
2026-03-01,Z11,P3,958.52,1115.99,945.9,909.7,1265.5,1318.2
2026-03-02,Z11,P3,1493.29,1326.52,1327.9,1359.8,1611.4,1711.2
2026-03-03,Z11,P3,1347.48,1258.49,1296.7,1321.6,1593.3,1680.4
2026-03-04,Z11,P3,1207.35,1241.53,1381.8,1372.1,1791.7,1861.5
2026-03-05,Z11,P3,1419.12,1894.14,1462.6,1423.6,1966.1,2133.7
2026-03-06,Z11,P3,1311.19,1025.54,1328.2,1320.0,1679.1,1825.9
2026-03-07,Z11,P3,1097.62,1300.22,1306.2,1285.0,1636.7,1771.9
2026-03-08,Z11,P3,602.97,958.52,963.3,998.0,1229.7,1332.5
2026-03-09,Z11,P3,1208.39,1493.29,1401.3,1404.8,1700.3,1848.6
2026-03-10,Z11,P3,1138.0,1347.48,1404.4,1410.7,1691.2,1830.9
2026-03-11,Z11,P3,874.61,1207.35,1365.0,1339.4,1695.0,1832.9
2026-03-12,Z11,P3,1106.35,1419.12,1447.9,1475.0,1900.3,1997.4
2026-03-13,Z11,P3,1027.26,1311.19,1403.5,1346.5,1742.1,1868.0
2026-03-14,Z11,P3,792.94,1097.62,1281.4,1249.1,1594.3,1680.8
2026-03-15,Z11,P3,813.13,602.97,859.9,822.2,1116.0,1272.7
2026-03-16,Z11,P3,822.73,1208.39,1390.4,1410.4,1662.9,1850.1
2026-03-17,Z11,P3,1101.01,1138.0,1398.0,1359.9,1697.4,1856.8
2026-03-18,Z11,P3,821.85,874.61,1213.2,1130.9,1503.9,1654.0
2026-03-19,Z11,P3,993.45,1106.35,1385.8,1427.3,1690.3,1817.5
2026-03-20,Z11,P3,1328.55,1027.26,1366.9,1368.1,1697.5,1888.0
2026-03-21,Z11,P3,981.32,792.94,1158.1,1095.3,1591.9,1715.0
2026-03-22,Z11,P3,1128.09,813.13,887.2,875.1,1103.5,1275.0
2026-03-23,Z11,P3,1281.83,822.73,1278.5,1184.3,1680.8,1870.9
2026-03-24,Z11,P3,1104.92,1101.01,1341.7,1346.1,1707.7,1909.2
2026-03-25,Z11,P3,1203.92,821.85,1186.5,1205.2,1612.1,1795.5
2026-03-26,Z11,P3,1160.59,993.45,1386.6,1416.5,1763.6,1916.1
2026-03-27,Z11,P3,1395.73,1328.55,1440.5,1342.4,1743.6,1877.0
2026-03-28,Z11,P3,961.94,981.32,1178.6,1164.5,1666.2,1806.3
2026-03-29,Z11,P3,638.36,1128.09,1009.0,991.5,1277.7,1380.3
2026-03-30,Z11,P3,790.72,1281.83,1342.5,1299.1,1713.9,1882.6
2026-03-31,Z11,P3,791.4,1104.92,1261.2,1248.0,1654.3,1850.9
2026-04-01,Z11,P3,1215.3,1203.92,1205.7,1203.5,1586.7,1741.8
2026-04-02,Z11,P3,1329.24,1160.59,1274.4,1241.8,1538.5,1777.2
2026-04-03,Z11,P3,1204.67,1395.73,1426.8,1384.8,1703.4,1946.4
2026-04-04,Z11,P3,1213.51,961.94,1093.0,1088.3,1374.1,1548.3
2026-04-05,Z11,P3,679.24,638.36,814.3,784.8,1153.4,1224.4
2026-04-06,Z11,P3,820.36,790.72,1113.8,1086.5,1465.2,1637.7
2026-04-07,Z11,P3,938.02,791.4,1058.8,1039.9,1376.8,1501.3
2026-04-08,Z11,P3,898.28,1215.3,1198.9,1189.1,1485.8,1676.3
2026-04-09,Z11,P3,1040.43,1329.24,1259.3,1286.4,1501.1,1697.3
2026-04-10,Z11,P3,864.42,1204.67,1326.0,1338.6,1532.6,1741.7
2026-04-11,Z11,P3,1014.12,1213.51,1150.0,1095.6,1422.0,1604.7
2026-04-12,Z11,P3,881.57,679.24,857.0,811.6,1149.4,1350.0
2026-04-13,Z11,P3,830.0,820.36,1054.2,1034.7,1499.0,1666.7
2026-04-14,Z11,P3,889.21,938.02,1106.4,1095.0,1452.0,1653.7
2026-04-15,Z11,P3,1134.58,898.28,1166.4,1135.7,1418.9,1647.3
2026-04-16,Z11,P3,1057.19,1040.43,1176.0,1195.4,1383.7,1550.9
2026-04-17,Z11,P3,1270.1,864.42,1307.3,1205.6,1692.5,1789.7
2026-04-18,Z11,P3,1090.2,1014.12,1163.3,1169.6,1462.8,1578.5
2026-04-19,Z11,P3,765.62,881.57,839.2,878.2,1066.4,1272.8
2026-04-20,Z11,P3,1051.35,830.0,1039.7,1050.3,1448.7,1575.8
2026-04-21,Z11,P3,1047.61,889.21,1079.1,1098.6,1406.1,1541.1
2026-04-22,Z11,P3,1089.78,1134.58,1207.3,1216.7,1560.1,1715.2
2026-04-23,Z11,P3,1342.98,1057.19,1204.5,1216.6,1559.0,1721.4
2026-04-24,Z11,P3,1522.23,1270.1,1235.7,1205.9,1596.3,1699.7
2026-04-25,Z11,P3,978.69,1090.2,1012.5,1058.9,1462.1,1580.2
2026-04-26,Z11,P3,414.69,765.62,766.3,750.6,1107.8,1137.5
2026-04-27,Z11,P3,490.66,1051.35,961.8,1025.9,1475.9,1583.2
2026-04-28,Z11,P3,1088.21,1047.61,975.2,1040.4,1429.6,1581.9
2026-04-29,Z11,P3,815.28,1089.78,1027.2,1119.5,1404.4,1513.7
2026-04-30,Z11,P3,1053.56,1342.98,1150.7,1253.5,1603.3,1821.9
2025-10-01,Z11,P4,0.0,0.0,2.0,2.0,20.9,47.8
2025-10-02,Z11,P4,0.0,0.0,4.7,14.2,83.1,105.5
2025-10-03,Z11,P4,0.0,0.0,1.4,1.9,19.1,49.1
2025-10-04,Z11,P4,0.0,0.0,0.9,1.7,7.7,24.8
2025-10-05,Z11,P4,0.0,0.0,0.5,1.6,5.5,23.9
2025-10-06,Z11,P4,0.0,0.0,2.0,1.9,18.1,49.1
2025-10-07,Z11,P4,0.0,0.0,1.7,1.9,18.1,48.6
2025-10-08,Z11,P4,0.0,0.0,2.5,1.9,18.4,48.3
2025-10-09,Z11,P4,0.0,0.0,0.5,1.0,61.5,96.5
2025-10-10,Z11,P4,0.0,0.0,1.1,1.8,19.1,49.0
2025-10-11,Z11,P4,0.0,0.0,0.7,1.4,7.7,24.8
2025-10-12,Z11,P4,0.0,0.0,0.4,1.3,5.5,24.0
2025-10-13,Z11,P4,0.0,0.0,1.9,2.2,20.6,49.8
2025-10-14,Z11,P4,0.0,0.0,1.7,2.1,23.2,49.3
2025-10-15,Z11,P4,0.0,0.0,1.7,2.1,19.1,48.3
2025-10-16,Z11,P4,0.0,0.0,2.1,2.3,9.3,25.9
2025-10-17,Z11,P4,0.0,0.0,1.6,2.2,10.0,25.5
2025-10-18,Z11,P4,0.0,0.0,13.3,12.4,12.4,25.3
2025-10-19,Z11,P4,0.0,0.0,14.4,12.3,12.3,25.0
2025-10-20,Z11,P4,35.0,0.0,22.4,42.1,42.1,42.1
2025-10-21,Z11,P4,0.0,0.0,20.2,41.3,41.3,41.3
2025-10-22,Z11,P4,0.0,0.0,19.6,41.3,41.3,41.3
2025-10-23,Z11,P4,0.0,0.0,20.0,40.8,40.8,41.2
2025-10-24,Z11,P4,0.0,0.0,18.0,38.5,38.5,38.5
2025-10-25,Z11,P4,0.0,0.0,17.6,10.3,23.2,27.2
2025-10-26,Z11,P4,0.0,0.0,19.5,11.5,19.9,25.4
2025-10-27,Z11,P4,0.0,35.0,13.4,30.7,37.3,45.5
2025-10-28,Z11,P4,0.0,0.0,23.1,42.8,42.8,45.5
2025-10-29,Z11,P4,0.0,0.0,35.0,44.3,47.2,58.7
2025-10-30,Z11,P4,0.0,0.0,33.4,45.4,49.1,53.6
2025-10-31,Z11,P4,0.0,0.0,32.6,44.1,63.0,63.0
2025-11-01,Z11,P4,0.0,0.0,21.0,10.5,32.9,35.2
2025-11-02,Z11,P4,0.0,0.0,20.7,10.3,29.2,34.5
2025-11-03,Z11,P4,0.0,0.0,5.3,2.7,35.9,43.1
2025-11-04,Z11,P4,0.0,0.0,9.5,2.0,30.8,30.8
2025-11-05,Z11,P4,0.0,0.0,9.6,1.9,32.8,32.8
2025-11-06,Z11,P4,0.0,0.0,12.4,22.5,76.9,76.9
2025-11-07,Z11,P4,0.0,0.0,7.6,1.7,33.5,33.5
2025-11-08,Z11,P4,0.0,0.0,6.1,0.1,27.4,27.4
2025-11-09,Z11,P4,0.0,0.0,4.3,0.0,21.2,21.2
2025-11-10,Z11,P4,0.0,0.0,4.8,1.3,27.1,37.0
2025-11-11,Z11,P4,0.0,0.0,5.3,1.9,28.4,28.4
2025-11-12,Z11,P4,0.0,0.0,5.3,1.9,27.3,27.9
2025-11-13,Z11,P4,20.0,0.0,3.5,0.1,24.5,24.5
2025-11-14,Z11,P4,0.0,0.0,2.8,0.1,24.4,24.4
2025-11-15,Z11,P4,0.0,0.0,1.7,0.0,20.5,20.5
2025-11-16,Z11,P4,0.0,0.0,1.0,0.0,20.2,20.2
2025-11-17,Z11,P4,0.0,0.0,1.7,0.1,25.3,25.3
2025-11-18,Z11,P4,0.0,0.0,1.9,0.1,20.4,20.4
2025-11-19,Z11,P4,0.0,0.0,1.9,0.1,20.4,20.4
2025-11-20,Z11,P4,0.0,20.0,1.3,0.0,19.4,20.3
2025-11-21,Z11,P4,0.0,0.0,1.2,0.0,15.6,17.1
2025-11-22,Z11,P4,0.0,0.0,1.4,0.0,14.7,17.0
2025-11-23,Z11,P4,0.0,0.0,0.9,0.0,13.4,13.4
2025-11-24,Z11,P4,0.0,0.0,1.9,0.1,19.4,23.0
2025-11-25,Z11,P4,0.0,0.0,1.9,0.1,19.8,23.0
2025-11-26,Z11,P4,0.0,0.0,1.9,0.1,19.8,22.9
2025-11-27,Z11,P4,0.0,0.0,1.1,0.0,35.0,35.0
2025-11-28,Z11,P4,0.0,0.0,1.4,0.1,19.8,22.4
2025-11-29,Z11,P4,0.0,0.0,1.0,0.1,27.1,27.1
2025-11-30,Z11,P4,0.0,0.0,1.1,0.0,24.5,27.8
2025-12-01,Z11,P4,0.0,0.0,1.9,0.1,19.8,23.2
2025-12-02,Z11,P4,0.0,0.0,1.9,0.1,19.5,23.2
2025-12-03,Z11,P4,0.0,0.0,1.9,0.1,19.5,23.1
2025-12-04,Z11,P4,0.0,0.0,1.7,0.0,21.3,33.7
2025-12-05,Z11,P4,0.0,0.0,0.6,0.1,19.5,22.5
2025-12-06,Z11,P4,0.0,0.0,0.2,0.1,18.4,18.4
2025-12-07,Z11,P4,0.0,0.0,0.3,0.0,18.0,18.0
2025-12-08,Z11,P4,0.0,0.0,1.2,0.1,20.6,23.1
2025-12-09,Z11,P4,0.0,0.0,1.3,0.1,19.7,23.9
2025-12-10,Z11,P4,0.0,0.0,2.4,0.1,19.9,27.4
2025-12-11,Z11,P4,0.0,0.0,0.5,0.2,22.6,29.6
2025-12-12,Z11,P4,0.0,0.0,0.2,0.1,19.6,28.0
2025-12-13,Z11,P4,0.0,0.0,0.2,0.1,18.4,18.7
2025-12-14,Z11,P4,0.0,0.0,0.3,0.0,18.1,18.1
2025-12-15,Z11,P4,0.0,0.0,0.8,0.1,26.7,26.7
2025-12-16,Z11,P4,0.0,0.0,0.9,0.1,22.1,22.1
2025-12-17,Z11,P4,0.0,0.0,1.0,0.1,24.6,26.4
2025-12-18,Z11,P4,0.0,0.0,0.6,0.1,19.7,21.3
2025-12-19,Z11,P4,0.0,0.0,0.2,0.1,19.6,20.8
2025-12-20,Z11,P4,0.0,0.0,12.3,10.3,24.0,24.0
2025-12-21,Z11,P4,0.0,0.0,13.4,10.2,27.7,27.7
2025-12-22,Z11,P4,0.0,0.0,14.0,36.5,36.5,36.5
2025-12-23,Z11,P4,0.0,0.0,14.0,36.5,36.5,36.5
2025-12-24,Z11,P4,0.0,0.0,14.3,36.5,36.5,36.5
2025-12-25,Z11,P4,0.0,0.0,14.6,36.5,36.5,36.5
2025-12-26,Z11,P4,0.0,0.0,14.4,36.5,36.5,36.5
2025-12-27,Z11,P4,0.0,0.0,13.7,10.2,26.1,26.1
2025-12-28,Z11,P4,0.0,0.0,22.6,11.6,25.7,25.7
2025-12-29,Z11,P4,0.0,0.0,13.1,34.6,34.6,34.6
2025-12-30,Z11,P4,0.0,0.0,13.7,34.6,34.6,34.6
2025-12-31,Z11,P4,0.0,0.0,16.0,35.4,35.4,35.4
2026-01-01,Z11,P4,0.0,0.0,12.2,35.8,35.8,35.8
2026-01-02,Z11,P4,0.0,0.0,12.1,35.8,35.8,35.8
2026-01-03,Z11,P4,0.0,0.0,12.3,11.6,11.6,14.9
2026-01-04,Z11,P4,0.0,0.0,12.3,11.6,11.6,14.9
2026-01-05,Z11,P4,0.0,0.0,0.2,1.1,1.1,19.8
2026-01-06,Z11,P4,0.0,0.0,0.2,1.1,1.1,19.8
2026-01-07,Z11,P4,0.0,0.0,0.2,1.1,1.1,19.7
2026-01-08,Z11,P4,0.0,0.0,0.2,1.1,5.0,15.0
2026-01-09,Z11,P4,0.0,0.0,0.1,1.1,1.1,15.0
2026-01-10,Z11,P4,0.0,0.0,0.1,1.4,1.4,7.1
2026-01-11,Z11,P4,0.0,0.0,0.1,1.4,1.8,2.3
2026-01-12,Z11,P4,0.0,0.0,0.2,1.1,1.1,10.3
2026-01-13,Z11,P4,0.0,0.0,0.2,1.1,1.1,10.3
2026-01-14,Z11,P4,0.0,0.0,0.2,1.1,1.1,10.2
2026-01-15,Z11,P4,0.0,0.0,0.2,1.1,1.1,10.1
2026-01-16,Z11,P4,0.0,0.0,0.1,1.1,1.1,10.1
2026-01-17,Z11,P4,0.0,0.0,0.1,1.5,1.5,7.2
2026-01-18,Z11,P4,0.0,0.0,0.1,1.4,1.9,4.3
2026-01-19,Z11,P4,0.0,0.0,0.2,1.1,1.1,12.3
2026-01-20,Z11,P4,0.0,0.0,0.2,1.1,1.1,12.9
2026-01-21,Z11,P4,0.0,0.0,0.2,1.1,1.1,12.8
2026-01-22,Z11,P4,0.0,0.0,0.2,1.1,1.1,12.9
2026-01-23,Z11,P4,0.0,0.0,0.1,1.1,1.1,12.9
2026-01-24,Z11,P4,0.0,0.0,0.1,1.5,5.4,5.4
2026-01-25,Z11,P4,0.0,0.0,0.1,1.4,1.9,2.3
2026-01-26,Z11,P4,0.0,0.0,0.2,1.1,1.1,11.7
2026-01-27,Z11,P4,0.0,0.0,0.2,1.1,1.1,11.7
2026-01-28,Z11,P4,0.0,0.0,0.2,1.1,1.1,11.6
2026-01-29,Z11,P4,0.0,0.0,0.2,1.1,1.1,11.6
2026-01-30,Z11,P4,0.0,0.0,0.1,1.1,1.1,11.7
2026-01-31,Z11,P4,0.0,0.0,0.1,1.5,6.5,14.1
2026-02-01,Z11,P4,0.0,0.0,0.1,0.0,1.0,1.4
2026-02-02,Z11,P4,0.0,0.0,0.2,0.0,0.0,10.9
2026-02-03,Z11,P4,0.0,0.0,0.2,0.0,0.0,10.9
2026-02-04,Z11,P4,0.0,0.0,0.2,0.0,0.1,10.8
2026-02-05,Z11,P4,0.0,0.0,0.2,0.0,0.1,10.7
2026-02-06,Z11,P4,0.0,0.0,0.1,0.0,0.2,10.7
2026-02-07,Z11,P4,0.0,0.0,0.1,0.1,0.7,1.4
2026-02-08,Z11,P4,0.0,0.0,0.1,0.0,1.2,1.4
2026-02-09,Z11,P4,0.0,0.0,0.2,0.0,0.8,11.7
2026-02-10,Z11,P4,0.0,0.0,0.2,0.0,1.3,11.7
2026-02-11,Z11,P4,0.0,0.0,0.2,0.0,2.7,11.7
2026-02-12,Z11,P4,0.0,0.0,0.2,0.0,0.2,11.6
2026-02-13,Z11,P4,0.0,0.0,0.1,0.0,0.1,11.2
2026-02-14,Z11,P4,0.0,0.0,0.1,0.1,0.7,1.5
2026-02-15,Z11,P4,0.0,0.0,0.1,0.0,1.7,3.0
2026-02-16,Z11,P4,0.0,0.0,0.2,0.0,6.2,13.3
2026-02-17,Z11,P4,0.0,0.0,0.2,0.0,4.6,13.3
2026-02-18,Z11,P4,0.0,0.0,0.2,0.0,4.6,13.2
2026-02-19,Z11,P4,0.0,0.0,0.2,0.0,0.9,12.7
2026-02-20,Z11,P4,0.0,0.0,0.1,0.0,0.1,11.0
2026-02-21,Z11,P4,0.0,0.0,0.1,0.0,0.2,0.7
2026-02-22,Z11,P4,0.0,0.0,0.1,0.0,0.9,0.9
2026-02-23,Z11,P4,0.0,0.0,0.2,0.0,0.2,13.5
2026-02-24,Z11,P4,0.0,0.0,0.2,0.0,0.1,13.5
2026-02-25,Z11,P4,0.0,0.0,0.2,0.0,1.3,11.4
2026-02-26,Z11,P4,0.0,0.0,0.2,0.0,1.3,11.4
2026-02-27,Z11,P4,0.0,0.0,0.1,0.0,1.2,11.4
2026-02-28,Z11,P4,0.0,0.0,0.1,0.0,5.4,12.9
2026-03-01,Z11,P4,0.0,0.0,0.1,0.0,0.9,1.2
2026-03-02,Z11,P4,0.0,0.0,0.2,0.0,0.0,11.1
2026-03-03,Z11,P4,0.0,0.0,0.2,0.0,0.2,11.1
2026-03-04,Z11,P4,0.0,0.0,0.2,0.0,0.2,11.0
2026-03-05,Z11,P4,0.0,0.0,0.2,0.0,0.2,11.0
2026-03-06,Z11,P4,40.16,0.0,0.1,0.0,0.2,11.0
2025-10-01,Z12,P1,1082.24,2039.18,1041.5,1016.1,1775.5,2025.0
2025-10-02,Z12,P1,768.85,1199.29,1077.8,1048.3,1618.4,1769.6
2025-10-03,Z12,P1,1319.54,819.29,943.6,963.2,1306.1,1426.4
2025-10-04,Z12,P1,230.56,409.3,402.3,412.1,693.8,736.6
2025-10-05,Z12,P1,227.35,115.4,276.9,239.6,485.1,554.6
2025-10-06,Z12,P1,853.6,1721.43,1042.7,1060.3,1701.4,1879.5
2025-10-07,Z12,P1,1144.02,1523.18,1116.4,1162.7,1754.4,1819.0
2025-10-08,Z12,P1,832.39,1082.24,1090.2,1146.7,1636.3,1697.4
2025-10-09,Z12,P1,1017.53,768.85,1005.4,987.7,1465.5,1517.5
2025-10-10,Z12,P1,1016.36,1319.54,1024.5,1004.8,1476.2,1523.2
2025-10-11,Z12,P1,317.7,230.56,386.6,391.7,680.0,746.1
2025-10-12,Z12,P1,180.78,227.35,253.5,248.8,438.4,543.0
2025-10-13,Z12,P1,938.82,853.6,1077.3,1042.8,1724.0,1737.5
2025-10-14,Z12,P1,1603.45,1144.02,1173.6,1188.2,1639.9,1744.1
2025-10-15,Z12,P1,1144.7,832.39,1049.9,1059.2,1506.2,1567.5
2025-10-16,Z12,P1,337.94,1017.53,1027.7,978.9,1425.8,1586.5
2025-10-17,Z12,P1,589.64,1016.36,1055.7,1073.8,1405.9,1578.1
2025-10-18,Z12,P1,335.09,317.7,405.1,395.0,652.9,757.6
2025-10-19,Z12,P1,304.85,180.78,255.2,240.0,446.8,536.9
2025-10-20,Z12,P1,1148.35,938.82,1097.6,1028.9,1645.9,1815.3
2025-10-21,Z12,P1,1180.81,1603.45,1152.3,1159.8,1864.7,1919.0
2025-10-22,Z12,P1,1068.88,1144.7,1160.8,1081.3,1650.7,1730.8
2025-10-23,Z12,P1,1203.68,337.94,799.9,763.3,1223.1,1341.4
2025-10-24,Z12,P1,733.38,589.64,987.1,927.4,1565.1,1669.5
2025-10-25,Z12,P1,589.01,335.09,395.2,366.4,633.0,672.7
2025-10-26,Z12,P1,296.76,304.85,265.1,242.7,449.6,544.4
2025-10-27,Z12,P1,1020.03,1148.35,1054.2,1006.7,1528.2,1662.9
2025-10-28,Z12,P1,1084.08,1180.81,1140.6,1174.3,1630.4,1749.1
2025-10-29,Z12,P1,641.83,1068.88,1009.4,986.5,1413.2,1633.8
2025-10-30,Z12,P1,1281.83,1203.68,987.7,910.1,1480.0,1632.2
2025-10-31,Z12,P1,994.5,733.38,895.2,858.5,1346.6,1437.3
2025-11-01,Z12,P1,265.89,589.01,406.0,426.6,700.7,756.6
2025-11-02,Z12,P1,648.74,296.76,273.8,243.7,494.0,592.1
2025-11-03,Z12,P1,908.92,1020.03,993.2,1005.7,1396.7,1494.2
2025-11-04,Z12,P1,1125.83,1084.08,1110.6,1102.9,1645.5,1792.9
2025-11-05,Z12,P1,923.59,641.83,883.0,866.4,1304.5,1394.1
2025-11-06,Z12,P1,512.14,1281.83,1078.1,1028.0,1549.6,1720.1
2025-11-07,Z12,P1,1023.39,994.5,956.0,861.5,1335.3,1491.9
2025-11-08,Z12,P1,236.57,265.89,381.3,372.0,673.1,728.8
2025-11-09,Z12,P1,250.04,648.74,347.3,376.0,564.7,631.6
2025-11-10,Z12,P1,542.74,908.92,953.2,932.0,1365.6,1575.4
2025-11-11,Z12,P1,910.48,1125.83,1091.1,1093.4,1667.8,1840.6
2025-11-12,Z12,P1,1303.87,923.59,956.6,894.5,1400.6,1594.4
2025-11-13,Z12,P1,1353.57,512.14,810.6,742.0,1308.7,1407.9
2025-11-14,Z12,P1,1197.25,1023.39,929.4,868.5,1306.8,1384.9
2025-11-15,Z12,P1,358.31,236.57,367.6,364.5,628.4,695.9
2025-11-16,Z12,P1,191.62,250.04,336.9,314.5,596.6,630.1
2025-11-17,Z12,P1,805.81,542.74,855.6,864.6,1237.7,1325.3
2025-11-18,Z12,P1,1231.59,910.48,963.0,986.8,1470.7,1671.8
2025-11-19,Z12,P1,1079.22,1303.87,1024.9,970.7,1539.4,1680.3
2025-11-20,Z12,P1,670.08,1353.57,1069.5,965.8,1567.7,1684.4
2025-11-21,Z12,P1,1247.74,1197.25,983.9,920.6,1405.4,1514.4
2025-11-22,Z12,P1,336.85,358.31,421.1,424.5,684.1,753.4
2025-11-23,Z12,P1,142.69,191.62,289.7,280.2,478.3,566.3
2025-11-24,Z12,P1,567.54,805.81,904.0,898.9,1380.5,1514.0
2025-11-25,Z12,P1,1289.33,1231.59,1019.3,993.6,1575.9,1774.4
2025-11-26,Z12,P1,1567.61,1079.22,970.0,996.4,1354.9,1468.1
2025-11-27,Z12,P1,907.91,670.08,881.4,822.3,1358.1,1374.2
2025-11-28,Z12,P1,1136.46,1247.74,1021.1,1007.4,1566.7,1701.1
2025-11-29,Z12,P1,386.5,336.85,342.2,330.8,604.5,692.6
2025-11-30,Z12,P1,296.82,142.69,325.1,298.9,538.1,626.6
2025-12-01,Z12,P1,966.14,567.54,816.1,799.8,1120.7,1209.2
2025-12-02,Z12,P1,1224.2,1289.33,1000.0,1023.4,1472.9,1536.5
2025-12-03,Z12,P1,1240.48,1567.61,1028.3,1068.0,1732.2,1767.8
2025-12-04,Z12,P1,604.02,907.91,904.5,867.6,1398.4,1511.4
2025-12-05,Z12,P1,794.16,1136.46,1010.3,990.5,1455.3,1610.6
2025-12-06,Z12,P1,300.8,386.5,365.9,347.2,621.3,676.2
2025-12-07,Z12,P1,265.62,296.82,282.4,248.4,465.4,568.3
2025-12-08,Z12,P1,1043.51,966.14,875.7,823.3,1303.8,1423.5
2025-12-09,Z12,P1,639.83,1224.2,1024.0,1099.1,1581.1,1811.0
2025-12-10,Z12,P1,988.54,1240.48,1038.7,1159.4,1684.5,1733.6
2025-12-11,Z12,P1,1515.39,604.02,826.3,787.1,1209.0,1297.6
2025-12-12,Z12,P1,1599.77,794.16,938.1,962.9,1449.0,1557.1
2025-12-13,Z12,P1,317.0,300.8,375.3,370.1,650.9,687.7
2025-12-14,Z12,P1,293.6,265.62,239.4,212.9,475.2,550.0
2025-12-15,Z12,P1,1147.57,1043.51,957.1,927.9,1385.4,1452.7
2025-12-16,Z12,P1,469.13,639.83,934.0,923.4,1442.3,1543.0
2025-12-17,Z12,P1,764.79,988.54,990.3,1016.6,1576.8,1742.5
2025-12-18,Z12,P1,750.93,1515.39,946.2,1001.0,1468.1,1486.3
2025-12-19,Z12,P1,921.0,1599.77,1033.8,985.8,1753.7,1923.9
2025-12-20,Z12,P1,684.59,317.0,333.4,325.8,551.1,653.1
2025-12-21,Z12,P1,603.74,293.6,221.1,166.0,399.3,511.6
2025-12-22,Z12,P1,633.61,1147.57,664.4,715.7,1167.4,1362.4
2025-12-23,Z12,P1,610.52,469.13,546.3,547.0,992.5,1233.6
2025-12-24,Z12,P1,800.89,764.79,405.9,591.2,1199.7,1324.7
2025-12-25,Z12,P1,212.26,750.93,501.5,591.0,1288.5,1341.4
2025-12-26,Z12,P1,577.38,921.0,570.4,690.5,1241.4,1450.2
2025-12-27,Z12,P1,431.41,684.59,335.2,352.0,663.4,720.3
2025-12-28,Z12,P1,374.32,603.74,349.3,378.4,532.0,613.4
2025-12-29,Z12,P1,523.73,633.61,678.1,689.4,1128.5,1219.8
2025-12-30,Z12,P1,525.31,610.52,575.6,564.2,992.6,1034.5
2025-12-31,Z12,P1,429.32,800.89,575.1,648.7,1051.9,1191.7
2026-01-01,Z12,P1,210.89,212.26,450.1,441.9,900.9,1133.6
2026-01-02,Z12,P1,605.37,577.38,631.7,675.9,1037.9,1213.0
2026-01-03,Z12,P1,276.01,431.41,334.5,348.1,613.8,678.2
2026-01-04,Z12,P1,433.36,374.32,306.9,249.2,504.1,580.1
2026-01-05,Z12,P1,975.73,523.73,846.1,846.3,1081.2,1196.8
2026-01-06,Z12,P1,154.93,525.31,758.1,744.0,999.4,1055.6
2026-01-08,Z12,P1,314.88,210.89,877.7,938.4,1244.1,1422.5
2026-01-09,Z12,P1,1058.66,605.37,856.5,880.1,1178.9,1241.7
2026-01-10,Z12,P1,324.32,276.01,406.4,398.7,651.1,701.6
2026-01-11,Z12,P1,307.01,433.36,329.2,325.9,507.8,610.3
2026-01-12,Z12,P1,719.44,975.73,911.1,886.0,1340.2,1437.9
2026-01-13,Z12,P1,1288.78,154.93,677.4,626.6,1004.1,1081.1
2026-01-15,Z12,P1,939.87,314.88,641.6,613.1,924.0,1042.5
2026-01-16,Z12,P1,1137.5,1058.66,825.4,782.4,1269.6,1378.7
2026-01-17,Z12,P1,481.19,324.32,428.4,392.7,671.4,727.9
2026-01-18,Z12,P1,286.27,307.01,343.5,362.2,572.9,670.0
2026-01-19,Z12,P1,1474.29,719.44,770.1,772.8,1138.3,1261.3
2026-01-20,Z12,P1,843.73,1288.78,869.0,886.4,1283.1,1468.0
2026-01-21,Z12,P1,762.16,1182.42,992.3,1104.3,1454.9,1600.0
2026-01-22,Z12,P1,568.87,939.87,798.0,833.2,1164.2,1292.4
2026-01-23,Z12,P1,1120.86,1137.5,914.9,923.2,1241.1,1355.1
2026-01-24,Z12,P1,629.41,481.19,412.1,442.8,614.2,688.0
2026-01-25,Z12,P1,467.26,286.27,288.8,295.7,492.7,554.2
2026-01-26,Z12,P1,1337.0,1474.29,1013.7,980.3,1502.2,1517.3
2026-01-27,Z12,P1,1909.16,843.73,915.5,877.3,1342.1,1364.5
2026-01-28,Z12,P1,1100.12,762.16,935.3,879.2,1381.7,1520.2
2026-01-29,Z12,P1,5021.1,568.87,777.2,749.7,1163.8,1171.3
2026-01-30,Z12,P1,2461.46,1120.86,973.9,979.7,1422.7,1574.6
2026-01-31,Z12,P1,1556.67,629.41,427.1,446.7,726.4,800.9
2026-02-01,Z12,P1,234.57,467.26,360.4,383.5,535.5,574.6
2026-02-02,Z12,P1,1092.7,1337.0,1054.5,1027.3,1575.1,1575.1
2026-02-03,Z12,P1,880.62,1909.16,989.4,1051.4,1817.8,1957.7
2026-02-04,Z12,P1,1124.91,1100.12,1041.2,994.2,1515.0,1649.7
2026-02-05,Z12,P1,689.67,5021.1,1797.2,1448.8,3793.7,4201.8
2026-02-06,Z12,P1,665.41,2461.46,1616.7,1478.4,3060.3,3455.0
2026-02-07,Z12,P1,881.87,1556.67,782.6,734.9,1570.1,1964.2
2026-02-08,Z12,P1,669.42,234.57,320.6,295.7,646.0,1153.8
2026-02-09,Z12,P1,1087.81,1092.7,1228.7,1242.3,1853.1,2437.9
2026-02-10,Z12,P1,1129.54,880.62,1183.0,1063.5,1855.3,2342.0
2026-02-11,Z12,P1,1168.39,1124.91,1135.1,1098.7,1630.8,2296.0
2026-02-12,Z12,P1,1568.09,689.67,1070.1,995.0,2506.3,2848.2
2026-02-13,Z12,P1,1089.18,665.41,1089.0,1022.2,2010.9,2447.3
2026-02-14,Z12,P1,337.63,881.87,805.0,707.5,1329.3,1779.4
2026-02-15,Z12,P1,330.47,669.42,441.0,435.6,732.4,1264.6
2026-02-16,Z12,P1,835.91,1087.81,1202.2,1122.6,1836.3,2462.3
2026-02-17,Z12,P1,836.94,1129.54,1161.9,1104.6,1721.9,2296.0
2026-02-18,Z12,P1,1141.37,1168.39,1118.8,1105.4,1592.8,2221.8
2026-02-19,Z12,P1,1308.64,1568.09,1321.1,1270.5,2293.8,2996.8
2026-02-20,Z12,P1,1112.0,1089.18,1249.1,1187.7,1822.0,2487.0
2026-02-21,Z12,P1,210.24,337.63,734.4,626.5,1264.1,1811.5
2026-02-22,Z12,P1,475.3,330.47,387.9,396.2,703.0,1235.3
2026-02-23,Z12,P1,1418.14,835.91,1076.6,1045.4,1576.2,2288.5
2026-02-24,Z12,P1,1205.72,836.94,1122.6,1153.7,1664.9,2333.8
2026-02-25,Z12,P1,1853.4,1141.37,1114.7,1111.5,1614.1,2342.3
2026-02-26,Z12,P1,1331.61,1308.64,1470.2,1936.8,2186.2,2985.4
2026-02-27,Z12,P1,1539.02,1112.0,1183.7,1260.7,1963.1,2684.9
2026-02-28,Z12,P1,337.69,210.24,536.2,620.0,1029.0,1643.4
2026-03-01,Z12,P1,452.12,475.3,402.6,370.0,673.2,1238.7
2026-03-02,Z12,P1,1501.97,1418.14,1209.2,1125.1,1776.2,2349.8
2026-03-03,Z12,P1,624.09,1205.72,1101.9,1028.1,1555.4,2286.9
2026-03-04,Z12,P1,1749.29,1853.4,1462.5,1394.6,2153.0,2829.6
2026-03-05,Z12,P1,1335.33,1331.61,1295.9,1232.6,1908.8,2282.1
2026-03-06,Z12,P1,1347.07,1539.02,1194.6,1206.6,1927.0,2216.4
2026-03-07,Z12,P1,896.48,337.69,432.1,414.7,858.2,1221.2
2026-03-08,Z12,P1,179.02,452.12,424.2,446.0,799.4,1208.6
2026-03-09,Z12,P1,1371.71,1501.97,1284.7,1224.0,1919.8,2156.5
2026-03-10,Z12,P1,1100.28,624.09,1079.7,1035.8,1606.0,2004.0
2026-03-11,Z12,P1,941.53,1749.29,1484.9,1476.8,2149.0,2708.6
2026-03-12,Z12,P1,1498.87,1335.33,1365.1,1321.1,2034.8,2393.7
2026-03-13,Z12,P1,1190.18,1347.07,1423.8,1413.0,1974.4,2274.3
2026-03-14,Z12,P1,594.9,896.48,503.6,557.1,967.1,1423.2
2026-03-15,Z12,P1,169.33,179.02,337.5,335.3,672.7,1109.3
2026-03-16,Z12,P1,1522.11,1371.71,1457.2,1438.7,2000.4,2419.8
2026-03-17,Z12,P1,1077.88,1100.28,1179.0,1096.5,1596.6,2094.1
2026-03-18,Z12,P1,1866.49,941.53,1366.6,1263.1,1947.2,2488.0
2026-03-19,Z12,P1,704.51,1498.87,1370.4,1311.0,2011.9,2388.1
2026-03-20,Z12,P1,1339.88,1190.18,1381.5,1354.7,1863.5,2373.4
2026-03-21,Z12,P1,926.81,594.9,540.7,636.0,1008.1,1363.5
2026-03-22,Z12,P1,348.97,169.33,354.2,350.8,645.4,1124.2
2026-03-23,Z12,P1,1665.6,1522.11,1504.4,1462.5,2112.7,2477.5
2026-03-24,Z12,P1,1748.4,1077.88,1296.3,1304.9,1857.2,2307.3
2026-03-25,Z12,P1,1289.11,1866.49,1525.1,1394.8,2216.7,2767.0
2026-03-26,Z12,P1,1101.18,704.51,1396.6,1343.1,2044.6,2425.4
2026-03-27,Z12,P1,1576.23,1339.88,1488.3,1405.6,2127.2,2497.7
2026-03-28,Z12,P1,774.73,926.81,782.7,821.7,1295.7,1898.5
2026-03-29,Z12,P1,152.84,348.97,356.5,344.7,627.2,1111.6
2026-03-30,Z12,P1,1462.69,1665.6,1490.9,1455.4,2226.7,2764.1
2026-03-31,Z12,P1,1026.65,1748.4,1491.6,1322.2,2013.9,2577.9
2026-04-01,Z12,P1,1685.13,1289.11,1472.6,1493.2,2158.5,2475.0
2026-04-02,Z12,P1,1871.2,1101.18,1227.6,1140.2,1644.2,1882.6
2026-04-03,Z12,P1,901.04,1576.23,1320.0,1312.9,1840.7,1868.1
2026-04-04,Z12,P1,380.76,774.73,800.3,799.9,1114.0,1129.5
2026-04-05,Z12,P1,341.83,152.84,250.1,241.2,527.4,573.0
2026-04-06,Z12,P1,482.03,1462.69,1395.6,1446.6,1943.0,2018.4
2026-04-07,Z12,P1,2166.2,1026.65,1290.9,1293.2,1801.1,1858.6
2026-04-08,Z12,P1,1435.05,1685.13,1406.7,1407.0,1963.8,2048.3
2026-04-09,Z12,P1,1465.2,1871.2,1334.5,1282.7,1964.0,2112.6
2026-04-10,Z12,P1,1212.68,901.04,1286.1,1232.5,1677.9,1859.9
2026-04-11,Z12,P1,364.46,380.76,605.5,567.8,966.1,988.1
2026-04-12,Z12,P1,610.18,341.83,269.9,255.3,502.2,560.8
2026-04-13,Z12,P1,1434.15,482.03,1192.2,1063.0,1696.0,1841.6
2026-04-14,Z12,P1,1498.8,2166.2,1384.7,1354.5,2143.2,2278.0
2026-04-15,Z12,P1,1173.38,1435.05,1390.9,1431.4,2073.0,2084.2
2026-04-16,Z12,P1,1661.34,1465.2,1396.7,1385.9,1978.0,1978.0
2026-04-17,Z12,P1,1576.22,1212.68,1235.8,1201.8,1685.9,1974.5
2026-04-18,Z12,P1,408.49,364.46,524.0,518.7,863.2,931.5
2026-04-19,Z12,P1,325.98,610.18,385.0,424.8,652.2,694.7
2026-04-20,Z12,P1,1812.87,1434.15,1219.1,1230.4,1813.9,2042.1
2026-04-21,Z12,P1,1390.33,1498.8,1420.5,1500.4,2085.6,2085.6
2026-04-22,Z12,P1,1401.9,1173.38,1389.2,1422.2,1769.3,1973.1
2026-04-23,Z12,P1,1711.47,1661.34,1429.7,1467.8,2066.7,2128.6
2026-04-24,Z12,P1,1551.88,1576.22,1292.9,1303.7,1920.7,2074.1
2026-04-25,Z12,P1,433.01,408.49,384.6,382.3,785.2,810.9
2026-04-26,Z12,P1,224.26,325.98,362.5,307.5,621.7,704.1
2026-04-27,Z12,P1,468.33,1812.87,1219.9,1265.4,2066.0,2195.2
2026-04-28,Z12,P1,985.04,1390.33,1253.9,1346.8,1875.0,1997.0
2026-04-29,Z12,P1,847.43,1401.9,1235.7,1341.0,1841.8,2060.4
2026-04-30,Z12,P1,1504.84,1711.47,1305.0,1395.4,2200.1,2265.7
2025-10-01,Z12,P2,107.24,269.35,191.4,198.0,326.9,347.9
2025-10-02,Z12,P2,319.31,217.78,201.6,212.9,318.7,349.9
2025-10-03,Z12,P2,229.84,281.65,230.6,222.5,357.0,383.1
2025-10-04,Z12,P2,113.63,214.81,227.3,239.2,322.2,370.6
2025-10-05,Z12,P2,103.58,209.56,225.2,244.4,291.6,332.1
2025-10-06,Z12,P2,125.07,222.9,209.1,225.8,333.8,367.5
2025-10-07,Z12,P2,144.52,289.07,204.8,220.4,317.5,346.4
2025-10-08,Z12,P2,215.79,107.24,213.3,235.2,288.3,336.7
2025-10-09,Z12,P2,217.55,319.31,210.8,227.9,310.3,360.2
2025-10-10,Z12,P2,371.52,229.84,227.4,241.6,356.7,370.0
2025-10-11,Z12,P2,142.97,113.63,232.6,241.1,330.2,348.3
2025-10-12,Z12,P2,317.17,103.58,187.0,202.7,273.6,333.2
2025-10-13,Z12,P2,212.85,125.07,193.5,199.2,309.5,356.7
2025-10-14,Z12,P2,193.93,144.52,196.1,200.4,299.6,357.3
2025-10-15,Z12,P2,154.04,215.79,194.4,193.9,300.1,338.8
2025-10-16,Z12,P2,177.62,217.55,219.4,234.6,359.4,379.9
2025-10-17,Z12,P2,185.48,371.52,235.2,224.1,342.4,381.7
2025-10-18,Z12,P2,265.54,142.97,204.0,201.7,295.3,319.6
2025-10-19,Z12,P2,60.13,317.17,198.7,218.2,277.2,331.1
2025-10-20,Z12,P2,174.29,212.85,204.3,209.7,292.5,320.5
2025-10-21,Z12,P2,218.3,193.93,213.7,209.0,313.1,360.0
2025-10-22,Z12,P2,277.26,154.04,210.1,195.2,304.8,356.7
2025-10-23,Z12,P2,187.39,177.62,214.0,218.4,315.4,366.7
2025-10-24,Z12,P2,246.57,185.48,222.2,239.5,323.5,339.5
2025-10-25,Z12,P2,95.87,265.54,206.0,201.5,305.3,353.7
2025-10-26,Z12,P2,219.43,60.13,182.1,197.0,252.0,293.5
2025-10-27,Z12,P2,120.73,174.29,180.9,189.2,297.9,339.0
2025-10-28,Z12,P2,242.74,218.3,179.7,190.2,300.5,346.7
2025-10-29,Z12,P2,305.84,277.26,182.9,193.1,298.4,335.1
2025-10-30,Z12,P2,167.49,187.39,193.7,203.8,305.4,344.5
2025-10-31,Z12,P2,273.32,246.57,223.9,220.2,377.2,407.1
2025-11-01,Z12,P2,278.55,95.87,193.5,190.8,319.5,347.1
2025-11-02,Z12,P2,157.59,219.43,181.3,198.3,295.7,319.9
2025-11-03,Z12,P2,229.64,120.73,181.1,187.6,302.2,331.1
2025-11-04,Z12,P2,404.91,242.74,184.3,192.9,303.3,342.1
2025-11-05,Z12,P2,266.14,305.84,198.4,216.0,342.5,372.1
2025-11-06,Z12,P2,274.29,167.49,188.9,194.4,317.1,349.0
2025-11-07,Z12,P2,307.55,273.32,220.2,225.9,344.7,374.4
2025-11-08,Z12,P2,144.56,278.55,201.7,210.7,317.6,342.0
2025-11-09,Z12,P2,229.89,157.59,181.2,188.6,262.8,301.6
2025-11-10,Z12,P2,178.92,229.64,178.6,184.3,313.6,349.1
2025-11-11,Z12,P2,139.37,404.91,213.6,214.4,334.2,361.2
2025-11-12,Z12,P2,311.93,266.14,202.1,210.2,323.9,335.4
2025-11-13,Z12,P2,35.4,274.29,211.9,217.1,343.3,366.4
2025-11-14,Z12,P2,307.78,307.55,220.4,224.4,360.8,388.0
2025-11-15,Z12,P2,113.59,144.56,218.4,205.8,307.7,353.4
2025-11-16,Z12,P2,176.46,229.89,201.9,216.3,277.2,304.9
2025-11-17,Z12,P2,46.62,178.92,195.9,196.4,299.3,347.5
2025-11-18,Z12,P2,88.51,139.37,200.1,209.5,343.6,364.1
2025-11-19,Z12,P2,119.11,311.93,217.5,223.0,364.6,382.1
2025-11-20,Z12,P2,77.65,35.4,188.8,188.7,286.3,323.5
2025-11-21,Z12,P2,192.44,307.78,232.8,230.5,381.0,394.3
2025-11-22,Z12,P2,161.78,113.59,196.0,194.9,306.4,340.0
2025-11-23,Z12,P2,234.98,176.46,202.5,208.1,289.4,320.8
2025-11-24,Z12,P2,151.82,46.62,175.7,178.2,293.5,322.9
2025-11-25,Z12,P2,216.98,88.51,183.6,190.3,308.9,357.3
2025-11-26,Z12,P2,206.28,119.11,200.4,204.4,309.0,349.1
2025-11-27,Z12,P2,166.85,77.65,178.3,182.9,330.3,330.3
2025-11-28,Z12,P2,316.68,192.44,213.4,215.9,357.9,371.6
2025-11-29,Z12,P2,161.05,161.78,187.8,193.6,280.9,319.4
2025-11-30,Z12,P2,61.42,234.98,169.1,178.8,261.3,315.6
2025-12-01,Z12,P2,108.07,151.82,169.3,177.3,293.7,337.0
2025-12-02,Z12,P2,218.07,216.98,191.6,200.7,301.4,340.9
2025-12-03,Z12,P2,113.16,206.28,196.1,200.5,335.9,360.6
2025-12-04,Z12,P2,62.08,166.85,172.5,193.6,295.1,336.2
2025-12-05,Z12,P2,151.4,316.68,218.9,228.5,379.5,389.5
2025-12-06,Z12,P2,213.14,161.05,180.8,171.2,281.8,325.2
2025-12-07,Z12,P2,94.81,61.42,178.0,174.6,273.0,312.0
2025-12-08,Z12,P2,18.4,108.07,161.8,140.7,266.6,308.7
2025-12-09,Z12,P2,114.47,218.07,158.3,156.4,259.2,298.0
2025-12-10,Z12,P2,50.75,113.16,178.1,183.0,300.9,313.5
2025-12-11,Z12,P2,142.58,62.08,149.6,141.4,242.8,283.4
2025-12-12,Z12,P2,178.86,151.4,191.1,197.1,310.5,318.4
2025-12-13,Z12,P2,135.31,213.14,180.8,180.1,286.7,308.5
2025-12-14,Z12,P2,133.1,94.81,146.3,155.4,234.1,255.6
2025-12-15,Z12,P2,230.14,18.4,142.7,139.0,241.5,265.3
2025-12-16,Z12,P2,144.13,114.47,157.6,150.5,257.2,285.9
2025-12-17,Z12,P2,135.34,50.75,146.2,134.9,246.6,277.6
2025-12-18,Z12,P2,141.08,142.58,142.3,132.9,248.7,276.5
2025-12-19,Z12,P2,222.65,178.86,177.4,160.9,296.4,345.7
2025-12-20,Z12,P2,137.69,135.31,136.4,122.8,236.0,278.6
2025-12-21,Z12,P2,86.48,133.1,118.2,115.1,189.0,231.7
2025-12-22,Z12,P2,62.11,230.14,128.5,128.6,260.7,280.9
2025-12-23,Z12,P2,200.47,144.13,141.5,135.0,261.3,274.2
2025-12-24,Z12,P2,191.55,135.34,117.9,121.1,233.4,282.3
2025-12-25,Z12,P2,124.42,141.08,125.7,133.1,224.7,267.8
2025-12-26,Z12,P2,85.22,222.65,163.7,162.6,265.2,282.8
2025-12-27,Z12,P2,109.31,137.69,143.1,139.3,214.8,261.0
2025-12-28,Z12,P2,145.9,86.48,115.0,112.7,174.8,233.5
2025-12-29,Z12,P2,196.35,62.11,141.8,124.2,249.7,250.2
2025-12-30,Z12,P2,178.23,200.47,157.7,137.9,265.6,273.0
2025-12-31,Z12,P2,265.63,191.55,127.4,116.7,210.9,247.3
2026-01-01,Z12,P2,12.01,124.42,118.7,121.4,202.7,274.4
2026-01-02,Z12,P2,213.79,85.22,116.8,122.5,169.0,245.3
2026-01-03,Z12,P2,164.88,109.31,107.2,113.6,154.2,240.3
2026-01-04,Z12,P2,106.49,145.9,92.5,100.5,221.0,221.0
2026-01-05,Z12,P2,48.15,196.35,132.4,113.0,221.6,238.4
2026-01-06,Z12,P2,0.0,178.23,131.2,120.3,253.5,274.3
2026-01-08,Z12,P2,68.95,12.01,139.9,150.8,220.9,254.9
2026-01-09,Z12,P2,92.77,213.79,175.0,170.8,280.8,283.1
2026-01-10,Z12,P2,170.23,164.88,150.1,147.1,236.2,290.6
2026-01-11,Z12,P2,260.38,106.49,122.1,121.4,201.4,244.3
2026-01-12,Z12,P2,104.6,48.15,144.8,133.4,227.3,241.8
2026-01-13,Z12,P2,186.06,0.0,140.7,133.6,232.3,262.4
2026-01-15,Z12,P2,227.67,68.95,138.8,132.7,223.4,235.0
2026-01-16,Z12,P2,198.95,92.77,164.2,159.4,283.5,302.7
2026-01-17,Z12,P2,154.75,170.23,152.0,140.5,249.7,272.1
2026-01-18,Z12,P2,143.51,260.38,131.4,131.5,226.9,241.8
2026-01-19,Z12,P2,139.38,104.6,146.3,136.5,239.1,248.7
2026-01-20,Z12,P2,172.12,186.06,155.2,141.0,271.8,271.8
2026-01-21,Z12,P2,113.41,146.0,151.7,150.2,327.1,340.1
2026-01-22,Z12,P2,273.46,227.67,146.6,139.0,240.7,277.8
2026-01-23,Z12,P2,69.64,198.95,166.9,158.0,269.8,283.9
2026-01-24,Z12,P2,119.83,154.75,158.4,146.5,268.2,281.3
2026-01-25,Z12,P2,126.44,143.51,122.4,119.4,218.1,257.9
2026-01-26,Z12,P2,177.17,139.38,143.6,139.6,248.1,275.4
2026-01-27,Z12,P2,87.35,172.12,148.3,132.4,239.8,266.1
2026-01-28,Z12,P2,179.21,113.41,148.8,145.1,316.1,330.1
2026-01-29,Z12,P2,290.4,273.46,150.8,152.1,259.5,285.8
2026-01-30,Z12,P2,209.29,69.64,162.1,154.6,267.1,297.1
2026-01-31,Z12,P2,65.52,119.83,167.4,156.6,266.7,288.4
2026-02-01,Z12,P2,29.54,126.44,144.3,135.4,254.6,268.5
2026-02-02,Z12,P2,262.43,177.17,129.7,127.1,219.9,253.2
2026-02-03,Z12,P2,259.81,87.35,139.5,134.4,237.2,266.7
2026-02-04,Z12,P2,308.13,179.21,133.1,130.3,223.5,265.0
2026-02-05,Z12,P2,175.03,290.4,164.5,161.1,294.9,300.0
2026-02-06,Z12,P2,183.01,209.29,164.5,161.0,251.1,256.3
2026-02-07,Z12,P2,248.11,65.52,151.1,138.6,232.3,240.3
2026-02-08,Z12,P2,234.51,29.54,144.7,124.2,221.1,267.2
2026-02-09,Z12,P2,130.87,262.43,152.2,156.4,274.1,288.8
2026-02-10,Z12,P2,133.98,259.81,153.4,152.1,281.9,289.9
2026-02-11,Z12,P2,198.71,308.13,159.7,158.3,275.9,325.5
2026-02-12,Z12,P2,123.32,175.03,163.2,157.8,305.8,315.8
2026-02-13,Z12,P2,80.41,183.01,163.8,153.9,283.2,321.2
2026-02-14,Z12,P2,107.93,248.11,157.6,145.5,270.3,298.0
2026-02-15,Z12,P2,182.98,234.51,139.8,136.5,216.3,241.5
2026-02-16,Z12,P2,117.74,130.87,160.1,159.7,260.8,286.9
2026-02-17,Z12,P2,58.0,133.98,163.7,159.2,272.0,299.6
2026-02-18,Z12,P2,205.64,198.71,174.2,169.2,282.0,291.4
2026-02-19,Z12,P2,96.31,123.32,171.8,174.1,274.0,309.6
2026-02-20,Z12,P2,254.09,80.41,174.3,171.0,277.5,292.6
2026-02-21,Z12,P2,41.6,107.93,183.8,178.7,262.6,316.1
2026-02-22,Z12,P2,128.48,182.98,168.9,154.7,239.2,300.3
2026-02-23,Z12,P2,136.96,117.74,161.6,169.2,255.7,294.9
2026-02-24,Z12,P2,143.05,58.0,165.7,171.6,267.4,307.9
2026-02-25,Z12,P2,168.25,205.64,181.6,187.2,314.5,338.3
2026-02-26,Z12,P2,339.8,96.31,167.0,170.6,254.7,297.9
2026-02-27,Z12,P2,133.52,254.09,190.6,187.9,310.9,338.6
2026-02-28,Z12,P2,206.48,41.6,159.3,166.7,249.6,272.3
2026-03-01,Z12,P2,443.9,128.48,147.2,149.7,244.5,276.3
2026-03-02,Z12,P2,164.4,136.96,158.4,163.4,255.0,286.8
2026-03-03,Z12,P2,64.8,143.05,171.8,168.5,266.8,298.6
2026-03-04,Z12,P2,82.6,168.25,183.7,188.3,310.0,334.9
2026-03-05,Z12,P2,131.5,339.8,177.2,172.6,290.4,350.6
2026-03-06,Z12,P2,294.01,133.52,186.7,179.6,291.3,336.1
2026-03-07,Z12,P2,149.64,206.48,171.3,167.8,268.6,301.1
2026-03-08,Z12,P2,330.86,443.9,192.5,190.2,348.3,414.1
2026-03-09,Z12,P2,254.18,164.4,161.0,161.7,253.7,290.3
2026-03-10,Z12,P2,127.93,64.8,181.2,169.8,287.4,317.7
2026-03-11,Z12,P2,61.88,82.6,178.5,169.5,285.4,324.5
2026-03-12,Z12,P2,120.04,131.5,171.1,172.4,292.8,319.8
2026-03-13,Z12,P2,136.15,294.01,180.7,177.5,290.6,304.3
2026-03-14,Z12,P2,277.92,149.64,178.7,161.5,251.0,305.4
2026-03-15,Z12,P2,142.14,330.86,190.2,185.1,365.5,417.6
2026-03-16,Z12,P2,44.35,254.18,173.9,170.0,285.7,328.4
2026-03-17,Z12,P2,162.78,127.93,184.3,183.8,259.6,295.9
2026-03-18,Z12,P2,66.12,61.88,183.7,175.0,287.5,313.8
2026-03-19,Z12,P2,192.13,120.04,177.8,177.3,287.4,327.3
2026-03-20,Z12,P2,192.26,136.15,196.0,183.6,296.6,335.5
2026-03-21,Z12,P2,124.35,277.92,190.9,171.4,298.8,337.6
2026-03-22,Z12,P2,107.36,142.14,178.1,177.6,305.6,347.9
2026-03-23,Z12,P2,266.11,44.35,175.5,179.5,293.1,346.5
2026-03-24,Z12,P2,81.51,162.78,172.4,163.1,266.0,308.4
2026-03-25,Z12,P2,201.49,66.12,170.4,158.6,285.7,320.0
2026-03-26,Z12,P2,54.7,192.13,192.1,188.2,329.5,352.6
2026-03-27,Z12,P2,182.21,192.26,201.3,185.8,313.5,345.1
2026-03-28,Z12,P2,168.82,124.35,202.7,185.5,299.3,331.7
2026-03-29,Z12,P2,189.77,107.36,198.0,177.7,305.3,346.1
2026-03-30,Z12,P2,83.34,266.11,187.1,176.2,322.0,361.7
2026-03-31,Z12,P2,44.63,81.51,183.5,174.9,297.1,331.8
2026-04-01,Z12,P2,141.19,201.49,179.5,169.8,283.5,327.9
2026-04-02,Z12,P2,6.08,54.7,177.9,173.9,290.9,326.2
2026-04-03,Z12,P2,172.3,182.21,211.6,200.3,353.9,366.0
2026-04-04,Z12,P2,174.1,168.82,200.8,175.1,306.4,335.5
2026-04-05,Z12,P2,91.65,189.77,172.5,174.3,264.0,295.0
2026-04-06,Z12,P2,77.42,83.34,175.0,170.1,269.7,323.0
2026-04-07,Z12,P2,285.31,44.63,160.1,157.2,241.2,269.9
2026-04-08,Z12,P2,54.58,141.19,167.5,158.9,260.7,291.3
2026-04-09,Z12,P2,208.12,6.08,157.7,157.4,245.6,280.5
2026-04-10,Z12,P2,153.81,172.3,176.7,169.4,275.4,313.0
2026-04-11,Z12,P2,42.61,174.1,185.2,179.0,298.0,337.0
2026-04-12,Z12,P2,130.2,91.65,136.8,120.7,219.9,271.8
2026-04-13,Z12,P2,124.14,77.42,147.3,134.0,244.8,291.3
2026-04-14,Z12,P2,107.43,285.31,145.1,128.0,258.7,302.5
2026-04-15,Z12,P2,209.8,54.58,147.3,141.2,248.0,288.4
2026-04-16,Z12,P2,85.98,208.12,158.4,141.0,262.5,278.2
2026-04-17,Z12,P2,153.61,153.81,185.2,183.3,307.8,340.9
2026-04-18,Z12,P2,186.34,42.61,159.1,149.9,262.9,294.5
2026-04-19,Z12,P2,182.02,130.2,126.5,119.7,233.6,249.7
2026-04-20,Z12,P2,77.11,124.14,155.1,141.3,270.2,319.5
2026-04-21,Z12,P2,197.02,107.43,147.2,146.4,250.7,292.3
2026-04-22,Z12,P2,137.67,209.8,160.1,143.2,273.8,313.5
2026-04-23,Z12,P2,126.36,85.98,149.5,141.6,256.5,285.5
2026-04-24,Z12,P2,285.29,153.61,168.2,149.8,283.6,323.3
2026-04-25,Z12,P2,325.79,186.34,155.0,139.7,270.1,294.4
2026-04-26,Z12,P2,254.28,182.02,147.7,116.4,261.3,318.0
2026-04-27,Z12,P2,169.58,77.11,125.4,105.3,240.1,284.2
2026-04-28,Z12,P2,297.14,197.02,130.1,112.2,245.0,283.6
2026-04-29,Z12,P2,193.49,137.67,136.0,129.0,249.1,297.7
2026-04-30,Z12,P2,87.68,126.36,141.6,114.7,238.5,268.1
2025-10-01,Z12,P3,1031.36,844.4,788.9,811.8,1083.3,1170.9
2025-10-02,Z12,P3,588.59,759.06,804.7,782.7,1119.2,1192.7
2025-10-03,Z12,P3,809.4,795.9,738.9,739.8,1024.7,1110.3
2025-10-04,Z12,P3,559.99,680.19,632.9,615.0,860.6,914.8
2025-10-05,Z12,P3,583.44,684.08,648.1,648.5,847.7,949.9
2025-10-06,Z12,P3,752.55,754.71,812.2,792.1,1109.9,1135.5
2025-10-07,Z12,P3,682.39,829.19,851.8,860.3,1131.4,1213.4
2025-10-08,Z12,P3,657.21,1031.36,810.8,797.9,1123.0,1213.5
2025-10-09,Z12,P3,908.73,588.59,761.2,768.0,1074.9,1119.0
2025-10-10,Z12,P3,919.1,809.4,777.0,765.1,1003.3,1046.4
2025-10-11,Z12,P3,735.04,559.99,668.8,674.2,871.0,927.8
2025-10-12,Z12,P3,636.8,583.44,668.0,693.1,846.4,875.9
2025-10-13,Z12,P3,703.49,752.55,818.7,809.7,1153.0,1233.8
2025-10-14,Z12,P3,638.75,682.39,809.8,807.6,1206.0,1274.8
2025-10-15,Z12,P3,565.13,657.21,787.7,786.1,1076.7,1116.8
2025-10-16,Z12,P3,639.57,908.73,789.7,786.1,1085.6,1204.3
2025-10-17,Z12,P3,706.18,919.1,802.0,791.7,1109.5,1168.1
2025-10-18,Z12,P3,463.43,735.04,630.0,632.3,838.4,979.5
2025-10-19,Z12,P3,782.04,636.8,646.0,640.1,820.1,905.0
2025-10-20,Z12,P3,978.27,703.49,771.2,794.9,1065.6,1098.0
2025-10-21,Z12,P3,828.55,638.75,763.2,781.6,1036.6,1091.7
2025-10-22,Z12,P3,614.62,565.13,758.3,760.7,1077.8,1128.0
2025-10-23,Z12,P3,965.08,639.57,729.2,715.7,967.2,973.1
2025-10-24,Z12,P3,941.85,706.18,760.4,770.7,1039.6,1079.7
2025-10-25,Z12,P3,864.62,463.43,597.3,606.9,835.0,874.1
2025-10-26,Z12,P3,789.87,782.04,666.0,653.8,857.8,932.5
2025-10-27,Z12,P3,1039.89,978.27,784.7,784.0,1073.3,1169.4
2025-10-28,Z12,P3,758.36,828.55,753.6,765.1,1011.1,1040.6
2025-10-29,Z12,P3,930.84,614.62,706.5,735.7,917.5,971.0
2025-10-30,Z12,P3,850.09,965.08,777.7,771.1,1049.2,1214.2
2025-10-31,Z12,P3,828.17,941.85,817.4,827.4,1128.6,1240.9
2025-11-01,Z12,P3,530.0,864.62,664.1,635.9,924.0,1009.5
2025-11-02,Z12,P3,592.09,789.87,679.2,685.2,877.6,976.5
2025-11-03,Z12,P3,907.26,1039.89,821.9,819.3,1163.2,1193.4
2025-11-04,Z12,P3,970.91,758.36,756.5,748.7,976.6,1049.8
2025-11-05,Z12,P3,1015.6,930.84,729.8,728.7,1034.4,1112.8
2025-11-06,Z12,P3,655.31,850.09,793.5,813.0,1032.3,1111.8
2025-11-07,Z12,P3,1029.01,828.17,804.8,832.3,1058.9,1117.3
2025-11-08,Z12,P3,576.78,530.0,672.0,666.4,906.7,906.7
2025-11-09,Z12,P3,840.15,592.09,640.5,674.4,842.7,942.1
2025-11-10,Z12,P3,484.42,907.26,821.8,852.7,1130.6,1223.3
2025-11-11,Z12,P3,930.41,970.91,782.6,793.2,1061.5,1185.4
2025-11-12,Z12,P3,788.98,1015.6,795.7,820.3,1054.0,1139.9
2025-11-13,Z12,P3,848.23,655.31,760.6,772.2,1025.3,1117.4
2025-11-14,Z12,P3,579.99,1029.01,840.4,808.2,1165.2,1212.2
2025-11-15,Z12,P3,648.55,576.78,626.3,605.2,820.8,905.2
2025-11-16,Z12,P3,614.32,840.15,686.3,693.8,883.2,965.6
2025-11-17,Z12,P3,557.3,484.42,781.2,772.0,1183.0,1218.3
2025-11-18,Z12,P3,837.79,930.41,826.1,853.0,1244.2,1267.8
2025-11-19,Z12,P3,864.74,788.98,824.1,839.5,1071.5,1153.9
2025-11-20,Z12,P3,850.15,848.23,800.0,806.8,1051.6,1106.0
2025-11-21,Z12,P3,1031.01,579.99,803.7,805.9,1016.1,1084.6
2025-11-22,Z12,P3,811.69,648.55,685.6,674.2,869.4,899.4
2025-11-23,Z12,P3,559.39,614.32,659.2,674.9,856.2,911.0
2025-11-24,Z12,P3,915.04,557.3,719.3,761.7,890.3,1004.7
2025-11-25,Z12,P3,872.79,837.79,803.8,831.5,1076.8,1122.6
2025-11-26,Z12,P3,1503.88,864.74,825.0,831.1,1145.5,1241.2
2025-11-27,Z12,P3,749.05,850.15,787.5,767.0,1016.7,1089.3
2025-11-28,Z12,P3,1197.22,1031.01,836.2,802.4,1159.4,1283.7
2025-11-29,Z12,P3,625.81,811.69,684.3,686.2,884.5,950.4
2025-11-30,Z12,P3,634.16,559.39,641.9,641.9,814.4,874.8
2025-12-01,Z12,P3,795.73,915.04,760.4,751.7,1019.9,1157.8
2025-12-02,Z12,P3,938.08,872.79,818.3,814.6,1047.8,1146.2
2025-12-03,Z12,P3,792.93,1503.88,920.5,846.6,1346.5,1383.9
2025-12-04,Z12,P3,855.73,749.05,775.6,781.8,989.1,1112.1
2025-12-05,Z12,P3,620.88,1197.22,879.5,881.2,1188.3,1239.4
2025-12-06,Z12,P3,553.3,625.81,690.6,679.9,926.0,926.0
2025-12-07,Z12,P3,496.63,634.16,635.0,627.0,775.4,847.5
2025-12-08,Z12,P3,923.27,795.73,766.7,792.3,996.0,1048.0
2025-12-09,Z12,P3,706.21,938.08,819.2,801.3,1116.3,1238.9
2025-12-10,Z12,P3,1099.29,792.93,877.6,882.0,1226.8,1258.7
2025-12-11,Z12,P3,937.38,855.73,786.3,792.3,1039.9,1081.4
2025-12-12,Z12,P3,852.89,620.88,798.7,770.8,1129.7,1180.6
2025-12-13,Z12,P3,1085.15,553.3,658.0,621.7,828.8,875.3
2025-12-14,Z12,P3,654.27,496.63,594.2,591.1,726.5,843.0
2025-12-15,Z12,P3,1204.1,923.27,799.2,800.0,1107.7,1225.9
2025-12-16,Z12,P3,295.52,706.21,774.9,781.8,1046.8,1149.5
2025-12-17,Z12,P3,964.4,1099.29,919.9,869.0,1365.6,1459.7
2025-12-18,Z12,P3,1017.08,937.38,827.1,816.0,1219.4,1241.5
2025-12-19,Z12,P3,1215.45,852.89,838.0,848.6,1156.6,1303.0
2025-12-20,Z12,P3,589.16,1085.15,746.8,697.4,964.3,1146.1
2025-12-21,Z12,P3,470.48,654.27,546.5,521.6,658.1,812.9
2025-12-22,Z12,P3,903.86,1204.1,814.3,839.8,1170.7,1203.9
2025-12-23,Z12,P3,1022.91,295.52,579.0,593.0,776.5,850.2
2025-12-24,Z12,P3,658.96,964.4,617.1,765.5,1098.7,1260.3
2025-12-25,Z12,P3,562.72,1017.08,619.6,713.1,999.9,1144.0
2025-12-26,Z12,P3,548.56,1215.45,742.4,785.5,1051.4,1230.0
2025-12-27,Z12,P3,490.94,589.16,647.7,618.6,874.7,921.7
2025-12-28,Z12,P3,854.18,470.48,519.5,512.2,566.5,743.4
2025-12-29,Z12,P3,738.66,903.86,796.8,782.5,1050.0,1161.6
2025-12-30,Z12,P3,1085.12,1022.91,725.8,705.5,1062.6,1136.1
2025-12-31,Z12,P3,774.54,658.96,663.1,677.1,977.8,1098.4
2026-01-01,Z12,P3,472.81,562.72,693.4,715.8,809.0,943.8
2026-01-02,Z12,P3,371.96,548.56,696.5,716.3,876.7,1015.7
2026-01-03,Z12,P3,553.88,490.94,561.0,560.9,673.0,863.2
2026-01-04,Z12,P3,409.52,854.18,574.6,553.7,657.0,834.3
2026-01-05,Z12,P3,518.59,738.66,815.7,795.4,1145.6,1213.8
2026-01-06,Z12,P3,94.87,1085.12,848.9,844.4,1184.7,1210.8
2026-01-08,Z12,P3,450.18,472.81,763.1,754.9,1008.3,1139.0
2026-01-09,Z12,P3,885.75,371.96,775.4,705.8,994.4,1058.3
2026-01-10,Z12,P3,398.23,553.88,649.5,663.0,793.5,859.0
2026-01-11,Z12,P3,368.83,409.52,599.2,562.3,812.5,867.9
2026-01-12,Z12,P3,670.37,518.59,767.8,767.0,996.1,1075.8
2026-01-13,Z12,P3,1078.98,94.87,644.3,527.4,1088.1,1195.8
2026-01-15,Z12,P3,672.77,450.18,677.1,651.4,955.5,1023.4
2026-01-16,Z12,P3,605.13,885.75,845.9,834.9,1166.5,1265.4
2026-01-17,Z12,P3,553.97,398.23,637.0,580.3,783.1,874.2
2026-01-18,Z12,P3,478.27,368.83,530.0,534.6,692.8,791.1
2026-01-19,Z12,P3,799.54,670.37,730.0,720.8,980.7,1110.6
2026-01-20,Z12,P3,806.81,1078.98,867.5,869.7,1192.7,1415.2
2026-01-21,Z12,P3,727.13,893.85,909.6,871.6,1318.6,1451.8
2026-01-22,Z12,P3,645.15,672.77,720.3,698.6,970.5,1056.6
2026-01-23,Z12,P3,751.11,605.13,721.1,709.3,1058.3,1114.0
2026-01-24,Z12,P3,787.78,553.97,601.2,598.3,787.0,876.9
2026-01-25,Z12,P3,691.98,478.27,543.1,511.2,707.2,753.4
2026-01-26,Z12,P3,841.61,799.54,774.2,755.5,1031.6,1091.2
2026-01-27,Z12,P3,781.56,806.81,806.8,814.9,1176.6,1302.9
2026-01-28,Z12,P3,1020.44,727.13,781.9,786.0,1128.6,1347.6
2026-01-29,Z12,P3,1394.89,645.15,700.4,684.2,951.1,980.2
2026-01-30,Z12,P3,854.54,751.11,753.8,740.0,994.5,1064.8
2026-01-31,Z12,P3,479.44,787.78,654.6,638.9,874.3,1003.5
2026-02-01,Z12,P3,255.1,691.98,535.6,511.5,719.6,798.0
2026-02-02,Z12,P3,783.67,841.61,797.7,759.0,1132.1,1188.7
2026-02-03,Z12,P3,969.05,781.56,817.8,787.0,1057.0,1164.8
2026-02-04,Z12,P3,1172.08,1020.44,855.4,848.8,1163.1,1295.5
2026-02-05,Z12,P3,719.59,1394.89,856.4,811.8,1220.7,1277.9
2026-02-06,Z12,P3,765.13,854.54,805.4,774.5,1123.7,1175.7
2026-02-07,Z12,P3,851.62,479.44,603.4,564.2,932.3,943.0
2026-02-08,Z12,P3,875.1,255.1,481.9,441.2,740.6,763.0
2026-02-09,Z12,P3,1001.19,783.67,805.5,790.7,1120.1,1244.2
2026-02-10,Z12,P3,657.67,969.05,820.6,780.1,1191.1,1352.3
2026-02-11,Z12,P3,1110.87,1172.08,874.6,881.9,1221.5,1353.5
2026-02-12,Z12,P3,950.64,719.59,806.9,763.8,1210.5,1242.9
2026-02-13,Z12,P3,1106.35,765.13,776.7,781.7,1131.8,1203.4
2026-02-14,Z12,P3,550.59,851.62,598.0,597.4,883.2,930.1
2026-02-15,Z12,P3,508.21,875.1,568.4,540.4,804.2,857.1
2026-02-16,Z12,P3,831.17,1001.19,848.8,812.5,1175.1,1304.5
2026-02-17,Z12,P3,890.89,657.67,780.9,760.7,1109.0,1160.5
2026-02-18,Z12,P3,546.5,1110.87,872.0,896.8,1236.3,1352.3
2026-02-19,Z12,P3,839.32,950.64,849.2,825.1,1350.7,1492.7
2026-02-20,Z12,P3,904.8,1106.35,842.0,817.4,1193.8,1245.4
2026-02-21,Z12,P3,629.88,550.59,700.1,690.3,930.0,938.4
2026-02-22,Z12,P3,653.11,508.21,656.8,643.7,904.5,943.2
2026-02-23,Z12,P3,752.42,831.17,819.7,821.3,1114.9,1187.8
2026-02-24,Z12,P3,573.64,890.89,820.1,810.5,1082.3,1186.3
2026-02-25,Z12,P3,1184.26,546.5,858.5,820.8,1168.5,1283.7
2026-02-26,Z12,P3,677.63,839.32,844.4,880.5,1212.9,1324.1
2026-02-27,Z12,P3,957.1,904.8,839.6,828.9,1152.2,1235.4
2026-02-28,Z12,P3,806.61,629.88,637.2,613.9,828.8,910.4
2026-03-01,Z12,P3,620.05,653.11,577.9,551.8,740.2,857.0
2026-03-02,Z12,P3,775.58,752.42,797.2,783.1,1109.4,1210.1
2026-03-03,Z12,P3,310.56,573.64,725.0,725.0,998.0,1091.2
2026-03-04,Z12,P3,1054.92,1184.26,886.5,853.1,1185.1,1347.0
2026-03-05,Z12,P3,790.16,677.63,757.2,745.7,1048.1,1162.3
2026-03-06,Z12,P3,886.15,957.1,839.6,855.3,1224.7,1312.8
2026-03-07,Z12,P3,540.47,806.61,704.2,698.9,938.1,975.7
2026-03-08,Z12,P3,604.01,620.05,636.6,624.0,813.4,889.7
2026-03-09,Z12,P3,794.56,775.58,797.1,793.6,1047.4,1177.6
2026-03-10,Z12,P3,617.88,310.56,723.3,703.5,937.7,1079.0
2026-03-11,Z12,P3,501.35,1054.92,904.6,919.0,1206.7,1330.6
2026-03-12,Z12,P3,748.33,790.16,779.7,794.0,1025.5,1127.7
2026-03-13,Z12,P3,852.68,886.15,833.0,843.8,1126.0,1212.3
2026-03-14,Z12,P3,625.26,540.47,646.3,645.9,869.8,889.3
2026-03-15,Z12,P3,532.32,604.01,593.4,568.9,763.3,811.0
2026-03-16,Z12,P3,624.35,794.56,806.5,795.1,1066.4,1104.9
2026-03-17,Z12,P3,966.35,617.88,739.6,755.0,846.7,965.7
2026-03-18,Z12,P3,658.85,501.35,767.3,746.8,1130.0,1246.8
2026-03-19,Z12,P3,1026.53,748.33,775.6,761.3,972.1,1065.5
2026-03-20,Z12,P3,761.13,852.68,844.4,870.3,1092.5,1174.6
2026-03-21,Z12,P3,535.29,625.26,703.6,677.1,818.5,947.1
2026-03-22,Z12,P3,461.89,532.32,633.9,626.1,755.8,824.4
2026-03-23,Z12,P3,742.71,624.35,764.8,745.5,980.3,1024.9
2026-03-24,Z12,P3,687.96,966.35,756.9,753.6,978.8,1148.5
2026-03-25,Z12,P3,808.62,658.85,806.7,814.5,1098.1,1248.7
2026-03-26,Z12,P3,807.12,1026.53,832.7,817.0,1241.1,1423.2
2026-03-27,Z12,P3,916.3,761.13,841.3,845.0,1117.3,1230.1
2026-03-28,Z12,P3,991.05,535.29,665.5,642.2,790.4,863.6
2026-03-29,Z12,P3,563.69,461.89,574.7,542.3,724.2,812.8
2026-03-30,Z12,P3,776.84,742.71,763.2,764.7,994.3,1082.1
2026-03-31,Z12,P3,801.38,687.96,788.4,756.6,1079.9,1128.2
2026-04-01,Z12,P3,1018.79,808.62,818.0,825.3,1060.9,1193.5
2026-04-02,Z12,P3,856.55,807.12,809.9,825.9,1037.6,1060.3
2026-04-03,Z12,P3,871.16,916.3,832.8,830.4,1104.8,1244.9
2026-04-04,Z12,P3,498.9,991.05,715.6,675.9,905.8,1094.5
2026-04-05,Z12,P3,611.35,563.69,603.5,605.5,752.9,857.4
2026-04-06,Z12,P3,569.2,776.84,782.9,776.5,1015.3,1066.2
2026-04-07,Z12,P3,1149.89,801.38,792.2,791.3,1000.1,1129.4
2026-04-08,Z12,P3,665.36,1018.79,824.8,805.6,1085.3,1203.0
2026-04-09,Z12,P3,621.67,856.55,814.4,815.5,1112.3,1175.1
2026-04-10,Z12,P3,955.73,871.16,832.9,859.4,1115.5,1144.9
2026-04-11,Z12,P3,679.91,498.9,664.0,631.6,902.8,936.4
2026-04-12,Z12,P3,657.09,611.35,558.5,552.2,734.2,797.0
2026-04-13,Z12,P3,807.52,569.2,759.6,746.1,1012.2,1031.8
2026-04-14,Z12,P3,863.08,1149.89,842.1,826.0,1117.2,1224.1
2026-04-15,Z12,P3,918.41,665.36,770.8,747.5,977.1,1025.4
2026-04-16,Z12,P3,559.27,621.67,786.6,794.1,1042.3,1105.7
2026-04-17,Z12,P3,656.47,955.73,827.8,815.1,1123.2,1252.3
2026-04-18,Z12,P3,701.81,679.91,663.3,637.5,922.7,1011.2
2026-04-19,Z12,P3,545.64,657.09,583.0,592.2,785.4,831.5
2026-04-20,Z12,P3,876.87,807.52,753.5,757.2,951.2,1018.0
2026-04-21,Z12,P3,627.63,863.08,824.7,817.7,1083.5,1108.5
2026-04-22,Z12,P3,588.3,918.41,825.4,826.2,1185.6,1267.4
2026-04-23,Z12,P3,928.08,559.27,734.9,737.1,956.1,1050.7
2026-04-24,Z12,P3,887.71,656.47,772.6,797.5,1029.7,1141.2
2026-04-25,Z12,P3,642.61,701.81,648.3,680.2,908.0,1045.1
2026-04-26,Z12,P3,787.29,545.64,541.5,555.9,743.6,820.3
2026-04-27,Z12,P3,541.55,876.87,685.4,702.9,1013.5,1058.0
2026-04-28,Z12,P3,677.83,627.63,665.8,685.1,1053.6,1157.9
2026-04-29,Z12,P3,1003.31,588.3,678.3,727.4,1005.2,1025.6
2026-04-30,Z12,P3,631.15,928.08,684.5,710.4,1051.4,1177.3
2025-10-01,Z13,P1,565.75,433.61,510.3,498.8,675.0,738.2
2025-10-02,Z13,P1,335.71,426.76,454.1,437.1,652.6,738.9
2025-10-03,Z13,P1,435.22,483.95,533.1,506.7,762.1,798.3
2025-10-04,Z13,P1,183.38,44.76,275.0,288.2,580.6,621.8
2025-10-05,Z13,P1,83.14,70.38,113.0,105.1,190.7,239.8
2025-10-06,Z13,P1,474.33,291.93,448.5,438.7,637.1,694.9
2025-10-07,Z13,P1,731.45,610.88,514.6,492.4,735.2,807.8
2025-10-08,Z13,P1,700.22,565.75,542.1,509.7,741.0,838.9
2025-10-09,Z13,P1,631.56,335.71,438.2,403.1,645.5,682.9
2025-10-10,Z13,P1,346.43,435.22,532.6,496.9,746.2,797.2
2025-10-11,Z13,P1,630.18,183.38,245.9,254.8,417.0,457.9
2025-10-12,Z13,P1,50.7,83.14,125.6,102.4,207.1,238.0
2025-10-13,Z13,P1,529.62,474.33,479.7,460.3,648.3,708.7
2025-10-14,Z13,P1,251.35,731.45,522.3,502.5,700.4,843.6
2025-10-15,Z13,P1,312.91,700.22,544.1,529.8,731.7,834.4
2025-10-16,Z13,P1,432.43,631.56,491.6,461.0,695.8,750.9
2025-10-17,Z13,P1,348.63,346.43,501.0,484.6,727.3,751.3
2025-10-18,Z13,P1,186.37,630.18,358.3,390.9,522.8,579.2
2025-10-19,Z13,P1,30.93,50.7,119.3,120.5,174.7,244.9
2025-10-20,Z13,P1,721.34,529.62,511.3,496.5,661.2,711.7
2025-10-21,Z13,P1,200.38,251.35,443.4,450.3,708.2,766.5
2025-10-22,Z13,P1,561.25,312.91,482.6,470.4,699.2,790.0
2025-10-23,Z13,P1,615.64,432.43,489.1,470.5,667.8,734.6
2025-10-24,Z13,P1,380.42,348.63,493.4,465.2,685.7,783.0
2025-10-25,Z13,P1,175.39,186.37,317.0,360.9,469.6,487.7
2025-10-26,Z13,P1,45.66,30.93,77.7,92.6,186.3,245.1
2025-10-27,Z13,P1,468.09,721.34,553.3,523.6,761.5,882.8
2025-10-28,Z13,P1,715.97,200.38,479.8,448.8,703.1,788.9
2025-10-29,Z13,P1,244.53,561.25,528.2,506.5,768.8,868.7
2025-10-30,Z13,P1,736.74,615.64,546.7,518.1,772.0,827.6
2025-10-31,Z13,P1,427.71,380.42,479.1,459.6,704.9,727.4
2025-11-01,Z13,P1,18.82,175.39,299.0,322.4,493.2,565.5
2025-11-02,Z13,P1,214.04,45.66,77.5,91.7,178.3,207.2
2025-11-03,Z13,P1,219.24,468.09,509.4,484.5,729.5,801.9
2025-11-04,Z13,P1,493.42,715.97,546.0,527.9,789.6,928.2
2025-11-05,Z13,P1,516.32,244.53,476.8,452.0,752.0,774.1
2025-11-06,Z13,P1,440.21,736.74,536.7,518.7,869.8,977.4
2025-11-07,Z13,P1,472.21,427.71,489.5,443.3,733.8,772.1
2025-11-08,Z13,P1,170.81,18.82,300.9,261.9,566.2,615.5
2025-11-09,Z13,P1,22.16,214.04,95.8,115.3,210.2,254.6
2025-11-10,Z13,P1,410.03,219.24,459.4,458.5,709.8,804.2
2025-11-11,Z13,P1,179.18,493.42,473.9,445.8,693.5,738.0
2025-11-12,Z13,P1,480.65,516.32,487.8,455.1,768.4,768.4
2025-11-13,Z13,P1,318.83,440.21,498.2,484.1,733.5,795.4
2025-11-14,Z13,P1,316.73,472.21,499.3,470.1,699.6,733.7
2025-11-15,Z13,P1,660.16,170.81,241.0,264.0,410.2,453.7
2025-11-16,Z13,P1,114.88,22.16,83.0,103.0,243.2,271.3
2025-11-17,Z13,P1,300.1,410.03,443.2,433.4,655.2,729.5
2025-11-18,Z13,P1,318.94,179.18,424.0,405.9,658.3,697.9
2025-11-19,Z13,P1,312.39,480.65,495.2,477.3,744.9,799.0
2025-11-20,Z13,P1,427.71,318.83,483.8,471.5,704.6,749.1
2025-11-21,Z13,P1,577.63,316.73,493.4,469.6,725.5,725.5
2025-11-22,Z13,P1,0.0,660.16,332.7,339.2,459.9,560.9
2025-11-23,Z13,P1,133.75,114.88,114.1,131.8,218.0,241.6
2025-11-24,Z13,P1,362.51,300.1,421.3,402.5,636.2,689.1
2025-11-25,Z13,P1,93.06,318.94,486.1,482.4,667.6,728.1
2025-11-26,Z13,P1,526.45,312.39,465.9,442.5,659.8,706.2
2025-11-27,Z13,P1,704.22,427.71,458.9,445.9,680.9,735.8
2025-11-28,Z13,P1,659.87,577.63,499.6,471.2,695.9,739.3
2025-11-29,Z13,P1,393.24,0.0,195.1,192.6,422.9,471.4
2025-11-30,Z13,P1,195.31,133.75,159.0,176.1,268.2,327.4
2025-12-01,Z13,P1,419.71,362.51,459.2,412.4,627.2,690.4
2025-12-02,Z13,P1,299.46,93.06,368.6,372.3,654.1,667.9
2025-12-03,Z13,P1,429.49,526.45,481.1,458.5,701.8,768.0
2025-12-04,Z13,P1,252.91,704.22,521.5,476.6,770.0,871.8
2025-12-05,Z13,P1,305.95,659.87,547.9,519.2,896.5,896.5
2025-12-06,Z13,P1,696.0,393.24,371.1,360.1,559.3,559.3
2025-12-07,Z13,P1,79.15,195.31,146.5,155.5,317.4,322.4
2025-12-08,Z13,P1,438.22,419.71,484.9,451.4,690.8,749.0
2025-12-09,Z13,P1,374.07,299.46,356.6,335.3,566.5,644.1
2025-12-10,Z13,P1,393.5,429.49,464.3,440.7,658.3,677.7
2025-12-11,Z13,P1,263.82,252.91,441.9,408.4,686.7,735.1
2025-12-12,Z13,P1,496.49,305.95,450.2,450.4,718.6,748.6
2025-12-13,Z13,P1,301.96,696.0,495.7,422.5,704.7,764.2
2025-12-14,Z13,P1,0.0,79.15,139.1,137.3,308.1,308.1
2025-12-15,Z13,P1,318.06,438.22,509.3,476.6,706.3,745.5
2025-12-16,Z13,P1,444.28,374.07,407.3,360.7,611.8,624.9
2025-12-17,Z13,P1,152.49,393.5,476.7,442.8,664.1,700.6
2025-12-18,Z13,P1,329.94,263.82,456.1,433.6,659.5,660.4
2025-12-19,Z13,P1,458.45,496.49,520.8,473.5,794.2,796.8
2025-12-20,Z13,P1,111.01,301.96,299.4,285.9,431.0,509.7
2025-12-21,Z13,P1,1.83,0.0,55.7,69.9,202.1,240.3
2025-12-22,Z13,P1,129.64,318.06,330.1,329.8,578.5,600.5
2025-12-23,Z13,P1,279.77,444.28,308.4,293.1,572.7,629.2
2025-12-24,Z13,P1,201.61,152.49,213.9,176.7,529.4,577.4
2025-12-25,Z13,P1,44.5,329.94,295.3,245.3,584.0,642.7
2025-12-26,Z13,P1,0.0,458.45,356.7,340.0,596.2,691.5
2025-12-27,Z13,P1,113.31,111.01,213.6,175.7,422.8,461.9
2025-12-28,Z13,P1,48.43,1.83,71.7,45.7,159.2,240.6
2025-12-29,Z13,P1,355.0,129.64,281.9,245.8,534.7,540.5
2025-12-30,Z13,P1,578.66,279.77,330.9,241.5,554.4,569.4
2025-12-31,Z13,P1,188.85,201.61,237.6,197.0,467.4,533.7
2026-01-01,Z13,P1,99.33,44.5,189.6,155.6,366.2,453.6
2026-01-02,Z13,P1,220.11,0.0,152.7,204.7,383.0,502.8
2026-01-03,Z13,P1,319.71,113.31,218.3,103.4,341.0,454.4
2026-01-04,Z13,P1,173.1,48.43,42.1,13.3,89.8,118.8
2026-01-05,Z13,P1,365.63,355.0,386.5,388.5,565.6,592.0
2026-01-06,Z13,P1,297.01,578.66,447.0,431.6,619.0,650.5
2026-01-07,Z13,P1,399.89,188.85,365.3,382.0,574.9,597.0
2026-01-08,Z13,P1,70.03,99.33,340.9,342.7,528.8,558.3
2026-01-09,Z13,P1,370.18,220.11,346.2,353.9,659.0,659.0
2026-01-10,Z13,P1,109.18,319.71,279.9,238.2,448.3,507.4
2026-01-11,Z13,P1,33.85,173.1,92.0,66.4,174.0,249.8
2026-01-12,Z13,P1,254.16,365.63,372.4,367.4,589.4,591.9
2026-01-13,Z13,P1,486.82,297.01,403.4,411.6,661.0,661.0
2026-01-14,Z13,P1,140.11,399.89,367.1,361.2,550.6,558.0
2026-01-15,Z13,P1,373.76,70.03,334.1,313.3,527.4,539.8
2026-01-16,Z13,P1,601.45,370.18,397.0,398.1,596.5,699.1
2026-01-17,Z13,P1,149.73,109.18,205.4,161.0,390.4,405.1
2026-01-18,Z13,P1,74.63,33.85,92.9,85.5,296.8,313.0
2026-01-19,Z13,P1,233.21,254.16,330.7,337.7,548.5,550.9
2026-01-20,Z13,P1,493.03,486.82,347.9,372.2,566.0,604.4
2026-01-21,Z13,P1,306.87,140.11,332.7,347.2,641.4,641.4
2026-01-22,Z13,P1,285.64,373.76,374.0,354.0,599.3,608.1
2026-01-23,Z13,P1,162.37,601.45,372.5,429.7,642.2,726.0
2026-01-24,Z13,P1,167.74,149.73,189.6,141.8,423.5,434.1
2026-01-25,Z13,P1,168.58,74.63,93.6,62.1,261.8,271.1
2026-01-26,Z13,P1,304.34,233.21,347.2,329.3,569.6,612.1
2026-01-27,Z13,P1,350.56,493.03,420.4,400.9,659.2,721.2
2026-01-28,Z13,P1,490.84,306.87,350.1,329.7,574.5,632.9
2026-01-29,Z13,P1,190.39,285.64,325.9,298.9,500.6,539.9
2026-01-30,Z13,P1,263.83,162.37,334.4,308.4,639.5,650.4
2026-01-31,Z13,P1,227.44,167.74,267.3,227.9,473.5,526.4
2026-02-01,Z13,P1,15.1,168.58,120.7,88.3,243.8,261.0
2026-02-02,Z13,P1,117.95,304.34,348.0,340.3,559.0,615.0
2026-02-03,Z13,P1,62.54,350.56,364.6,371.3,611.8,668.3
2026-02-04,Z13,P1,2.13,490.84,359.9,333.5,563.7,619.2
2026-02-05,Z13,P1,110.59,190.39,303.7,302.5,656.9,656.9
2026-02-06,Z13,P1,452.05,263.83,349.3,384.4,651.9,653.7
2026-02-07,Z13,P1,311.78,227.44,249.2,213.8,402.2,470.8
2026-02-08,Z13,P1,84.28,15.1,76.7,83.4,191.5,250.4
2026-02-09,Z13,P1,228.46,117.95,316.9,268.2,457.7,558.0
2026-02-10,Z13,P1,664.79,62.54,322.1,303.6,496.7,606.9
2026-02-11,Z13,P1,135.48,2.13,223.7,225.8,505.3,583.3
2026-02-12,Z13,P1,396.7,110.59,282.3,250.4,518.7,606.2
2026-02-13,Z13,P1,343.66,452.05,344.2,368.3,671.3,774.7
2026-02-14,Z13,P1,77.86,311.78,237.8,197.5,475.6,548.8
2026-02-15,Z13,P1,45.8,84.28,92.2,76.9,186.0,214.5
2026-02-16,Z13,P1,101.38,228.46,270.7,250.1,439.2,536.3
2026-02-17,Z13,P1,114.9,664.79,351.3,398.2,732.0,747.8
2026-02-18,Z13,P1,44.7,135.48,262.1,243.9,540.7,552.8
2026-02-19,Z13,P1,566.52,396.7,271.1,269.1,510.9,528.4
2026-02-20,Z13,P1,311.33,343.66,319.4,295.0,562.0,562.0
2026-02-21,Z13,P1,131.0,77.86,225.6,200.5,446.4,461.2
2026-02-22,Z13,P1,53.3,45.8,85.3,70.0,205.9,224.2
2026-02-23,Z13,P1,329.86,101.38,298.6,255.9,526.2,580.5
2026-02-24,Z13,P1,157.61,114.9,307.2,288.5,640.4,663.6
2026-02-25,Z13,P1,354.75,44.7,312.2,249.9,523.9,552.2
2026-02-26,Z13,P1,298.39,566.52,293.7,341.2,604.2,685.4
2026-02-27,Z13,P1,804.3,311.33,264.7,284.4,567.1,607.7
2026-02-28,Z13,P1,209.22,131.0,180.1,157.1,425.3,454.4
2026-03-01,Z13,P1,116.18,53.3,64.7,58.0,195.2,233.4
2026-03-02,Z13,P1,297.68,329.86,303.1,270.6,538.2,559.1
2026-03-03,Z13,P1,178.5,157.61,265.8,245.5,506.7,531.9
2026-03-04,Z13,P1,206.8,354.75,246.2,238.6,506.3,531.8
2026-03-05,Z13,P1,171.61,298.39,257.6,271.6,519.4,565.5
2026-03-06,Z13,P1,419.93,804.3,345.8,389.9,756.2,867.9
2026-03-07,Z13,P1,78.04,209.22,197.5,182.1,384.1,437.3
2026-03-08,Z13,P1,113.45,116.18,62.6,73.1,190.4,213.7
2026-03-09,Z13,P1,411.6,297.68,331.1,340.4,638.3,706.1
2026-03-10,Z13,P1,448.63,178.5,372.2,333.6,596.9,702.2
2026-03-11,Z13,P1,197.37,206.8,305.2,265.9,544.1,544.8
2026-03-12,Z13,P1,240.73,171.61,340.8,320.5,580.0,623.5
2026-03-13,Z13,P1,165.32,419.93,382.6,364.2,765.8,782.6
2026-03-14,Z13,P1,113.74,78.04,227.3,184.3,399.4,454.3
2026-03-15,Z13,P1,52.35,113.45,85.7,94.9,178.8,219.8
2026-03-16,Z13,P1,495.44,411.6,326.2,312.0,571.9,668.7
2026-03-17,Z13,P1,528.26,448.63,351.2,338.1,575.5,608.6
2026-03-18,Z13,P1,665.87,197.37,306.7,299.3,534.8,549.8
2026-03-19,Z13,P1,265.26,240.73,350.9,363.1,700.3,774.1
2026-03-20,Z13,P1,330.8,165.32,352.1,366.8,765.3,784.6
2026-03-21,Z13,P1,61.41,113.74,204.4,158.1,447.6,447.6
2026-03-22,Z13,P1,89.23,52.35,121.9,109.9,266.4,307.5
2026-03-23,Z13,P1,635.02,495.44,373.4,410.3,680.4,745.3
2026-03-24,Z13,P1,282.48,528.26,378.2,363.0,603.1,603.1
2026-03-25,Z13,P1,344.03,665.87,389.2,456.4,724.9,787.4
2026-03-26,Z13,P1,283.58,265.26,320.5,307.3,604.4,709.9
2026-03-27,Z13,P1,373.6,330.8,331.7,369.4,679.1,775.8
2026-03-28,Z13,P1,165.65,61.41,186.4,165.2,375.1,448.4
2026-03-29,Z13,P1,20.84,89.23,116.6,98.6,263.3,281.2
2026-03-30,Z13,P1,270.43,635.02,343.0,399.7,711.1,780.7
2026-03-31,Z13,P1,271.4,282.48,335.2,318.8,594.3,620.6
2026-04-01,Z13,P1,390.4,344.03,330.2,331.2,658.7,757.5
2026-04-02,Z13,P1,322.78,283.58,305.9,276.0,555.9,593.6
2026-04-03,Z13,P1,559.81,373.6,363.3,338.3,593.8,630.3
2026-04-04,Z13,P1,120.99,165.65,155.8,118.4,367.0,414.5
2026-04-05,Z13,P1,47.32,20.84,88.3,54.7,191.5,231.0
2026-04-06,Z13,P1,158.09,270.43,365.0,350.1,659.0,683.0
2026-04-07,Z13,P1,420.76,271.4,370.2,431.3,768.1,786.6
2026-04-08,Z13,P1,438.16,390.4,336.1,318.1,578.9,637.4
2026-04-09,Z13,P1,170.4,322.78,346.4,321.1,584.9,617.2
2026-04-10,Z13,P1,223.46,559.81,400.5,372.0,611.8,661.4
2026-04-11,Z13,P1,178.34,120.99,160.1,129.9,347.1,397.3
2026-04-12,Z13,P1,62.34,47.32,56.4,33.1,185.5,225.5
2026-04-13,Z13,P1,441.28,158.09,348.3,317.0,585.4,632.4
2026-04-14,Z13,P1,397.21,420.76,348.6,347.8,641.0,780.0
2026-04-15,Z13,P1,264.94,438.16,389.4,363.2,653.5,692.2
2026-04-16,Z13,P1,682.18,170.4,341.8,334.7,583.7,648.8
2026-04-17,Z13,P1,491.6,223.46,341.9,340.6,651.4,657.4
2026-04-18,Z13,P1,183.71,178.34,184.7,163.7,347.7,408.2
2026-04-19,Z13,P1,182.77,62.34,83.3,76.6,224.4,239.9
2026-04-20,Z13,P1,378.77,441.28,376.1,359.0,621.3,691.8
2026-04-21,Z13,P1,554.62,397.21,359.7,337.8,603.0,612.5
2026-04-22,Z13,P1,351.58,264.94,350.6,330.0,604.9,634.2
2026-04-23,Z13,P1,444.43,682.18,383.2,347.8,639.1,748.0
2026-04-24,Z13,P1,37.34,491.6,392.7,372.4,676.9,752.5
2026-04-25,Z13,P1,65.8,183.71,183.4,152.1,415.2,485.5
2026-04-26,Z13,P1,30.96,182.77,112.8,73.2,264.8,293.9
2026-04-27,Z13,P1,175.01,378.77,301.8,302.0,582.4,624.6
2026-04-28,Z13,P1,586.63,554.62,311.7,317.2,580.7,638.0
2026-04-29,Z13,P1,386.83,351.58,286.6,276.5,542.3,617.8
2026-04-30,Z13,P1,237.64,444.43,304.9,322.4,616.2,673.2
2025-10-01,Z13,P3,374.21,487.71,463.9,451.1,647.0,740.6
2025-10-02,Z13,P3,505.1,680.07,469.5,447.0,700.0,798.5
2025-10-03,Z13,P3,379.75,518.95,448.5,445.5,617.3,682.8
2025-10-04,Z13,P3,484.13,669.28,459.0,451.0,642.5,709.1
2025-10-05,Z13,P3,289.51,231.93,285.1,277.5,424.1,470.9
2025-10-06,Z13,P3,436.68,380.06,409.1,415.2,567.7,609.7
2025-10-07,Z13,P3,465.77,369.42,394.2,389.4,531.5,582.0
2025-10-08,Z13,P3,344.11,374.21,475.4,470.5,654.4,701.9
2025-10-09,Z13,P3,416.67,505.1,455.5,462.4,635.2,766.7
2025-10-10,Z13,P3,314.33,379.75,422.4,426.1,588.8,604.4
2025-10-11,Z13,P3,376.11,484.13,492.4,491.6,617.3,706.9
2025-10-12,Z13,P3,259.27,289.51,262.0,278.0,405.9,472.3
2025-10-13,Z13,P3,377.0,436.68,398.6,388.7,574.8,622.6
2025-10-14,Z13,P3,377.84,465.77,419.1,404.2,571.4,636.6
2025-10-15,Z13,P3,355.36,344.11,420.1,416.9,587.1,655.1
2025-10-16,Z13,P3,462.32,416.67,468.3,455.1,616.0,635.8
2025-10-17,Z13,P3,418.4,314.33,409.4,401.7,562.9,601.4
2025-10-18,Z13,P3,303.14,376.11,459.5,457.8,583.1,624.5
2025-10-19,Z13,P3,293.56,259.27,267.3,269.4,419.7,463.9
2025-10-20,Z13,P3,382.23,377.0,403.9,389.1,571.6,600.3
2025-10-21,Z13,P3,265.25,377.84,413.9,403.3,578.8,612.4
2025-10-22,Z13,P3,509.14,355.36,399.9,403.1,596.0,657.4
2025-10-23,Z13,P3,403.02,462.32,447.5,451.6,645.0,720.7
2025-10-24,Z13,P3,451.47,418.4,425.0,428.4,608.4,692.9
2025-10-25,Z13,P3,496.49,303.14,431.7,405.0,583.3,642.9
2025-10-26,Z13,P3,308.63,293.56,303.0,289.6,427.0,485.6
2025-10-27,Z13,P3,734.1,382.23,387.2,364.1,539.7,594.3
2025-10-28,Z13,P3,350.24,265.25,412.0,397.3,555.2,620.9
2025-10-29,Z13,P3,352.5,509.14,417.4,410.4,565.8,641.4
2025-10-30,Z13,P3,564.3,403.02,424.1,438.5,608.8,678.1
2025-10-31,Z13,P3,469.86,451.47,438.8,428.6,588.6,642.7
2025-11-01,Z13,P3,378.51,496.49,424.9,431.6,597.8,668.8
2025-11-02,Z13,P3,260.68,308.63,324.6,321.8,436.3,508.3
2025-11-03,Z13,P3,269.84,734.1,452.3,436.2,668.7,786.9
2025-11-04,Z13,P3,382.1,350.24,403.8,381.0,571.7,595.6
2025-11-05,Z13,P3,553.85,352.5,423.8,416.9,551.9,611.4
2025-11-06,Z13,P3,495.62,564.3,436.4,448.8,613.8,676.2
2025-11-07,Z13,P3,464.0,469.86,441.4,432.5,588.4,653.1
2025-11-08,Z13,P3,237.56,378.51,417.4,401.3,554.0,592.2
2025-11-09,Z13,P3,281.2,260.68,298.0,283.5,431.6,472.7
2025-11-10,Z13,P3,593.84,269.84,392.8,382.3,621.9,652.8
2025-11-11,Z13,P3,912.21,382.1,372.3,351.0,526.4,571.9
2025-11-12,Z13,P3,360.97,553.85,421.0,440.4,606.1,665.0
2025-11-13,Z13,P3,554.72,495.62,439.2,447.2,577.6,664.0
2025-11-14,Z13,P3,518.26,464.0,453.3,455.6,593.4,652.2
2025-11-15,Z13,P3,278.56,237.56,376.0,359.8,519.1,576.6
2025-11-16,Z13,P3,265.19,281.2,298.9,280.9,411.1,452.8
2025-11-17,Z13,P3,468.14,593.84,425.9,412.9,624.7,701.4
2025-11-18,Z13,P3,438.37,912.21,461.6,452.1,790.3,935.8
2025-11-19,Z13,P3,400.67,360.97,471.7,492.3,706.6,706.6
2025-11-20,Z13,P3,485.21,554.72,461.5,484.8,624.5,678.8
2025-11-21,Z13,P3,395.88,518.26,486.8,503.8,603.1,664.5
2025-11-22,Z13,P3,402.57,278.56,414.6,396.5,596.6,631.3
2025-11-23,Z13,P3,250.74,265.19,293.7,270.3,422.4,470.9
2025-11-24,Z13,P3,421.02,468.14,460.4,466.4,661.6,746.0
2025-11-25,Z13,P3,280.11,438.37,454.1,445.3,738.2,741.4
2025-11-26,Z13,P3,430.46,400.67,431.7,435.7,551.1,600.9
2025-11-27,Z13,P3,425.74,485.21,469.9,471.7,624.0,738.8
2025-11-28,Z13,P3,696.51,395.88,464.0,452.5,585.4,613.8
2025-11-29,Z13,P3,605.15,402.57,396.2,396.0,525.5,574.4
2025-11-30,Z13,P3,279.0,250.74,298.0,275.9,416.8,495.0
2025-12-01,Z13,P3,804.99,421.02,440.4,427.6,587.8,652.9
2025-12-02,Z13,P3,457.21,280.11,415.7,448.7,614.9,749.2
2025-12-03,Z13,P3,262.31,430.46,416.2,417.0,603.6,708.0
2025-12-04,Z13,P3,386.11,425.74,447.1,450.4,617.7,689.7
2025-12-05,Z13,P3,332.44,696.51,490.5,459.2,680.5,774.7
2025-12-06,Z13,P3,295.11,605.15,462.7,470.3,621.9,674.6
2025-12-07,Z13,P3,356.09,279.0,296.4,272.2,404.2,480.4
2025-12-08,Z13,P3,354.07,804.99,507.5,502.3,783.5,859.4
2025-12-09,Z13,P3,645.38,457.21,443.5,447.1,586.2,722.6
2025-12-10,Z13,P3,471.96,262.31,407.7,383.5,570.0,603.6
2025-12-11,Z13,P3,369.68,386.11,452.8,453.7,622.3,690.5
2025-12-12,Z13,P3,390.4,332.44,478.0,445.3,704.9,735.4
2025-12-13,Z13,P3,423.24,295.11,394.1,391.5,573.3,592.7
2025-12-14,Z13,P3,247.77,356.09,315.0,294.2,437.3,501.8
2025-12-15,Z13,P3,435.08,354.07,450.1,425.7,706.3,730.5
2025-12-16,Z13,P3,487.46,645.38,450.8,432.0,651.8,682.0
2025-12-17,Z13,P3,327.58,471.96,417.7,435.6,554.7,629.7
2025-12-18,Z13,P3,442.3,369.68,418.1,412.8,600.8,659.0
2025-12-19,Z13,P3,316.55,390.4,438.7,425.8,580.3,617.1
2025-12-20,Z13,P3,515.02,423.24,384.6,373.9,492.5,550.4
2025-12-21,Z13,P3,166.88,247.77,264.7,236.8,393.2,441.9
2025-12-22,Z13,P3,400.03,435.08,427.3,422.7,594.0,674.5
2025-12-23,Z13,P3,417.22,487.46,396.8,402.9,517.7,576.2
2025-12-24,Z13,P3,276.72,327.58,332.7,344.8,478.6,489.3
2025-12-25,Z13,P3,214.93,442.3,367.9,406.9,498.0,547.7
2025-12-26,Z13,P3,314.56,316.55,387.8,365.3,541.8,568.0
2025-12-27,Z13,P3,266.9,515.02,403.9,408.6,545.4,622.2
2025-12-28,Z13,P3,195.17,166.88,241.3,229.4,370.6,441.4
2025-12-29,Z13,P3,466.21,400.03,401.5,378.6,602.0,602.0
2025-12-30,Z13,P3,346.77,417.22,429.1,406.7,500.0,533.3
2025-12-31,Z13,P3,364.05,276.72,313.8,314.3,466.5,491.3
2026-01-01,Z13,P3,118.73,214.93,330.5,355.9,410.4,481.4
2026-01-02,Z13,P3,200.94,314.56,356.3,378.7,434.1,498.2
2026-01-03,Z13,P3,440.65,266.9,321.8,331.3,427.7,467.2
2026-01-04,Z13,P3,114.59,195.17,240.2,234.1,316.0,373.5
2026-01-05,Z13,P3,367.81,466.21,417.2,416.3,549.2,632.2
2026-01-06,Z13,P3,438.98,346.77,465.9,450.4,709.7,821.7
2026-01-07,Z13,P3,65.08,364.05,395.3,397.9,523.7,563.3
2026-01-08,Z13,P3,437.44,118.73,350.2,359.6,490.6,559.9
2026-01-09,Z13,P3,417.2,200.94,392.8,396.3,516.2,570.4
2026-01-10,Z13,P3,286.21,440.65,409.2,403.3,519.1,576.6
2026-01-11,Z13,P3,253.77,114.59,242.8,222.7,381.5,414.3
2026-01-12,Z13,P3,351.41,367.81,436.7,434.2,570.1,625.5
2026-01-13,Z13,P3,319.09,438.98,396.6,408.3,569.1,643.7
2026-01-14,Z13,P3,270.75,65.08,354.7,325.1,480.7,518.4
2026-01-15,Z13,P3,180.61,437.44,415.1,407.2,530.9,591.6
2026-01-16,Z13,P3,325.19,417.2,407.8,395.6,524.7,561.1
2026-01-17,Z13,P3,242.0,286.21,418.1,401.1,581.5,620.8
2026-01-18,Z13,P3,274.71,253.77,228.7,226.5,345.5,374.7
2026-01-19,Z13,P3,259.42,351.41,407.3,399.9,525.7,579.9
2026-01-20,Z13,P3,248.94,319.09,376.8,344.9,545.4,574.4
2026-01-21,Z13,P3,242.17,270.75,320.4,301.0,512.3,545.0
2026-01-22,Z13,P3,354.12,180.61,343.0,327.3,543.2,558.4
2026-01-23,Z13,P3,447.49,325.19,393.9,366.0,609.8,616.3
2026-01-24,Z13,P3,374.53,242.0,335.9,325.9,520.9,559.2
2026-01-25,Z13,P3,252.99,274.71,251.9,228.9,388.0,434.3
2026-01-26,Z13,P3,429.18,259.42,369.2,358.9,618.9,718.3
2026-01-27,Z13,P3,384.57,248.94,359.8,350.4,527.2,588.7
2026-01-28,Z13,P3,271.34,242.17,332.4,305.6,475.0,522.6
2026-01-29,Z13,P3,242.81,354.12,357.9,329.6,515.9,537.0
2026-01-30,Z13,P3,329.79,447.49,374.0,347.0,533.7,567.2
2026-01-31,Z13,P3,389.91,374.53,363.6,308.1,517.2,582.4
2026-02-01,Z13,P3,203.59,252.99,261.8,238.1,390.0,445.9
2026-02-02,Z13,P3,528.06,429.18,359.3,333.1,532.0,587.8
2026-02-03,Z13,P3,355.29,384.57,363.3,341.9,567.6,597.6
2026-02-04,Z13,P3,291.83,271.34,327.9,312.7,503.0,519.7
2026-02-05,Z13,P3,322.47,242.81,351.3,340.7,531.7,563.6
2026-02-06,Z13,P3,415.15,329.79,406.4,363.9,559.0,591.8
2026-02-07,Z13,P3,248.7,389.91,374.8,345.0,515.2,541.2
2026-02-08,Z13,P3,213.94,203.59,279.9,273.5,409.7,460.3
2026-02-09,Z13,P3,278.83,528.06,393.8,374.4,561.5,614.2
2026-02-10,Z13,P3,349.8,355.29,365.4,339.7,532.3,561.7
2026-02-11,Z13,P3,336.13,291.83,324.9,320.3,465.6,511.2
2026-02-12,Z13,P3,218.23,322.47,325.2,314.4,465.7,528.4
2026-02-13,Z13,P3,635.88,415.15,351.5,342.7,520.0,554.1
2026-02-14,Z13,P3,382.05,248.7,325.4,310.8,486.9,537.5
2026-02-15,Z13,P3,60.92,213.94,270.9,265.7,381.0,405.6
2026-02-16,Z13,P3,472.9,278.83,340.5,327.6,509.1,515.4
2026-02-17,Z13,P3,178.74,349.8,328.8,314.8,483.4,515.2
2026-02-18,Z13,P3,261.97,336.13,301.6,282.8,471.0,472.5
2026-02-19,Z13,P3,270.51,218.23,312.0,304.0,463.2,487.1
2026-02-20,Z13,P3,368.82,635.88,401.8,400.6,629.3,675.8
2026-02-21,Z13,P3,338.52,382.05,348.8,352.0,487.8,540.6
2026-02-22,Z13,P3,342.49,60.92,271.7,248.4,359.1,425.4
2026-02-23,Z13,P3,359.64,472.9,364.9,384.0,523.9,624.8
2026-02-24,Z13,P3,540.45,178.74,327.1,327.4,446.6,542.7
2026-02-25,Z13,P3,308.33,261.97,329.5,327.3,470.0,533.8
2026-02-26,Z13,P3,421.75,270.51,290.7,312.1,439.3,504.4
2026-02-27,Z13,P3,389.55,368.82,379.4,394.9,557.3,575.7
2026-02-28,Z13,P3,520.99,338.52,379.2,371.3,513.3,583.2
2026-03-01,Z13,P3,267.75,342.49,217.6,248.7,346.2,403.9
2026-03-02,Z13,P3,382.02,359.64,389.9,388.2,562.6,650.7
2026-03-03,Z13,P3,234.08,540.45,346.4,345.6,514.8,592.6
2026-03-04,Z13,P3,287.83,308.33,320.4,317.2,427.9,508.2
2026-03-05,Z13,P3,344.56,421.75,348.4,358.9,499.4,568.9
2026-03-06,Z13,P3,217.62,389.55,408.2,403.6,514.4,577.0
2026-03-07,Z13,P3,270.02,520.99,389.4,386.7,509.3,594.6
2026-03-08,Z13,P3,170.46,267.75,265.9,261.4,421.4,455.2
2026-03-09,Z13,P3,385.84,382.02,382.4,349.3,536.1,585.8
2026-03-10,Z13,P3,288.4,234.08,342.3,348.3,488.9,555.0
2026-03-11,Z13,P3,276.78,287.83,368.0,322.8,514.6,548.4
2026-03-12,Z13,P3,144.89,344.56,377.5,356.7,530.7,555.9
2026-03-13,Z13,P3,508.9,217.62,394.0,379.3,583.2,616.3
2026-03-14,Z13,P3,382.92,270.02,369.3,377.1,502.6,560.3
2026-03-15,Z13,P3,195.17,170.46,270.5,250.7,389.9,459.3
2026-03-16,Z13,P3,168.56,385.84,367.5,357.5,508.4,579.0
2026-03-17,Z13,P3,203.58,288.4,316.6,314.5,455.8,511.4
2026-03-18,Z13,P3,278.67,276.78,344.8,325.3,466.9,515.7
2026-03-19,Z13,P3,295.45,144.89,352.0,315.9,461.8,523.7
2026-03-20,Z13,P3,436.68,508.9,394.9,401.7,532.3,605.2
2026-03-21,Z13,P3,205.93,382.92,402.9,386.6,536.4,563.0
2026-03-22,Z13,P3,218.18,195.17,285.9,290.1,401.3,453.0
2026-03-23,Z13,P3,380.5,168.56,346.9,326.3,465.1,542.6
2026-03-24,Z13,P3,281.7,203.58,331.4,317.0,498.8,602.1
2026-03-25,Z13,P3,349.71,278.67,332.6,302.6,487.0,557.8
2026-03-26,Z13,P3,372.51,295.45,361.5,356.8,475.7,569.0
2026-03-27,Z13,P3,310.19,436.68,387.7,408.6,525.8,582.4
2026-03-28,Z13,P3,284.93,205.93,362.0,336.6,530.2,590.0
2026-03-29,Z13,P3,269.92,218.18,275.1,267.2,398.0,444.6
2026-03-30,Z13,P3,192.48,380.5,346.1,348.3,489.6,564.1
2026-03-31,Z13,P3,299.23,281.7,321.4,294.1,474.4,533.6
2026-04-01,Z13,P3,300.58,349.71,325.5,305.5,488.8,529.6
2026-04-02,Z13,P3,225.8,372.51,328.4,310.4,483.0,532.4
2026-04-03,Z13,P3,327.57,310.19,377.2,364.0,518.3,559.4
2026-04-04,Z13,P3,237.29,284.93,325.2,300.1,456.9,499.7
2026-04-05,Z13,P3,156.75,269.92,256.4,240.8,372.7,427.4
2026-04-06,Z13,P3,242.02,192.48,317.8,306.0,478.5,498.9
2026-04-07,Z13,P3,426.69,299.23,316.8,296.0,473.9,519.5
2026-04-08,Z13,P3,298.23,300.58,322.4,304.9,485.8,511.2
2026-04-09,Z13,P3,264.98,225.8,294.3,268.1,459.9,478.6
2026-04-10,Z13,P3,381.67,327.57,360.2,356.9,588.0,611.6
2026-04-11,Z13,P3,444.77,237.29,323.2,313.2,462.9,516.3
2026-04-12,Z13,P3,136.96,156.75,215.2,228.2,349.1,396.6
2026-04-13,Z13,P3,241.26,242.02,296.7,267.5,461.1,481.0
2026-04-14,Z13,P3,332.62,426.69,311.7,299.5,458.7,506.0
2026-04-15,Z13,P3,456.78,298.23,316.1,294.6,473.1,530.0
2026-04-16,Z13,P3,292.01,264.98,312.1,301.5,467.1,543.5
2026-04-17,Z13,P3,251.33,381.67,340.4,339.7,500.8,500.8
2026-04-18,Z13,P3,452.55,444.77,339.7,329.1,489.4,501.8
2026-04-19,Z13,P3,372.37,136.96,240.1,249.1,363.1,373.1
2026-04-20,Z13,P3,289.98,241.26,297.9,297.9,444.1,482.4
2026-04-21,Z13,P3,228.75,332.62,343.6,339.1,497.5,522.9
2026-04-22,Z13,P3,398.63,456.78,316.4,314.4,497.0,525.4
2026-04-23,Z13,P3,424.25,292.01,327.9,328.5,480.6,531.3
2026-04-24,Z13,P3,173.41,251.33,325.4,305.9,493.2,502.2
2026-04-25,Z13,P3,233.1,452.55,346.8,323.7,505.5,555.8
2026-04-26,Z13,P3,174.75,372.37,243.0,221.1,366.9,417.1
2026-04-27,Z13,P3,363.22,289.98,266.9,261.2,441.8,472.5
2026-04-28,Z13,P3,208.15,228.75,263.1,250.2,439.2,489.2
2026-04-29,Z13,P3,300.26,398.63,298.0,284.6,501.3,521.2
2026-04-30,Z13,P3,342.69,424.25,291.2,286.5,483.8,523.1
2025-10-01,Z13,P4,0.0,0.0,9.5,0.0,99.8,130.3
2025-10-02,Z13,P4,125.59,0.0,44.4,29.1,147.3,175.2
2025-10-03,Z13,P4,85.0,129.31,44.1,42.5,152.2,186.2
2025-10-04,Z13,P4,0.0,0.0,1.7,0.0,15.2,50.4
2025-10-05,Z13,P4,0.0,0.0,0.6,0.0,6.1,34.4
2025-10-06,Z13,P4,0.0,0.0,64.9,63.2,189.7,229.8
2025-10-07,Z13,P4,0.0,0.0,9.8,0.0,90.3,129.6
2025-10-08,Z13,P4,0.0,0.0,9.8,0.0,90.8,123.5
2025-10-09,Z13,P4,106.83,125.59,77.5,55.9,178.9,218.2
2025-10-10,Z13,P4,197.71,85.0,79.0,66.9,175.8,205.3
2025-10-11,Z13,P4,0.0,0.0,1.8,0.0,15.2,50.3
2025-10-12,Z13,P4,35.64,0.0,0.8,0.0,6.1,34.3
2025-10-13,Z13,P4,0.0,0.0,27.7,21.7,183.0,200.2
2025-10-14,Z13,P4,0.0,0.0,9.9,0.0,90.9,129.6
2025-10-15,Z13,P4,0.0,0.0,10.0,0.0,91.4,123.5
2025-10-16,Z13,P4,98.88,106.83,39.8,27.9,136.9,165.0
2025-10-17,Z13,P4,115.01,197.71,70.8,69.0,187.9,215.6
2025-10-18,Z13,P4,0.0,0.0,1.8,0.0,13.6,50.9
2025-10-19,Z13,P4,0.0,35.64,1.1,2.4,6.9,33.8
2025-10-20,Z13,P4,174.99,0.0,65.5,43.5,206.5,210.5
2025-10-21,Z13,P4,0.0,0.0,42.0,39.9,143.2,162.3
2025-10-22,Z13,P4,0.0,0.0,22.0,5.6,122.5,138.0
2025-10-23,Z13,P4,0.0,98.88,36.1,23.5,155.8,182.7
2025-10-24,Z13,P4,0.0,115.01,94.8,65.8,204.4,243.4
2025-10-25,Z13,P4,0.0,0.0,2.6,0.0,15.2,51.1
2025-10-26,Z13,P4,0.0,0.0,1.6,0.0,18.9,62.4
2025-10-27,Z13,P4,0.0,174.99,13.7,5.0,134.1,176.5
2025-10-28,Z13,P4,0.0,0.0,15.9,0.0,99.4,130.2
2025-10-29,Z13,P4,0.0,0.0,17.2,0.5,114.7,127.3
2025-10-30,Z13,P4,0.0,0.0,55.0,34.3,172.1,197.3
2025-10-31,Z13,P4,95.02,0.0,49.0,44.9,168.0,201.4
2025-11-01,Z13,P4,0.0,0.0,3.6,0.0,24.9,54.8
2025-11-02,Z13,P4,0.0,0.0,2.0,1.9,26.4,56.2
2025-11-03,Z13,P4,0.0,0.0,34.7,15.4,141.6,166.2
2025-11-04,Z13,P4,0.0,0.0,12.6,0.0,76.0,110.6
2025-11-05,Z13,P4,0.0,0.0,12.5,0.0,76.6,104.5
2025-11-06,Z13,P4,100.0,0.0,47.0,24.9,136.7,174.2
2025-11-07,Z13,P4,193.75,95.02,78.7,67.9,217.4,224.1
2025-11-08,Z13,P4,41.21,0.0,2.3,0.0,23.7,55.2
2025-11-09,Z13,P4,0.0,0.0,0.9,0.0,16.2,43.0
2025-11-10,Z13,P4,0.0,0.0,20.5,11.0,136.4,156.1
2025-11-11,Z13,P4,0.0,0.0,12.5,0.0,76.0,108.5
2025-11-12,Z13,P4,0.0,0.0,12.5,0.0,76.6,102.4
2025-11-13,Z13,P4,106.0,100.0,34.5,30.8,129.0,153.8
2025-11-14,Z13,P4,122.7,193.75,50.9,41.7,149.2,191.7
2025-11-15,Z13,P4,0.0,41.21,2.1,0.0,27.5,57.2
2025-11-16,Z13,P4,0.0,0.0,0.8,0.0,16.0,39.7
2025-11-17,Z13,P4,0.0,0.0,77.6,61.1,196.8,196.9
2025-11-18,Z13,P4,0.0,0.0,10.9,0.0,89.4,120.5
2025-11-19,Z13,P4,0.0,0.0,11.0,0.0,89.9,114.4
2025-11-20,Z13,P4,0.0,106.0,22.1,10.4,114.9,136.6
2025-11-21,Z13,P4,90.02,122.7,66.4,51.4,178.0,207.8
2025-11-22,Z13,P4,0.0,0.0,2.6,0.0,37.5,86.0
2025-11-23,Z13,P4,0.0,0.0,0.9,0.0,16.0,38.0
2025-11-24,Z13,P4,0.0,0.0,16.3,2.8,84.0,114.2
2025-11-25,Z13,P4,0.0,0.0,9.7,0.0,80.4,111.6
2025-11-26,Z13,P4,0.0,0.0,11.3,0.0,81.3,104.8
2025-11-27,Z13,P4,90.65,0.0,49.7,29.4,139.1,162.2
2025-11-28,Z13,P4,108.23,90.02,88.1,59.8,184.5,188.3
2025-11-29,Z13,P4,0.0,0.0,3.8,3.9,43.4,69.0
2025-11-30,Z13,P4,0.0,0.0,1.9,0.8,33.1,66.4
2025-12-01,Z13,P4,228.01,0.0,11.3,0.0,74.2,110.9
2025-12-02,Z13,P4,0.0,0.0,11.3,0.2,74.5,109.2
2025-12-03,Z13,P4,21.26,0.0,16.1,0.8,77.3,105.4
2025-12-04,Z13,P4,101.01,90.65,58.4,42.0,151.9,179.4
2025-12-05,Z13,P4,112.74,108.23,103.4,84.0,232.3,232.3
2025-12-06,Z13,P4,0.0,0.0,2.7,1.5,27.0,58.4
2025-12-07,Z13,P4,0.0,0.0,1.2,0.4,22.1,45.8
2025-12-08,Z13,P4,0.0,228.01,16.9,13.4,164.8,201.4
2025-12-09,Z13,P4,140.88,0.0,12.0,0.0,101.3,132.9
2025-12-10,Z13,P4,0.0,21.26,13.3,0.4,93.8,123.8
2025-12-11,Z13,P4,78.0,101.01,55.9,31.3,155.8,171.8
2025-12-12,Z13,P4,0.0,112.74,78.5,55.0,170.0,191.3
2025-12-13,Z13,P4,0.0,0.0,2.6,0.0,24.6,56.8
2025-12-14,Z13,P4,0.0,0.0,0.9,0.0,16.0,40.8
2025-12-15,Z13,P4,0.0,0.0,54.8,31.9,179.7,218.4
2025-12-16,Z13,P4,0.0,140.88,20.1,1.3,115.0,149.0
2025-12-17,Z13,P4,0.0,0.0,13.1,0.0,82.9,120.2
2025-12-18,Z13,P4,0.0,78.0,42.1,21.6,128.0,168.9
2025-12-19,Z13,P4,0.0,0.0,54.2,30.4,140.1,175.5
2025-12-20,Z13,P4,0.0,0.0,4.1,1.1,22.6,60.1
2025-12-21,Z13,P4,0.0,0.0,2.8,0.0,14.8,41.9
2025-12-22,Z13,P4,0.0,0.0,25.9,23.2,149.6,168.0
2025-12-23,Z13,P4,39.37,0.0,10.7,0.0,99.7,140.8
2025-12-24,Z13,P4,0.0,0.0,8.4,0.0,63.0,103.3
2025-12-25,Z13,P4,0.0,0.0,17.2,11.1,104.8,134.1
2025-12-26,Z13,P4,0.0,0.0,47.1,18.9,128.9,161.3
2025-12-27,Z13,P4,150.01,0.0,6.9,10.0,22.2,57.4
2025-12-28,Z13,P4,0.0,0.0,4.0,0.0,13.6,41.4
2025-12-29,Z13,P4,120.01,0.0,40.6,35.1,196.6,200.9
2025-12-30,Z13,P4,0.0,39.37,39.5,21.0,139.2,139.2
2025-12-31,Z13,P4,0.0,0.0,15.1,0.0,82.5,115.7
2026-01-01,Z13,P4,0.0,0.0,43.3,39.8,83.5,140.8
2026-01-02,Z13,P4,91.0,0.0,64.2,53.5,111.3,168.4
2026-01-03,Z13,P4,86.0,150.01,17.8,4.1,67.2,103.8
2026-01-04,Z13,P4,0.0,0.0,5.7,1.8,8.4,46.2
2026-01-05,Z13,P4,0.0,120.01,38.7,24.4,137.0,165.7
2026-01-06,Z13,P4,0.0,0.0,54.2,49.7,147.3,183.0
2026-01-07,Z13,P4,0.0,0.0,17.2,3.1,88.3,120.5
2026-01-08,Z13,P4,0.0,0.0,50.4,31.2,110.9,125.8
2026-01-09,Z13,P4,132.0,91.0,55.3,43.1,143.9,144.8
2026-01-10,Z13,P4,0.0,86.0,5.9,9.1,111.7,172.8
2026-01-11,Z13,P4,0.0,0.0,1.1,0.0,19.7,44.4
2026-01-12,Z13,P4,0.0,0.0,30.4,26.8,122.3,157.8
2026-01-13,Z13,P4,0.0,0.0,19.5,1.0,97.3,152.3
2026-01-14,Z13,P4,0.0,0.0,11.6,0.0,74.9,99.6
2026-01-15,Z13,P4,0.0,0.0,11.7,0.0,80.6,100.0
2026-01-16,Z13,P4,0.0,132.0,35.7,39.2,120.9,151.2
2026-01-17,Z13,P4,0.0,0.0,19.4,26.4,134.5,144.9
2026-01-18,Z13,P4,0.0,0.0,1.2,0.0,21.2,42.2
2026-01-19,Z13,P4,0.0,0.0,28.2,12.2,130.7,156.7
2026-01-20,Z13,P4,0.0,0.0,21.5,0.0,84.8,110.9
2026-01-21,Z13,P4,0.0,0.0,10.7,0.0,76.7,104.5
2026-01-22,Z13,P4,0.0,0.0,16.3,7.8,78.9,105.0
2026-01-23,Z13,P4,77.0,0.0,57.9,37.5,145.2,168.3
2026-01-24,Z13,P4,0.0,0.0,20.6,26.9,132.0,132.0
2026-01-25,Z13,P4,0.0,0.0,1.2,0.0,20.4,37.5
2026-01-26,Z13,P4,196.81,0.0,69.5,53.2,147.4,195.4
2026-01-27,Z13,P4,0.0,0.0,11.0,0.0,83.1,104.9
2026-01-28,Z13,P4,0.0,0.0,11.3,0.0,82.9,99.6
2026-01-29,Z13,P4,102.0,0.0,36.5,25.8,95.3,116.1
2026-01-30,Z13,P4,201.0,77.0,77.8,61.3,172.7,176.5
2026-01-31,Z13,P4,0.0,0.0,6.0,3.8,60.9,82.7
2026-02-01,Z13,P4,0.0,0.0,1.4,0.0,20.2,39.1
2026-02-02,Z13,P4,0.0,196.81,30.4,8.2,120.4,156.9
2026-02-03,Z13,P4,0.0,0.0,46.3,33.2,120.3,125.0
2026-02-04,Z13,P4,93.19,0.0,12.0,0.0,80.1,96.2
2026-02-05,Z13,P4,106.29,102.0,34.8,17.0,114.1,122.8
2026-02-06,Z13,P4,334.0,201.0,67.0,55.8,162.9,188.0
2026-02-07,Z13,P4,0.0,0.0,2.2,0.0,26.9,53.2
2026-02-08,Z13,P4,0.0,0.0,1.0,0.0,17.3,38.5
2026-02-09,Z13,P4,0.0,0.0,16.3,0.2,133.2,173.9
2026-02-10,Z13,P4,0.0,0.0,19.0,2.5,81.1,114.0
2026-02-11,Z13,P4,200.02,93.19,17.2,2.5,103.2,114.2
2026-02-12,Z13,P4,0.0,106.29,21.6,5.4,105.2,124.2
2026-02-13,Z13,P4,0.0,334.0,40.6,55.0,249.9,329.5
2026-02-14,Z13,P4,0.0,0.0,1.3,0.0,22.3,54.2
2026-02-15,Z13,P4,0.0,0.0,1.1,0.0,11.8,37.8
2026-02-16,Z13,P4,0.0,0.0,30.9,28.5,171.1,200.6
2026-02-17,Z13,P4,20.01,0.0,29.7,1.5,102.0,139.8
2026-02-18,Z13,P4,0.0,200.02,26.7,13.9,152.9,172.4
2026-02-19,Z13,P4,132.57,0.0,28.6,18.9,149.8,187.0
2026-02-20,Z13,P4,205.08,0.0,79.9,72.0,253.8,253.8
2026-02-21,Z13,P4,0.0,0.0,16.1,29.5,60.6,75.7
2026-02-22,Z13,P4,0.0,0.0,0.8,0.0,7.9,38.4
2026-02-23,Z13,P4,170.66,0.0,118.9,103.6,266.3,289.4
2026-02-24,Z13,P4,141.97,20.01,20.3,2.1,98.6,139.1
2026-02-25,Z13,P4,173.55,0.0,29.8,19.8,171.7,227.3
2026-02-26,Z13,P4,0.0,132.57,61.8,38.7,169.6,210.9
2026-02-27,Z13,P4,135.0,205.08,112.3,115.0,303.5,341.5
2026-02-28,Z13,P4,0.0,0.0,8.0,16.7,46.5,88.5
2026-03-01,Z13,P4,0.0,0.0,0.9,0.0,8.5,42.3
2026-03-02,Z13,P4,190.01,170.66,53.0,17.4,170.4,222.0
2026-03-03,Z13,P4,179.82,141.97,43.8,20.1,138.9,167.6
2026-03-04,Z13,P4,201.92,173.55,58.5,46.8,182.1,249.0
2026-03-05,Z13,P4,104.75,0.0,67.1,37.9,165.8,197.2
2026-03-06,Z13,P4,92.67,135.0,127.8,113.2,289.8,351.5
2026-03-07,Z13,P4,0.0,0.0,3.0,0.5,18.9,55.5
2026-03-08,Z13,P4,0.0,0.0,1.1,0.5,8.0,38.5
2026-03-09,Z13,P4,158.78,190.01,62.0,39.2,188.6,227.1
2026-03-10,Z13,P4,106.84,179.82,45.2,38.7,161.7,209.4
2026-03-11,Z13,P4,0.0,201.92,76.5,86.4,236.8,263.9
2026-03-12,Z13,P4,169.56,104.75,56.5,34.1,164.9,197.3
2026-03-13,Z13,P4,37.12,92.67,71.3,55.3,186.8,229.8
2026-03-14,Z13,P4,0.0,0.0,4.6,2.3,15.5,57.3
2026-03-15,Z13,P4,0.0,0.0,1.4,0.0,2.8,40.3
2026-03-16,Z13,P4,0.0,158.78,76.1,63.5,206.7,244.1
2026-03-17,Z13,P4,0.0,106.84,72.9,76.3,203.8,213.7
2026-03-18,Z13,P4,0.0,0.0,54.9,57.7,204.4,236.0
2026-03-19,Z13,P4,0.0,169.56,76.0,64.2,167.9,216.0
2026-03-20,Z13,P4,209.6,37.12,100.3,105.2,246.1,267.3
2026-03-21,Z13,P4,0.0,0.0,6.3,1.9,18.1,60.8
2026-03-22,Z13,P4,0.0,0.0,1.7,0.4,6.9,39.0
2026-03-23,Z13,P4,153.39,0.0,112.9,122.8,229.6,291.8
2026-03-24,Z13,P4,0.0,0.0,98.7,75.2,190.8,234.9
2026-03-25,Z13,P4,178.0,0.0,89.3,68.9,217.4,248.9
2026-03-26,Z13,P4,116.19,0.0,77.6,80.6,196.9,249.1
2026-03-27,Z13,P4,189.5,209.6,107.7,106.2,226.5,280.4
2026-03-28,Z13,P4,0.0,0.0,5.6,5.4,19.5,66.2
2026-03-29,Z13,P4,0.0,0.0,1.4,4.0,8.6,46.1
2026-03-30,Z13,P4,0.0,153.39,111.1,88.4,252.0,294.4
2026-03-31,Z13,P4,0.0,0.0,96.9,67.2,242.5,263.8
2026-04-01,Z13,P4,0.0,178.0,80.3,76.8,229.3,275.5
2026-04-02,Z13,P4,98.99,116.19,108.1,88.4,226.4,259.1
2026-04-03,Z13,P4,0.0,189.5,108.4,114.9,236.5,268.5
2026-04-04,Z13,P4,0.0,0.0,5.2,1.3,17.8,65.1
2026-04-05,Z13,P4,0.0,0.0,1.4,0.0,6.6,45.1
2026-04-06,Z13,P4,0.0,0.0,87.8,73.5,211.3,255.5
2026-04-07,Z13,P4,0.0,0.0,49.8,34.1,145.2,175.9
2026-04-08,Z13,P4,177.8,0.0,81.5,71.6,197.1,243.6
2026-04-09,Z13,P4,0.0,98.99,82.9,70.0,184.9,209.5
2026-04-10,Z13,P4,0.0,0.0,52.2,44.5,200.3,218.8
2026-04-11,Z13,P4,51.01,0.0,3.5,0.0,15.6,57.6
2026-04-12,Z13,P4,0.0,0.0,1.2,0.0,5.2,37.6
2026-04-13,Z13,P4,0.0,0.0,36.1,19.7,153.4,195.6
2026-04-14,Z13,P4,70.79,0.0,35.4,10.4,98.0,146.8
2026-04-15,Z13,P4,0.0,177.8,46.7,30.6,167.8,227.6
2026-04-16,Z13,P4,0.0,0.0,60.0,56.9,178.1,199.7
2026-04-17,Z13,P4,0.0,0.0,112.3,106.7,246.6,283.5
2026-04-18,Z13,P4,0.0,51.01,4.5,1.2,17.5,57.8
2026-04-19,Z13,P4,0.0,0.0,1.3,0.0,5.2,37.6
2026-04-20,Z13,P4,0.0,0.0,86.3,66.6,172.8,217.6
2026-04-21,Z13,P4,0.0,70.79,54.5,52.2,154.9,181.2
2026-04-22,Z13,P4,0.0,0.0,88.8,69.6,216.9,254.6
2026-04-23,Z13,P4,0.0,0.0,64.7,38.2,173.1,214.1
2026-04-24,Z13,P4,139.74,0.0,112.7,89.0,248.0,277.9
2026-04-25,Z13,P4,0.0,0.0,2.3,0.0,40.0,88.0
2026-04-26,Z13,P4,0.0,0.0,0.8,0.0,8.1,36.0
2026-04-27,Z13,P4,0.0,0.0,46.0,35.4,137.0,161.0
2026-04-28,Z13,P4,0.0,0.0,40.0,26.2,138.8,157.6
2026-04-29,Z13,P4,0.0,0.0,44.8,50.0,173.5,196.7
2026-04-30,Z13,P4,268.17,0.0,53.4,40.2,145.2,183.5
2025-10-01,Z14,P1,3095.32,3206.96,2889.6,2728.1,3809.8,3911.0
2025-10-02,Z14,P1,4150.52,4099.24,2968.9,2980.3,3699.4,4308.5
2025-10-03,Z14,P1,2073.41,2424.69,2590.6,2561.8,3794.4,4096.8
2025-10-04,Z14,P1,352.88,120.01,544.4,508.7,1262.9,2630.7
2025-10-05,Z14,P1,322.65,684.59,517.1,581.1,1197.5,2231.2
2025-10-06,Z14,P1,4054.87,3573.95,3155.8,3242.1,3720.4,4349.6
2025-10-07,Z14,P1,3664.71,1944.32,2731.4,2746.0,3840.3,4490.0
2025-10-08,Z14,P1,3778.78,3095.32,2944.1,2880.6,3724.9,4068.3
2025-10-09,Z14,P1,2030.52,4150.52,3188.2,3278.8,3796.4,4632.6
2025-10-10,Z14,P1,2820.34,2073.41,2747.7,2731.4,3497.8,4033.8
2025-10-11,Z14,P1,617.83,352.88,484.4,518.3,1090.2,2792.6
2025-10-12,Z14,P1,563.72,322.65,457.9,467.2,1037.5,2183.6
2025-10-13,Z14,P1,2907.68,4054.87,3316.0,3405.8,4200.9,4496.8
2025-10-14,Z14,P1,2642.66,3664.71,3283.6,3141.0,3670.7,4297.6
2025-10-15,Z14,P1,3449.3,3778.78,3158.3,3151.2,4064.9,4279.1
2025-10-16,Z14,P1,2960.63,2030.52,2774.3,2633.0,4024.0,4577.3
2025-10-17,Z14,P1,3095.82,2820.34,2811.6,2786.8,3679.9,3973.8
2025-10-18,Z14,P1,432.45,617.83,606.0,613.7,1948.1,2260.4
2025-10-19,Z14,P1,613.45,563.72,619.5,606.3,1140.0,2151.1
2025-10-20,Z14,P1,2079.07,2907.68,3158.3,3149.2,4008.4,4404.0
2025-10-21,Z14,P1,2706.0,2642.66,2928.4,2965.2,3758.0,4194.0
2025-10-22,Z14,P1,4053.32,3449.3,3187.2,3365.5,3717.6,4545.8
2025-10-23,Z14,P1,1833.69,2960.63,3013.6,3014.7,3955.5,4074.8
2025-10-24,Z14,P1,3280.24,3095.82,2856.5,2848.0,3673.4,4090.6
2025-10-25,Z14,P1,381.0,432.45,486.7,499.5,1086.6,2113.0
2025-10-26,Z14,P1,313.5,613.45,552.4,527.2,1077.2,2166.0
2025-10-27,Z14,P1,2736.39,2079.07,2787.4,2735.6,3530.8,3989.9
2025-10-28,Z14,P1,2841.73,2706.0,2960.7,3048.1,3806.3,5194.4
2025-10-29,Z14,P1,5176.11,4053.32,3257.4,3257.4,3771.0,4432.9
2025-10-30,Z14,P1,4091.93,1833.69,2631.1,2526.6,4108.7,5244.0
2025-10-31,Z14,P1,2264.95,3280.24,2952.3,2989.5,3976.3,4170.3
2025-11-01,Z14,P1,397.24,381.0,482.8,492.3,1090.2,2143.6
2025-11-02,Z14,P1,304.97,313.5,417.0,420.3,967.4,2070.1
2025-11-03,Z14,P1,3177.82,2736.39,2975.4,3025.9,3764.2,3988.6
2025-11-04,Z14,P1,3531.06,2841.73,2989.9,3107.7,3725.1,4007.1
2025-11-05,Z14,P1,2132.37,5176.11,3368.5,3364.3,3924.1,4854.4
2025-11-06,Z14,P1,4570.4,4091.93,2951.2,2947.1,3953.6,4257.6
2025-11-07,Z14,P1,1738.54,2264.95,2701.7,2818.5,3658.4,4033.7
2025-11-08,Z14,P1,443.75,397.24,516.2,473.6,1102.2,2167.3
2025-11-09,Z14,P1,89.79,304.97,416.1,432.0,886.3,2020.4
2025-11-10,Z14,P1,2563.27,3177.82,2879.6,2880.5,3610.6,4135.9
2025-11-11,Z14,P1,2302.91,3531.06,3007.1,3219.8,3729.5,4182.7
2025-11-12,Z14,P1,2412.02,2132.37,2807.8,2908.2,3948.0,4594.5
2025-11-13,Z14,P1,2390.88,4570.4,3165.7,3166.7,3964.3,4792.0
2025-11-14,Z14,P1,2122.71,1738.54,2604.2,2510.3,4014.5,5663.3
2025-11-15,Z14,P1,470.72,443.75,508.3,502.8,1091.5,2169.6
2025-11-16,Z14,P1,506.55,89.79,418.1,349.0,905.5,2086.8
2025-11-17,Z14,P1,4382.96,2563.27,2820.1,2877.1,3755.3,3951.4
2025-11-18,Z14,P1,2792.93,2302.91,2737.4,2807.4,3587.3,4110.9
2025-11-19,Z14,P1,2726.89,2412.02,2866.6,2983.2,3747.8,4088.7
2025-11-20,Z14,P1,2780.58,2390.88,2815.0,2910.9,4669.4,5634.4
2025-11-21,Z14,P1,3507.23,2122.71,2421.3,2490.8,4198.4,4198.4
2025-11-22,Z14,P1,412.09,470.72,394.0,401.5,992.3,2072.5
2025-11-23,Z14,P1,317.39,506.55,399.0,394.8,899.8,2656.7
2025-11-24,Z14,P1,2270.75,4382.96,3182.5,3278.2,4022.0,4525.5
2025-11-25,Z14,P1,2909.54,2792.93,2871.3,2905.1,3738.3,4062.1
2025-11-26,Z14,P1,3845.14,2726.89,2880.1,3042.1,3662.6,3947.2
2025-11-27,Z14,P1,4021.46,2780.58,3101.3,3248.8,4026.4,4135.7
2025-11-28,Z14,P1,2860.35,3507.23,2789.5,2686.8,3736.5,4194.8
2025-11-29,Z14,P1,1098.91,412.09,434.9,437.6,1042.6,2110.0
2025-11-30,Z14,P1,719.97,317.39,313.0,328.1,869.2,1986.0
2025-12-01,Z14,P1,2474.32,2270.75,2880.2,2866.8,3763.7,4159.4
2025-12-02,Z14,P1,1984.7,2909.54,2945.4,3096.9,3700.6,4023.8
2025-12-03,Z14,P1,2110.89,3845.14,2983.9,3189.3,3777.0,4176.6
2025-12-04,Z14,P1,3334.51,4021.46,2916.9,3149.1,3592.4,4471.0
2025-12-05,Z14,P1,1882.34,2860.35,2657.0,2764.7,3749.9,5200.0
2025-12-06,Z14,P1,250.77,1098.91,632.8,665.5,1371.7,2474.2
2025-12-07,Z14,P1,282.06,719.97,428.6,463.8,947.6,2076.8
2025-12-08,Z14,P1,3020.95,2474.32,2772.9,2802.8,3803.6,4038.9
2025-12-09,Z14,P1,2970.85,1984.7,2536.5,2433.3,3388.4,3790.0
2025-12-10,Z14,P1,2618.89,2110.89,2634.8,2701.9,3511.2,3799.9
2025-12-11,Z14,P1,6070.17,3334.51,2994.6,3086.0,3896.4,4296.6
2025-12-12,Z14,P1,2072.18,1882.34,2543.4,2513.5,4240.3,4913.3
2025-12-13,Z14,P1,547.37,250.77,499.6,469.5,2219.1,2675.3
2025-12-14,Z14,P1,362.98,282.06,476.7,430.9,1060.1,2105.2
2025-12-15,Z14,P1,2654.74,3020.95,2880.5,3015.5,3777.5,4174.5
2025-12-16,Z14,P1,3001.73,2970.85,2866.4,2801.2,3780.2,3979.2
2025-12-17,Z14,P1,3432.83,2618.89,2855.7,2883.6,3853.3,4086.6
2025-12-18,Z14,P1,3059.94,6070.17,3107.6,3462.3,4876.2,4876.2
2025-12-19,Z14,P1,1485.32,2072.18,2593.4,2650.6,4302.5,4302.5
2025-12-20,Z14,P1,628.34,547.37,489.8,469.7,1091.4,3096.8
2025-12-21,Z14,P1,261.91,362.98,319.7,283.5,868.3,1954.7
2025-12-22,Z14,P1,1534.24,2654.74,1983.0,2318.5,3519.5,3815.3
2025-12-23,Z14,P1,1138.08,3001.73,2026.8,2217.6,3465.4,3883.8
2025-12-24,Z14,P1,972.62,3432.83,1536.3,2091.7,3403.2,4125.4
2025-12-25,Z14,P1,343.55,3059.94,2049.5,2271.8,3911.4,4511.6
2025-12-26,Z14,P1,138.95,1485.32,1517.4,1615.9,3319.8,6217.8
2025-12-27,Z14,P1,501.41,628.34,592.3,466.0,1106.0,2284.1
2025-12-28,Z14,P1,34.01,261.91,353.7,224.3,831.6,1967.6
2025-12-29,Z14,P1,832.41,1534.24,1796.3,1881.8,3919.6,6257.3
2025-12-30,Z14,P1,950.63,1138.08,1760.7,1588.5,3616.2,8495.8
2025-12-31,Z14,P1,1614.01,972.62,1444.7,1505.8,3674.7,8091.3
2026-01-01,Z14,P1,89.83,343.55,1244.8,1267.8,3596.2,7355.4
2026-01-02,Z14,P1,897.01,138.95,790.2,959.1,2693.2,5838.4
2026-01-03,Z14,P1,425.14,501.41,498.6,500.9,1008.2,2114.3
2026-01-04,Z14,P1,583.48,34.01,226.3,209.1,703.9,1878.2
2026-01-05,Z14,P1,2323.34,832.41,2181.5,2010.0,3447.8,6111.8
2026-01-06,Z14,P1,1886.95,950.63,2080.1,2079.6,3460.9,7421.0
2026-01-07,Z14,P1,2998.84,1614.01,2443.5,2355.5,4062.3,4490.6
2026-01-08,Z14,P1,1687.45,89.83,1805.4,2283.2,3859.7,8522.0
2026-01-09,Z14,P1,1550.32,897.01,1519.0,1591.2,3255.9,6741.7
2026-01-10,Z14,P1,537.65,425.14,549.0,533.4,1096.8,2198.4
2026-01-11,Z14,P1,628.01,583.48,394.0,416.1,928.4,2682.3
2026-01-12,Z14,P1,4287.84,2323.34,2558.1,2314.2,5619.2,5619.2
2026-01-13,Z14,P1,2081.33,1886.95,2446.2,2177.9,4127.9,4127.9
2026-01-14,Z14,P1,3544.09,2998.84,2663.2,2357.6,3684.8,3920.1
2026-01-15,Z14,P1,1902.29,1687.45,2007.7,1774.4,5163.0,7272.1
2026-01-16,Z14,P1,2263.0,1550.32,1670.6,1695.6,5285.5,5285.5
2026-01-17,Z14,P1,261.32,537.65,542.7,542.5,1144.7,2192.0
2026-01-18,Z14,P1,165.52,628.01,420.4,412.3,995.4,2090.9
2026-01-19,Z14,P1,4060.01,4287.84,2666.4,2375.7,3731.0,4156.6
2026-01-20,Z14,P1,2721.2,2081.33,2224.8,2150.7,5043.4,5043.4
2026-01-21,Z14,P1,3238.66,3544.09,2735.3,2744.8,3806.4,3980.6
2026-01-22,Z14,P1,4179.31,1902.29,2103.4,1872.8,6523.4,6523.4
2026-01-23,Z14,P1,3737.5,2263.0,2080.2,1958.4,5321.2,5321.2
2026-01-24,Z14,P1,308.51,261.32,558.7,560.0,1133.1,2541.2
2026-01-25,Z14,P1,341.33,165.52,394.4,404.7,941.9,1978.4
2026-01-26,Z14,P1,1740.7,4060.01,2850.7,2780.0,3945.3,4441.8
2026-01-27,Z14,P1,4066.9,2721.2,2355.8,2310.2,3626.1,4876.4
2026-01-28,Z14,P1,2661.95,3238.66,2740.2,2713.1,3858.1,4155.4
2026-01-29,Z14,P1,2098.85,4179.31,2744.2,2459.3,3683.1,4177.7
2026-01-30,Z14,P1,3775.73,3737.5,2537.5,2552.0,3687.6,3983.8
2026-01-31,Z14,P1,573.58,308.51,407.0,404.2,986.3,2039.9
2026-02-01,Z14,P1,313.88,341.33,407.0,424.1,868.4,2004.1
2026-02-02,Z14,P1,2867.48,1740.7,2718.5,2472.4,4565.9,6274.6
2026-02-03,Z14,P1,3911.2,4066.9,2747.8,2631.6,3784.7,4222.6
2026-02-04,Z14,P1,2051.91,2661.95,2746.5,2575.1,3805.8,4165.6
2026-02-05,Z14,P1,3417.19,2098.85,2624.4,2440.5,4494.1,4494.1
2026-02-06,Z14,P1,3088.87,3775.73,2678.9,2591.4,3910.2,4342.4
2026-02-07,Z14,P1,732.71,573.58,484.8,532.3,1081.2,2148.8
2026-02-08,Z14,P1,253.01,313.88,384.0,360.2,915.3,1984.8
2026-02-09,Z14,P1,3740.0,2867.48,2746.9,2651.2,4015.1,5333.7
2026-02-10,Z14,P1,2476.42,3911.2,2948.8,2857.4,3974.1,4422.1
2026-02-11,Z14,P1,1770.61,2051.91,2729.1,2597.6,3314.9,4109.7
2026-02-12,Z14,P1,3047.69,3417.19,2931.4,2792.0,4132.3,4193.3
2026-02-13,Z14,P1,2011.92,3088.87,2707.4,2700.6,4091.3,4418.8
2026-02-14,Z14,P1,157.05,732.71,549.0,553.9,1121.3,2242.5
2026-02-15,Z14,P1,438.05,253.01,281.8,237.2,826.3,1904.9
2026-02-16,Z14,P1,1961.86,3740.0,2791.4,2545.4,3477.6,4352.9
2026-02-17,Z14,P1,1812.54,2476.42,2658.1,2421.9,3955.9,4276.3
2026-02-18,Z14,P1,3408.06,1770.61,2247.8,2141.8,4948.6,5281.1
2026-02-19,Z14,P1,2494.93,3047.69,2777.5,2506.7,3683.7,4308.1
2026-02-20,Z14,P1,3150.33,2011.92,2462.9,2425.2,3252.0,4058.3
2026-02-21,Z14,P1,340.01,157.05,468.7,472.3,1164.2,2478.0
2026-02-22,Z14,P1,322.19,438.05,286.4,274.7,782.8,1898.4
2026-02-23,Z14,P1,3382.1,1961.86,2369.0,2184.2,4375.6,4375.6
2026-02-24,Z14,P1,3359.68,1812.54,2345.7,2402.7,4007.3,5908.4
2026-02-25,Z14,P1,3115.81,3408.06,2471.3,2274.1,3562.2,4117.2
2026-02-26,Z14,P1,2829.24,2494.93,2527.3,2307.1,3617.1,4110.5
2026-02-27,Z14,P1,4110.43,3150.33,2586.5,2512.5,3734.2,4182.4
2026-02-28,Z14,P1,398.63,340.01,503.6,522.9,1071.8,2149.4
2025-10-01,Z14,P2,85.12,159.65,120.0,118.7,252.8,327.2
2025-10-02,Z14,P2,210.17,262.89,147.4,140.6,292.5,355.6
2025-10-03,Z14,P2,251.86,128.96,141.3,145.7,386.6,386.6
2025-10-04,Z14,P2,76.53,220.34,136.6,144.6,210.4,269.4
2025-10-05,Z14,P2,87.4,234.85,145.3,132.7,247.0,343.4
2025-10-06,Z14,P2,123.67,155.56,106.6,117.5,339.0,339.0
2025-10-07,Z14,P2,65.87,111.92,109.5,121.8,214.2,250.2
2025-10-08,Z14,P2,88.82,85.12,115.8,122.6,231.0,272.0
2025-10-09,Z14,P2,172.12,210.17,129.3,139.3,241.8,291.4
2025-10-10,Z14,P2,168.47,251.86,137.3,149.0,241.0,293.7
2025-10-11,Z14,P2,44.54,76.53,127.5,136.9,236.7,278.5
2025-10-12,Z14,P2,238.65,87.4,116.4,128.1,236.8,289.4
2025-10-13,Z14,P2,60.39,123.67,115.2,116.7,232.5,274.0
2025-10-14,Z14,P2,107.05,65.87,116.8,117.5,214.8,272.6
2025-10-15,Z14,P2,191.72,88.82,131.8,125.3,223.2,291.5
2025-10-16,Z14,P2,38.3,172.12,147.0,140.7,261.2,322.2
2025-10-17,Z14,P2,95.55,168.47,143.9,148.7,263.9,309.9
2025-10-18,Z14,P2,149.57,44.54,135.0,128.5,225.2,252.3
2025-10-19,Z14,P2,101.33,238.65,140.8,137.3,237.4,285.3
2025-10-20,Z14,P2,62.92,60.39,128.9,124.9,231.1,262.0
2025-10-21,Z14,P2,130.06,107.05,121.9,123.2,232.8,266.1
2025-10-22,Z14,P2,81.23,191.72,131.2,128.2,238.1,278.2
2025-10-23,Z14,P2,64.77,38.3,156.1,143.3,261.8,323.7
2025-10-24,Z14,P2,234.18,95.55,147.6,144.5,256.6,301.0
2025-10-25,Z14,P2,156.1,149.57,146.0,137.9,241.1,290.8
2025-10-26,Z14,P2,132.38,101.33,136.2,132.0,235.8,318.1
2025-10-27,Z14,P2,178.33,62.92,125.7,119.2,226.1,263.6
2025-10-28,Z14,P2,60.81,130.06,121.1,117.7,349.8,349.8
2025-10-29,Z14,P2,145.11,81.23,117.3,121.1,232.0,269.1
2025-10-30,Z14,P2,154.37,64.77,151.1,137.2,264.2,332.9
2025-10-31,Z14,P2,176.3,234.18,170.2,163.2,311.8,352.5
2025-11-01,Z14,P2,154.59,156.1,123.3,133.8,337.8,337.8
2025-11-02,Z14,P2,97.49,132.38,109.3,107.0,240.3,253.4
2025-11-03,Z14,P2,107.73,178.33,108.2,104.4,338.8,338.8
2025-11-04,Z14,P2,276.69,60.81,106.7,99.8,200.0,257.4
2025-11-05,Z14,P2,231.5,145.11,114.8,104.0,219.4,266.1
2025-11-06,Z14,P2,148.8,154.37,122.8,123.2,365.2,365.2
2025-11-07,Z14,P2,57.28,176.3,132.3,135.6,236.0,285.1
2025-11-08,Z14,P2,80.26,154.59,120.2,121.5,217.6,265.7
2025-11-09,Z14,P2,151.17,97.49,130.8,126.3,229.5,300.3
2025-11-10,Z14,P2,161.96,107.73,104.0,104.6,342.3,342.3
2025-11-11,Z14,P2,92.62,276.69,121.0,124.9,236.0,278.0
2025-11-12,Z14,P2,86.59,231.5,139.4,133.7,265.5,321.5
2025-11-13,Z14,P2,166.97,148.8,118.8,123.1,223.3,259.5
2025-11-14,Z14,P2,147.19,57.28,146.1,142.4,248.1,286.2
2025-11-15,Z14,P2,82.39,80.26,141.6,136.0,235.2,285.9
2025-11-16,Z14,P2,73.98,151.17,118.7,121.5,215.3,243.5
2025-11-17,Z14,P2,71.49,161.96,126.5,122.3,231.8,261.2
2025-11-18,Z14,P2,102.21,92.62,111.7,124.1,367.5,367.5
2025-11-19,Z14,P2,161.79,86.59,127.2,130.5,233.4,274.3
2025-11-20,Z14,P2,148.76,166.97,129.8,134.6,247.0,286.0
2025-11-21,Z14,P2,76.9,147.19,151.3,148.7,266.5,326.0
2025-11-22,Z14,P2,39.67,82.39,136.3,134.6,232.6,257.5
2025-11-23,Z14,P2,33.23,73.98,121.3,116.4,217.1,275.4
2025-11-24,Z14,P2,157.96,71.49,131.1,126.6,239.7,297.1
2025-11-25,Z14,P2,31.16,102.21,123.3,121.6,241.9,279.7
2025-11-26,Z14,P2,93.38,161.79,130.7,123.7,232.3,276.0
2025-11-27,Z14,P2,60.07,148.76,127.4,130.1,249.0,291.5
2025-11-28,Z14,P2,208.52,76.9,145.8,145.2,244.9,283.4
2025-11-29,Z14,P2,59.03,39.67,123.9,123.8,185.5,230.6
2025-11-30,Z14,P2,89.89,33.23,94.1,84.9,197.1,229.9
2025-12-01,Z14,P2,102.17,157.96,112.9,108.5,217.5,265.6
2025-12-02,Z14,P2,144.22,31.16,113.1,119.9,221.5,291.7
2025-12-03,Z14,P2,125.62,93.38,122.2,120.5,245.8,304.0
2025-12-04,Z14,P2,22.47,60.07,113.6,113.3,227.8,269.5
2025-12-05,Z14,P2,132.09,208.52,121.5,127.1,234.4,261.3
2025-12-06,Z14,P2,56.89,59.03,102.6,96.0,195.3,227.2
2025-12-07,Z14,P2,41.33,89.89,101.3,94.7,188.7,222.7
2025-12-08,Z14,P2,78.32,102.17,106.8,102.1,213.6,255.2
2025-12-09,Z14,P2,73.14,144.22,102.6,100.2,212.1,792.9
2025-12-10,Z14,P2,198.28,125.62,106.5,104.7,229.2,268.3
2025-12-11,Z14,P2,203.0,22.47,107.6,107.0,207.4,249.2
2025-12-12,Z14,P2,74.64,132.09,123.6,124.1,234.5,256.1
2025-12-13,Z14,P2,154.36,56.89,104.2,99.8,169.4,192.8
2025-12-14,Z14,P2,79.23,41.33,78.2,78.0,152.6,184.8
2025-12-15,Z14,P2,149.32,78.32,103.8,95.8,201.9,234.2
2025-12-16,Z14,P2,70.2,73.14,96.3,91.2,342.2,342.2
2025-12-17,Z14,P2,221.67,198.28,107.8,105.9,197.4,255.2
2025-12-18,Z14,P2,282.22,203.0,109.4,105.9,329.2,786.3
2025-12-19,Z14,P2,138.5,74.64,118.4,118.8,231.3,263.7
2025-12-20,Z14,P2,104.38,154.36,103.0,95.4,172.1,216.3
2025-12-21,Z14,P2,52.5,79.23,87.4,74.7,164.4,208.8
2025-12-22,Z14,P2,125.04,149.32,108.3,95.1,215.7,240.4
2025-12-23,Z14,P2,244.49,70.2,91.7,82.6,200.0,207.7
2025-12-24,Z14,P2,85.26,221.67,92.7,80.3,200.7,240.2
2025-12-25,Z14,P2,79.22,282.22,97.4,87.1,234.1,249.3
2025-12-26,Z14,P2,114.54,138.5,131.9,115.6,247.0,291.1
2025-12-27,Z14,P2,77.25,104.38,109.9,102.8,199.1,231.6
2025-12-28,Z14,P2,31.91,52.5,85.5,61.1,130.4,160.8
2025-12-29,Z14,P2,89.63,125.04,107.5,97.7,243.3,248.6
2025-12-30,Z14,P2,148.68,244.49,109.7,101.4,227.4,276.6
2025-12-31,Z14,P2,118.74,85.26,97.3,82.9,203.5,248.0
2026-01-01,Z14,P2,97.36,79.22,92.9,93.1,198.8,248.8
2026-01-02,Z14,P2,233.52,114.54,95.9,105.2,170.0,224.1
2026-01-03,Z14,P2,30.0,77.25,95.5,98.1,232.3,430.9
2026-01-04,Z14,P2,94.56,31.91,55.9,59.5,141.3,370.3
2026-01-05,Z14,P2,88.22,89.63,97.8,85.2,213.6,433.0
2026-01-06,Z14,P2,66.33,148.68,96.8,79.6,212.4,425.9
2026-01-07,Z14,P2,54.86,118.74,125.0,97.8,235.7,486.3
2026-01-08,Z14,P2,39.27,97.36,137.6,130.8,260.2,516.5
2026-01-09,Z14,P2,61.88,233.52,135.7,127.7,237.1,456.0
2026-01-10,Z14,P2,58.38,30.0,110.7,102.1,175.8,415.3
2026-01-11,Z14,P2,174.85,94.56,87.1,87.7,296.7,380.0
2026-01-12,Z14,P2,89.77,88.22,113.7,106.5,203.5,430.6
2026-01-13,Z14,P2,19.1,66.33,105.3,102.4,220.0,430.9
2026-01-14,Z14,P2,87.34,54.86,124.1,118.2,235.4,477.3
2026-01-15,Z14,P2,108.34,39.27,125.7,120.5,235.3,471.5
2026-01-16,Z14,P2,87.69,61.88,128.0,120.1,226.6,445.1
2026-01-17,Z14,P2,114.33,58.38,107.4,97.5,182.8,376.7
2026-01-18,Z14,P2,40.98,174.85,87.7,80.0,283.8,399.4
2026-01-19,Z14,P2,206.62,89.77,106.6,95.9,213.4,435.2
2026-01-20,Z14,P2,69.03,19.1,115.1,108.9,233.2,259.6
2026-01-21,Z14,P2,194.38,87.34,107.5,97.5,208.7,232.7
2026-01-22,Z14,P2,62.96,108.34,108.4,102.9,208.3,232.7
2026-01-23,Z14,P2,126.02,87.69,126.2,123.8,236.9,254.6
2026-01-24,Z14,P2,259.05,114.33,111.4,111.5,313.1,313.1
2026-01-25,Z14,P2,5.74,40.98,80.2,80.1,194.4,217.7
2026-01-26,Z14,P2,109.83,206.62,101.7,101.3,211.5,244.0
2026-01-27,Z14,P2,91.59,69.03,101.5,102.0,337.9,337.9
2026-01-28,Z14,P2,44.89,194.38,102.8,101.5,344.6,344.6
2026-01-29,Z14,P2,155.23,62.96,98.5,103.4,183.2,202.7
2026-01-30,Z14,P2,126.56,126.02,134.0,131.1,383.8,383.8
2026-01-31,Z14,P2,48.88,259.05,113.1,119.7,346.9,346.9
2026-02-01,Z14,P2,137.67,5.74,67.7,85.7,173.6,178.8
2026-02-02,Z14,P2,93.05,109.83,106.2,97.0,212.4,255.2
2026-02-03,Z14,P2,90.99,91.59,101.4,86.7,324.6,324.6
2026-02-04,Z14,P2,103.2,44.89,96.7,92.2,204.7,249.4
2026-02-05,Z14,P2,67.2,155.23,112.4,98.1,210.5,236.3
2026-02-06,Z14,P2,112.13,126.56,115.1,114.2,213.2,236.4
2026-02-07,Z14,P2,159.69,48.88,99.3,105.4,223.8,256.0
2026-02-08,Z14,P2,115.22,137.67,106.6,96.7,309.8,309.8
2026-02-09,Z14,P2,50.44,93.05,106.2,101.1,212.3,245.5
2026-02-10,Z14,P2,49.49,90.99,109.9,99.1,187.8,215.6
2026-02-11,Z14,P2,80.08,103.2,110.1,101.7,216.0,245.9
2026-02-12,Z14,P2,241.32,67.2,103.8,98.7,217.0,240.5
2026-02-13,Z14,P2,102.22,112.13,112.2,109.4,219.2,240.8
2026-02-14,Z14,P2,88.27,159.69,112.7,97.5,227.5,263.2
2026-02-15,Z14,P2,30.38,115.22,90.4,80.2,280.6,280.6
2026-02-16,Z14,P2,127.91,50.44,128.6,124.0,242.5,278.9
2026-02-17,Z14,P2,76.87,49.49,107.0,102.4,200.0,228.0
2026-02-18,Z14,P2,49.76,80.08,128.2,121.5,364.4,364.4
2026-02-19,Z14,P2,45.31,241.32,116.4,111.2,229.2,464.3
2026-02-20,Z14,P2,18.4,102.22,128.9,127.2,231.8,446.6
2026-02-21,Z14,P2,90.59,88.27,146.0,142.3,388.9,474.5
2026-02-22,Z14,P2,139.36,30.38,79.6,80.8,182.6,193.2
2026-02-23,Z14,P2,169.26,127.91,116.3,105.8,219.5,254.6
2026-02-24,Z14,P2,49.45,76.87,110.1,100.4,209.7,248.8
2026-02-25,Z14,P2,192.94,49.76,110.4,96.0,196.3,241.8
2026-02-26,Z14,P2,140.37,45.31,110.0,115.2,211.3,258.4
2026-02-27,Z14,P2,0.0,18.4,117.4,120.5,214.7,242.5
2026-02-28,Z14,P2,46.82,90.59,119.5,120.4,207.2,242.3
2025-10-01,Z14,P3,571.55,533.28,686.2,701.0,959.9,1033.4
2025-10-02,Z14,P3,1100.84,836.44,770.7,804.7,1073.4,1144.4
2025-10-03,Z14,P3,1198.17,822.64,813.5,858.6,1123.6,1217.3
2025-10-04,Z14,P3,518.46,934.24,733.0,751.5,1105.1,1202.7
2025-10-05,Z14,P3,824.75,639.67,639.0,645.2,857.0,938.6
2025-10-06,Z14,P3,666.73,1130.15,854.2,921.4,1241.2,1342.8
2025-10-07,Z14,P3,1211.42,793.52,760.0,789.0,1037.6,1176.5
2025-10-08,Z14,P3,849.1,571.55,699.1,729.7,898.1,967.8
2025-10-09,Z14,P3,969.92,1100.84,804.1,829.5,1170.1,1312.0
2025-10-10,Z14,P3,815.12,1198.17,844.0,864.6,1206.6,1300.3
2025-10-11,Z14,P3,1073.91,518.46,688.0,703.5,986.1,1005.4
2025-10-12,Z14,P3,817.69,824.75,671.4,710.8,907.2,1044.9
2025-10-13,Z14,P3,901.8,666.73,866.2,833.8,1257.1,1396.4
2025-10-14,Z14,P3,926.84,1211.42,810.4,825.3,1182.2,1258.3
2025-10-15,Z14,P3,694.85,849.1,743.5,739.9,1001.8,1101.8
2025-10-16,Z14,P3,782.75,969.92,822.0,896.9,1216.9,1350.3
2025-10-17,Z14,P3,662.67,815.12,892.0,887.5,1197.0,1279.8
2025-10-18,Z14,P3,829.78,1073.91,764.7,775.1,1101.1,1286.6
2025-10-19,Z14,P3,754.0,817.69,723.2,736.1,913.0,1044.3
2025-10-20,Z14,P3,900.34,901.8,855.7,875.0,1258.1,1368.1
2025-10-21,Z14,P3,880.74,926.84,862.8,911.1,1196.2,1310.6
2025-10-22,Z14,P3,795.87,694.85,733.5,714.9,961.7,1070.9
2025-10-23,Z14,P3,598.04,782.75,847.7,838.5,1184.6,1257.5
2025-10-24,Z14,P3,1328.01,662.67,845.1,815.4,1155.5,1230.6
2025-10-25,Z14,P3,772.6,829.78,830.0,846.2,1076.3,1169.9
2025-10-26,Z14,P3,686.6,754.0,708.9,706.5,938.4,1034.3
2025-10-27,Z14,P3,733.71,900.34,768.3,815.4,1116.4,1190.4
2025-10-28,Z14,P3,687.62,880.74,843.0,857.4,1191.0,1231.1
2025-10-29,Z14,P3,853.12,795.87,762.8,764.9,999.8,1057.0
2025-10-30,Z14,P3,1010.38,598.04,801.7,786.5,1054.7,1127.4
2025-10-31,Z14,P3,950.95,1328.01,929.7,891.7,1331.6,1346.8
2025-11-01,Z14,P3,1021.77,772.6,769.8,749.8,1094.2,1155.9
2025-11-02,Z14,P3,698.56,686.6,695.6,706.3,910.2,1057.5
2025-11-03,Z14,P3,904.78,733.71,779.5,754.5,1051.5,1156.9
2025-11-04,Z14,P3,836.14,687.62,805.1,798.1,1090.2,1165.7
2025-11-05,Z14,P3,681.66,853.12,818.4,830.4,1088.6,1148.8
2025-11-06,Z14,P3,888.73,1010.38,781.0,820.3,1121.1,1266.7
2025-11-07,Z14,P3,909.24,950.95,851.8,872.5,1187.9,1316.3
2025-11-08,Z14,P3,786.26,1021.77,856.1,851.1,1188.9,1317.3
2025-11-09,Z14,P3,834.23,698.56,703.1,719.6,890.6,1018.3
2025-11-10,Z14,P3,717.3,904.78,835.0,863.7,1121.6,1284.3
2025-11-11,Z14,P3,1142.81,836.14,807.9,857.3,1059.4,1219.2
2025-11-12,Z14,P3,638.21,681.66,755.4,742.0,991.8,1097.9
2025-11-13,Z14,P3,588.52,888.73,806.3,820.0,1084.7,1205.4
2025-11-14,Z14,P3,912.73,909.24,897.0,891.5,1333.2,1437.7
2025-11-15,Z14,P3,857.19,786.26,799.2,799.4,1090.0,1141.7
2025-11-16,Z14,P3,448.38,834.23,734.1,721.3,899.6,1027.4
2025-11-17,Z14,P3,744.86,717.3,806.8,813.4,1155.6,1268.9
2025-11-18,Z14,P3,910.13,1142.81,861.7,814.1,1190.4,1249.8
2025-11-19,Z14,P3,854.9,638.21,756.2,741.7,981.3,1056.9
2025-11-20,Z14,P3,1091.76,588.52,766.7,751.5,1113.1,1187.9
2025-11-21,Z14,P3,1305.61,912.73,929.2,912.4,1277.8,1402.7
2025-11-22,Z14,P3,697.81,857.19,843.9,823.5,1173.9,1262.6
2025-11-23,Z14,P3,690.0,448.38,663.8,651.3,863.6,917.4
2025-11-24,Z14,P3,815.89,744.86,785.4,798.7,1097.0,1202.8
2025-11-25,Z14,P3,1147.99,910.13,802.0,816.5,1142.3,1298.2
2025-11-26,Z14,P3,619.07,854.9,751.8,761.6,1026.3,1061.4
2025-11-27,Z14,P3,1106.92,1091.76,886.9,828.2,1196.1,1339.4
2025-11-28,Z14,P3,1079.61,1305.61,965.2,963.7,1393.9,1393.9
2025-11-29,Z14,P3,998.95,697.81,773.2,755.0,1011.8,1124.0
2025-11-30,Z14,P3,550.36,690.0,651.5,650.9,837.6,1055.0
2025-12-01,Z14,P3,943.16,815.89,806.7,788.0,1057.4,1148.6
2025-12-02,Z14,P3,976.63,1147.99,943.9,934.9,1288.6,1367.7
2025-12-03,Z14,P3,605.51,619.07,748.8,724.6,975.8,1061.9
2025-12-04,Z14,P3,705.26,1106.92,925.7,948.0,1233.0,1322.8
2025-12-05,Z14,P3,740.41,1079.61,1010.3,1013.1,1250.9,1366.7
2025-12-06,Z14,P3,671.88,998.95,876.0,842.4,1156.9,1264.1
2025-12-07,Z14,P3,320.68,550.36,692.0,691.1,789.5,925.7
2025-12-08,Z14,P3,1018.49,943.16,850.0,836.8,1135.7,1249.4
2025-12-09,Z14,P3,955.25,976.63,926.4,952.7,1193.6,1362.2
2025-12-10,Z14,P3,650.41,605.51,737.1,718.8,944.6,1049.2
2025-12-11,Z14,P3,863.49,705.26,833.4,783.2,1157.2,1261.1
2025-12-12,Z14,P3,976.68,740.41,913.7,853.5,1333.1,1423.1
2025-12-13,Z14,P3,748.03,671.88,783.4,734.7,1070.6,1104.8
2025-12-14,Z14,P3,824.65,320.68,579.3,581.4,734.8,779.3
2025-12-15,Z14,P3,1068.96,1018.49,791.4,837.4,1166.9,1264.5
2025-12-16,Z14,P3,933.58,955.25,821.7,869.2,1254.8,1408.8
2025-12-17,Z14,P3,752.68,650.41,734.6,710.0,949.7,1017.1
2025-12-18,Z14,P3,744.0,863.49,817.9,815.5,1148.9,1248.1
2025-12-19,Z14,P3,1070.3,976.68,900.3,926.4,1455.3,1591.1
2025-12-20,Z14,P3,760.3,748.03,702.3,716.6,915.9,1154.5
2025-12-21,Z14,P3,490.44,824.65,574.8,574.8,724.6,888.8
2025-12-22,Z14,P3,788.03,1068.96,748.9,770.4,1137.7,1241.7
2025-12-23,Z14,P3,780.55,933.58,750.4,764.3,1074.1,1235.9
2025-12-24,Z14,P3,838.47,752.68,596.4,676.1,832.8,1012.5
2025-12-25,Z14,P3,387.78,744.0,690.3,710.0,918.8,1077.6
2025-12-26,Z14,P3,724.98,1070.3,733.4,753.0,1073.3,1226.0
2025-12-27,Z14,P3,566.9,760.3,694.7,692.6,904.3,1064.1
2025-12-28,Z14,P3,480.63,490.44,513.9,506.0,691.6,824.6
2025-12-29,Z14,P3,665.79,788.03,762.6,774.3,1121.2,1267.4
2025-12-30,Z14,P3,1109.72,780.55,715.2,757.3,973.8,1173.6
2025-12-31,Z14,P3,557.41,838.47,664.1,695.1,843.0,1014.4
2026-01-01,Z14,P3,190.51,387.78,534.7,583.9,743.1,926.6
2026-01-02,Z14,P3,642.3,724.98,770.9,752.0,940.2,1121.5
2026-01-03,Z14,P3,506.52,566.9,628.3,633.2,709.1,846.9
2026-01-04,Z14,P3,638.72,480.63,468.5,448.4,703.2,796.5
2026-01-05,Z14,P3,674.83,665.79,793.9,787.5,1082.7,1187.7
2026-01-06,Z14,P3,875.76,1109.72,859.4,855.1,1189.2,1275.2
2026-01-07,Z14,P3,459.88,557.41,728.1,721.5,931.5,945.4
2026-01-08,Z14,P3,408.47,190.51,629.3,565.0,852.2,1223.8
2026-01-09,Z14,P3,928.64,642.3,816.4,821.1,1117.7,1197.3
2026-01-10,Z14,P3,611.23,506.52,684.6,683.5,819.4,916.2
2026-01-11,Z14,P3,373.45,638.72,578.7,559.3,760.1,849.2
2026-01-12,Z14,P3,856.69,674.83,748.6,778.9,994.4,1096.4
2026-01-13,Z14,P3,826.27,875.76,811.6,842.1,1099.3,1223.3
2026-01-14,Z14,P3,888.35,459.88,701.5,685.2,897.4,1034.9
2026-01-15,Z14,P3,518.78,408.47,578.7,540.3,832.4,996.3
2026-01-16,Z14,P3,774.6,928.64,804.5,837.3,1230.7,1369.1
2026-01-17,Z14,P3,584.35,611.23,658.4,622.3,799.4,869.3
2026-01-18,Z14,P3,448.58,373.45,564.5,523.3,687.9,778.6
2026-01-19,Z14,P3,800.96,856.69,773.3,741.3,967.1,1082.3
2026-01-20,Z14,P3,738.68,826.27,816.3,844.2,1110.3,1210.3
2026-01-21,Z14,P3,786.2,888.35,728.9,692.5,966.2,1095.9
2026-01-22,Z14,P3,700.63,518.78,599.9,598.1,838.7,953.5
2026-01-23,Z14,P3,700.5,774.6,806.0,761.8,1044.1,1103.7
2026-01-24,Z14,P3,795.7,584.35,631.4,635.8,814.9,933.4
2026-01-25,Z14,P3,515.39,448.58,469.6,485.2,591.6,691.9
2026-01-26,Z14,P3,666.67,800.96,779.7,754.9,974.6,1132.5
2026-01-27,Z14,P3,627.62,738.68,793.0,790.3,1023.6,1191.2
2026-01-28,Z14,P3,869.33,786.2,731.0,754.3,949.3,1066.9
2026-01-29,Z14,P3,1103.53,700.63,626.7,650.3,792.2,885.0
2026-01-30,Z14,P3,953.21,700.5,768.5,753.3,985.6,1090.0
2026-01-31,Z14,P3,747.29,795.7,638.0,644.0,850.3,981.5
2026-02-01,Z14,P3,845.31,515.39,526.3,506.9,668.2,728.0
2026-02-02,Z14,P3,597.97,666.67,744.1,727.4,979.2,1100.3
2026-02-03,Z14,P3,742.35,627.62,742.7,737.3,933.8,1014.7
2026-02-04,Z14,P3,898.82,869.33,733.2,740.3,939.4,1083.0
2026-02-05,Z14,P3,936.92,1103.53,754.3,777.8,1004.5,1155.9
2026-02-06,Z14,P3,836.02,953.21,779.7,808.9,1121.6,1238.8
2026-02-07,Z14,P3,604.99,747.29,704.6,707.6,925.6,1031.3
2026-02-08,Z14,P3,380.4,845.31,581.6,553.9,738.3,919.9
2026-02-09,Z14,P3,664.35,597.97,747.0,758.9,950.0,1014.9
2026-02-10,Z14,P3,732.79,742.35,743.5,762.1,954.9,1066.0
2026-02-11,Z14,P3,755.19,898.82,756.1,783.5,1042.0,1167.3
2026-02-12,Z14,P3,655.15,936.92,755.1,836.2,1054.4,1222.5
2026-02-13,Z14,P3,932.27,836.02,772.4,825.2,1068.1,1098.3
2026-02-14,Z14,P3,725.8,604.99,624.1,666.4,882.2,947.8
2026-02-15,Z14,P3,446.18,380.4,553.5,519.7,757.0,830.8
2026-02-16,Z14,P3,635.96,664.35,740.3,713.2,892.7,1000.2
2026-02-17,Z14,P3,594.84,732.79,732.2,725.4,926.8,1036.2
2026-02-18,Z14,P3,832.76,755.19,770.3,775.8,1032.9,1147.0
2026-02-19,Z14,P3,674.56,655.15,757.7,737.0,1034.0,1158.8
2026-02-20,Z14,P3,897.73,932.27,786.9,809.0,1123.7,1252.0
2026-02-21,Z14,P3,498.8,725.8,669.0,673.8,893.5,980.2
2026-02-22,Z14,P3,497.44,446.18,509.7,503.7,687.7,805.0
2026-02-23,Z14,P3,834.68,635.96,698.2,705.8,892.5,972.3
2026-02-24,Z14,P3,730.28,594.84,738.6,750.1,939.3,1015.1
2026-02-25,Z14,P3,829.42,832.76,768.0,781.1,1001.6,1129.3
2026-02-26,Z14,P3,725.3,674.56,732.7,746.7,945.5,1100.6
2026-02-27,Z14,P3,667.87,897.73,787.5,838.7,1100.3,1208.3
2026-02-28,Z14,P3,705.75,498.8,654.2,646.4,843.8,887.7
2025-10-01,Z14,P4,157.44,158.81,224.2,219.2,455.4,527.4
2025-10-02,Z14,P4,410.62,434.4,211.5,226.2,461.2,506.0
2025-10-03,Z14,P4,163.15,107.2,146.7,143.8,449.4,449.4
2025-10-04,Z14,P4,82.93,20.82,22.9,28.0,86.2,116.1
2025-10-05,Z14,P4,0.0,0.0,2.7,1.4,32.9,77.3
2025-10-06,Z14,P4,106.17,285.38,136.6,151.8,430.5,430.5
2025-10-07,Z14,P4,122.75,355.0,176.4,180.7,336.6,407.1
2025-10-08,Z14,P4,182.03,157.44,178.6,181.2,373.4,441.9
2025-10-09,Z14,P4,37.74,410.62,235.4,234.1,459.6,475.1
2025-10-10,Z14,P4,68.78,163.15,154.1,155.1,303.3,331.5
2025-10-11,Z14,P4,72.83,82.93,33.4,48.1,296.5,296.5
2025-10-12,Z14,P4,0.0,0.0,7.0,3.7,62.2,88.0
2025-10-13,Z14,P4,88.92,106.17,158.4,152.1,304.0,353.6
2025-10-14,Z14,P4,35.12,122.75,181.9,171.9,321.0,373.2
2025-10-15,Z14,P4,230.24,182.03,194.1,181.3,341.3,423.8
2025-10-16,Z14,P4,463.3,37.74,190.4,190.9,404.4,461.6
2025-10-17,Z14,P4,58.82,68.78,165.8,166.1,316.4,375.7
2025-10-18,Z14,P4,150.01,72.83,52.5,57.3,293.5,293.5
2025-10-19,Z14,P4,0.0,0.0,10.5,6.8,27.5,60.1
2025-10-20,Z14,P4,185.46,88.92,163.7,154.7,325.4,368.4
2025-10-21,Z14,P4,256.65,35.12,167.9,143.1,328.6,389.5
2025-10-22,Z14,P4,203.47,230.24,186.1,179.7,353.1,415.7
2025-10-23,Z14,P4,354.63,463.3,207.5,211.9,420.9,474.1
2025-10-24,Z14,P4,129.07,58.82,160.4,147.6,325.3,342.5
2025-10-25,Z14,P4,55.57,150.01,68.0,66.9,230.6,241.2
2025-10-26,Z14,P4,83.65,0.0,6.3,7.6,29.5,69.5
2025-10-27,Z14,P4,22.71,185.46,170.3,157.3,342.3,387.9
2025-10-28,Z14,P4,580.03,256.65,176.9,165.8,349.3,389.8
2025-10-29,Z14,P4,316.94,203.47,201.3,191.3,355.1,420.8
2025-10-30,Z14,P4,131.88,354.63,226.4,217.6,448.3,467.2
2025-10-31,Z14,P4,286.25,129.07,155.6,147.1,310.0,356.4
2025-11-01,Z14,P4,52.61,55.57,86.6,89.6,224.8,277.5
2025-11-02,Z14,P4,0.0,83.65,16.9,28.0,193.5,193.5
2025-11-03,Z14,P4,362.7,22.71,148.1,142.1,294.5,334.6
2025-11-04,Z14,P4,313.4,580.03,195.8,219.7,399.3,484.8
2025-11-05,Z14,P4,272.05,316.94,203.0,193.8,358.8,443.6
2025-11-06,Z14,P4,147.12,131.88,162.9,170.3,323.4,374.8
2025-11-07,Z14,P4,114.02,286.25,163.9,148.6,419.1,419.1
2025-11-08,Z14,P4,11.42,52.61,58.6,67.6,236.2,236.2
2025-11-09,Z14,P4,0.0,0.0,7.5,13.2,48.8,103.5
2025-11-10,Z14,P4,29.24,362.7,168.1,149.7,295.0,343.7
2025-11-11,Z14,P4,275.68,313.4,209.3,203.8,421.6,433.5
2025-11-12,Z14,P4,213.31,272.05,237.2,207.7,410.0,466.5
2025-11-13,Z14,P4,323.09,147.12,227.0,195.7,415.4,451.2
2025-11-14,Z14,P4,71.88,114.02,185.7,175.8,324.9,361.1
2025-11-15,Z14,P4,72.91,11.42,42.0,53.1,178.4,194.9
2025-11-16,Z14,P4,0.0,0.0,9.2,36.5,107.1,135.1
2025-11-17,Z14,P4,83.83,29.24,174.5,158.1,330.5,362.5
2025-11-18,Z14,P4,147.56,275.68,221.6,201.0,410.6,464.5
2025-11-19,Z14,P4,146.51,213.31,216.4,199.1,395.4,439.0
2025-11-20,Z14,P4,341.42,323.09,214.9,199.5,388.7,482.8
2025-11-21,Z14,P4,141.41,71.88,179.5,159.3,340.8,376.5
2025-11-22,Z14,P4,0.0,72.91,55.9,62.6,319.2,319.2
2025-11-23,Z14,P4,44.04,0.0,11.5,10.2,65.2,76.7
2025-11-24,Z14,P4,334.78,83.83,167.0,156.0,334.5,342.9
2025-11-25,Z14,P4,157.85,147.56,256.8,225.6,456.9,564.8
2025-11-26,Z14,P4,387.27,146.51,211.1,189.0,372.2,411.4
2025-11-27,Z14,P4,117.51,341.42,220.7,214.1,390.7,457.2
2025-11-28,Z14,P4,309.77,141.41,174.5,164.5,348.5,379.8
2025-11-29,Z14,P4,15.86,0.0,30.6,28.6,129.3,164.0
2025-11-30,Z14,P4,64.64,44.04,7.6,12.6,49.8,77.2
2025-12-01,Z14,P4,123.3,334.78,181.6,168.6,472.6,472.6
2025-12-02,Z14,P4,396.33,157.85,178.5,170.3,355.6,414.6
2025-12-03,Z14,P4,256.85,387.27,194.0,175.8,361.5,423.9
2025-12-04,Z14,P4,104.18,117.51,188.1,178.2,349.2,405.6
2025-12-05,Z14,P4,244.07,309.77,177.7,168.7,328.3,376.6
2025-12-06,Z14,P4,70.97,15.86,38.4,50.0,194.4,194.4
2025-12-07,Z14,P4,0.0,64.64,17.5,24.9,70.1,113.5
2025-12-08,Z14,P4,368.74,123.3,160.8,168.2,312.4,345.5
2025-12-09,Z14,P4,765.59,396.33,181.6,167.4,343.4,408.3
2025-12-10,Z14,P4,217.76,256.85,245.7,201.8,424.8,454.6
2025-12-11,Z14,P4,239.77,104.18,188.9,178.9,388.2,440.2
2025-12-12,Z14,P4,167.98,244.07,221.8,187.7,341.7,370.2
2025-12-13,Z14,P4,0.0,70.97,50.5,64.3,196.5,225.0
2025-12-14,Z14,P4,0.0,0.0,13.3,35.9,72.2,115.7
2025-12-15,Z14,P4,112.52,368.74,182.1,168.2,329.5,401.1
2025-12-16,Z14,P4,263.79,765.59,190.6,291.3,651.0,721.8
2025-12-17,Z14,P4,245.75,217.76,204.4,200.6,454.8,516.3
2025-12-18,Z14,P4,421.09,239.77,208.7,183.8,401.2,485.5
2025-12-19,Z14,P4,276.84,167.98,203.0,199.4,381.1,473.6
2025-12-20,Z14,P4,138.0,0.0,23.2,12.6,115.1,179.0
2025-12-21,Z14,P4,130.75,0.0,19.3,42.2,85.1,160.4
2025-12-22,Z14,P4,247.7,112.52,166.8,147.0,377.0,414.5
2025-12-23,Z14,P4,405.21,263.79,168.2,165.9,573.1,920.8
2025-12-24,Z14,P4,0.0,245.75,147.9,167.8,418.2,823.0
2025-12-25,Z14,P4,0.0,421.09,119.8,165.4,405.7,465.6
2025-12-26,Z14,P4,31.42,276.84,184.7,184.9,428.3,837.1
2025-12-27,Z14,P4,0.0,138.0,71.6,55.2,244.2,603.3
2025-12-28,Z14,P4,0.0,130.75,36.6,36.3,269.7,269.7
2025-12-29,Z14,P4,83.32,247.7,212.0,185.4,390.8,782.8
2025-12-30,Z14,P4,50.22,405.21,232.4,245.7,422.5,528.9
2025-12-31,Z14,P4,208.43,0.0,169.0,191.5,359.8,713.1
2026-01-01,Z14,P4,0.0,0.0,134.0,200.0,303.7,698.2
2026-01-02,Z14,P4,81.16,31.42,139.1,160.1,304.3,377.5
2026-01-03,Z14,P4,116.71,0.0,50.6,61.2,159.3,241.5
2026-01-04,Z14,P4,0.0,0.0,23.0,46.7,95.7,168.3
2026-01-05,Z14,P4,126.26,83.32,215.6,185.7,352.5,431.0
2026-01-06,Z14,P4,411.06,50.22,259.5,242.0,512.7,574.6
2026-01-07,Z14,P4,0.0,208.43,213.8,176.3,349.2,414.7
2026-01-08,Z14,P4,268.47,0.0,172.4,186.6,377.2,431.2
2026-01-09,Z14,P4,222.97,81.16,182.0,161.5,343.8,383.1
2026-01-10,Z14,P4,58.63,116.71,61.4,56.2,184.3,220.5
2026-01-11,Z14,P4,0.0,0.0,12.7,42.6,118.6,154.0
2026-01-12,Z14,P4,55.12,126.26,181.2,156.0,307.3,352.6
2026-01-13,Z14,P4,341.33,411.06,188.5,184.0,390.1,449.3
2026-01-14,Z14,P4,156.23,0.0,194.6,162.0,348.6,412.1
2026-01-15,Z14,P4,301.96,268.47,201.7,211.4,413.6,452.9
2026-01-16,Z14,P4,453.72,222.97,194.3,172.9,498.1,498.1
2026-01-17,Z14,P4,48.36,58.63,58.0,59.2,190.1,220.9
2026-01-18,Z14,P4,90.99,0.0,18.8,19.1,105.8,130.3
2026-01-19,Z14,P4,231.14,55.12,189.9,152.4,361.4,439.8
2026-01-20,Z14,P4,220.87,341.33,240.2,221.2,432.1,507.7
2026-01-21,Z14,P4,254.47,156.23,192.7,164.6,331.8,365.2
2026-01-22,Z14,P4,457.66,301.96,187.6,188.5,472.7,472.7
2026-01-23,Z14,P4,168.33,453.72,222.3,218.5,458.7,523.0
2026-01-24,Z14,P4,0.0,48.36,49.7,49.7,253.0,269.5
2026-01-25,Z14,P4,0.0,90.99,15.0,29.9,237.9,237.9
2026-01-26,Z14,P4,304.74,231.14,160.0,153.2,362.0,441.8
2026-01-27,Z14,P4,95.43,220.87,236.2,204.1,421.2,498.6
2026-01-28,Z14,P4,317.24,254.47,216.4,187.4,373.0,470.3
2026-01-29,Z14,P4,145.87,457.66,212.0,194.8,440.5,504.1
2026-01-30,Z14,P4,230.85,168.33,252.8,203.6,444.4,477.8
2026-01-31,Z14,P4,33.86,0.0,44.5,77.9,240.0,241.1
2026-02-01,Z14,P4,0.0,0.0,12.5,13.0,111.7,167.3
2026-02-02,Z14,P4,104.92,304.74,204.1,197.6,444.3,509.2
2026-02-03,Z14,P4,54.33,95.43,238.4,217.4,502.0,617.8
2026-02-04,Z14,P4,367.34,317.24,210.2,186.2,399.2,490.2
2026-02-05,Z14,P4,226.51,145.87,229.6,196.8,506.1,561.1
2026-02-06,Z14,P4,215.39,230.85,224.2,197.4,481.7,560.1
2026-02-07,Z14,P4,0.0,33.86,35.0,35.6,195.6,195.6
2026-02-08,Z14,P4,56.11,0.0,7.8,34.1,154.6,177.5
2026-02-09,Z14,P4,90.26,104.92,197.7,177.2,371.7,454.0
2026-02-10,Z14,P4,248.87,54.33,190.2,170.4,342.3,390.2
2026-02-11,Z14,P4,127.51,367.34,220.2,201.0,379.3,429.9
2026-02-12,Z14,P4,453.57,226.51,214.5,187.0,407.3,478.5
2026-02-13,Z14,P4,59.42,215.39,246.6,216.4,415.9,446.3
2026-02-14,Z14,P4,93.02,0.0,20.4,25.8,122.7,172.6
2026-02-15,Z14,P4,0.0,56.11,29.5,36.9,136.0,144.5
2026-02-16,Z14,P4,101.21,90.26,204.1,177.0,363.9,402.0
2026-02-17,Z14,P4,370.52,248.87,193.9,175.8,387.2,423.0
2026-02-18,Z14,P4,382.48,127.51,203.2,184.9,378.5,422.1
2026-02-19,Z14,P4,220.54,453.57,216.6,206.1,403.3,463.8
2026-02-20,Z14,P4,93.96,59.42,184.7,179.3,330.1,369.6
2026-02-21,Z14,P4,65.79,93.02,40.8,47.8,249.9,249.9
2026-02-22,Z14,P4,0.0,0.0,5.4,10.3,38.9,104.3
2026-02-23,Z14,P4,94.16,101.21,182.3,163.9,326.3,370.2
2026-02-24,Z14,P4,292.27,370.52,184.0,178.4,450.1,450.1
2026-02-25,Z14,P4,248.23,382.48,204.1,179.5,374.0,437.5
2026-02-26,Z14,P4,355.53,220.54,216.7,194.7,383.5,421.9
2026-02-27,Z14,P4,400.41,93.96,186.2,168.7,338.3,380.2
2026-02-28,Z14,P4,94.21,65.79,74.8,73.8,194.8,235.0
2025-10-01,Z2,P1,3280.53,3813.32,3862.4,3789.5,5125.1,5302.1
2025-10-02,Z2,P1,4371.59,4690.31,4798.1,4570.1,6813.8,7089.4
2025-10-03,Z2,P1,5746.48,5739.05,4961.4,6462.7,6462.7,7451.7
2025-10-04,Z2,P1,2946.87,2371.13,3096.5,3076.8,3990.3,4485.2
2025-10-05,Z2,P1,3259.52,1777.97,1909.8,2251.4,3306.9,3772.3
2025-10-06,Z2,P1,5062.39,5236.9,4714.9,5402.8,6101.8,6421.2
2025-10-07,Z2,P1,4225.99,3106.26,4197.2,3778.4,5622.2,5622.2
2025-10-08,Z2,P1,3802.59,3280.53,3715.6,3728.6,5153.0,5153.0
2025-10-09,Z2,P1,4511.0,4371.59,4188.9,5270.2,5270.2,5373.3
2025-10-10,Z2,P1,5853.97,5746.48,5088.0,5544.0,7064.7,7305.5
2025-10-11,Z2,P1,2136.61,2946.87,3082.8,3269.8,4023.9,4604.6
2025-10-12,Z2,P1,1587.15,3259.52,2486.8,2794.3,3817.7,4443.0
2025-10-13,Z2,P1,5131.3,5062.39,4678.3,5095.9,7146.6,7146.6
2025-10-14,Z2,P1,3995.34,4225.99,4006.4,4340.8,5227.7,5227.7
2025-10-15,Z2,P1,2443.74,3802.59,4134.3,4070.9,5500.4,5500.4
2025-10-16,Z2,P1,5800.61,4511.0,4339.2,4524.0,6188.4,7041.0
2025-10-17,Z2,P1,5806.76,5853.97,5533.8,6614.5,7351.7,7769.3
2025-10-18,Z2,P1,3222.9,2136.61,3006.0,3053.5,4100.2,4306.9
2025-10-19,Z2,P1,2859.11,1587.15,2116.0,2142.3,3036.9,3284.4
2025-10-20,Z2,P1,3577.49,5131.3,4525.5,4922.6,7163.4,7163.4
2025-10-21,Z2,P1,5046.4,3995.34,4301.9,4291.9,5457.7,5457.7
2025-10-22,Z2,P1,4719.83,2443.74,3415.0,3254.5,4311.7,4921.3
2025-10-23,Z2,P1,5068.71,5800.61,4475.4,5324.5,5581.9,7022.1
2025-10-24,Z2,P1,4967.99,5806.76,5537.3,6453.4,7391.7,7643.6
2025-10-25,Z2,P1,2328.59,3222.9,3083.7,3079.9,4185.6,4822.3
2025-10-26,Z2,P1,1582.94,2859.11,2238.2,2455.1,3841.0,4365.0
2025-10-27,Z2,P1,2702.05,3577.49,3909.8,4425.1,5678.8,5678.8
2025-10-28,Z2,P1,5596.93,5046.4,4363.8,4971.9,5934.0,6845.4
2025-10-29,Z2,P1,4090.9,4719.83,3962.6,3901.6,5433.3,6459.2
2025-10-30,Z2,P1,3265.52,5068.71,4582.4,5406.0,6773.1,7041.4
2025-10-31,Z2,P1,5486.38,4967.99,5449.1,6453.8,7216.3,7779.0
2025-11-01,Z2,P1,2108.22,2328.59,2777.8,2769.5,3945.9,4144.4
2025-11-02,Z2,P1,1322.38,1582.94,2210.3,2052.6,3207.1,3360.1
2025-11-03,Z2,P1,3421.19,2702.05,3489.2,3574.5,4837.8,4990.3
2025-11-04,Z2,P1,3113.51,5596.93,4041.8,4939.2,5988.6,5988.6
2025-11-05,Z2,P1,3280.64,4090.9,3978.3,3886.7,5372.1,5390.4
2025-11-06,Z2,P1,3239.57,3265.52,3740.4,3793.3,5008.8,5231.7
2025-11-07,Z2,P1,3593.12,5486.38,4388.4,6280.6,6707.1,6707.1
2025-11-08,Z2,P1,1491.29,2108.22,2326.9,2328.4,3235.5,4367.3
2025-11-09,Z2,P1,1005.21,1322.38,1641.4,1668.1,2180.6,3011.1
2025-11-10,Z2,P1,2590.61,3421.19,3750.4,3867.9,5149.4,5149.4
2025-11-11,Z2,P1,3269.62,3113.51,3571.8,3777.3,5224.4,5224.4
2025-11-12,Z2,P1,3919.71,3280.64,3520.8,3628.3,4315.4,5064.5
2025-11-13,Z2,P1,2755.18,3239.57,3636.3,3835.8,4916.5,4916.5
2025-11-14,Z2,P1,3427.66,3593.12,4710.6,4249.2,5541.4,5541.4
2025-11-15,Z2,P1,1362.73,1491.29,2129.1,2069.4,2754.8,3055.5
2025-11-16,Z2,P1,582.95,1005.21,1276.7,1443.9,2054.5,2524.4
2025-11-17,Z2,P1,4897.3,2590.61,3192.9,3182.8,4170.0,4437.3
2025-11-18,Z2,P1,2297.65,3269.62,3763.8,3819.9,5103.7,5103.7
2025-11-19,Z2,P1,4903.05,3919.71,3723.8,3872.4,5101.1,5151.5
2025-11-20,Z2,P1,2719.71,2755.18,3357.5,3467.5,4093.5,4521.8
2025-11-21,Z2,P1,3928.27,3427.66,4227.3,3973.4,5529.8,5529.8
2025-11-22,Z2,P1,1027.58,1362.73,1651.5,1667.5,2468.3,2665.3
2025-11-23,Z2,P1,640.6,582.95,1016.3,1098.9,1543.0,2039.3
2025-11-24,Z2,P1,3228.04,4897.3,3550.3,3648.8,4584.6,5238.6
2025-11-25,Z2,P1,3203.21,2297.65,3154.7,3226.4,4134.7,4489.8
2025-11-26,Z2,P1,604.61,4903.05,3816.4,3763.3,5414.0,5468.0
2025-11-27,Z2,P1,3885.34,2719.71,3262.9,3419.1,4198.0,4583.8
2025-11-28,Z2,P1,4239.74,3928.27,3722.2,3847.8,5260.7,5357.7
2025-11-29,Z2,P1,1231.92,1027.58,1325.7,1470.5,2033.3,2539.3
2025-11-30,Z2,P1,522.55,640.6,955.8,1026.7,2752.6,2752.6
2025-12-01,Z2,P1,3180.3,3228.04,3358.9,3674.8,5072.5,5072.5
2025-12-02,Z2,P1,3264.61,3203.21,3253.8,3530.2,5152.5,5152.5
2025-12-03,Z2,P1,1980.08,604.61,2457.9,2367.5,5016.1,5016.1
2025-12-04,Z2,P1,4631.86,3885.34,3705.6,3647.4,5333.5,5333.5
2025-12-05,Z2,P1,6090.42,4239.74,3773.1,3785.4,5239.2,5478.9
2025-12-06,Z2,P1,1043.39,1231.92,1328.0,1336.6,1876.7,2319.8
2025-12-07,Z2,P1,597.39,522.55,728.8,776.2,1136.5,1693.4
2025-12-08,Z2,P1,2239.37,3180.3,3470.5,3526.9,4476.3,5107.2
2025-12-09,Z2,P1,2715.62,3264.61,3412.8,3450.0,5124.7,5124.7
2025-12-10,Z2,P1,2498.43,1980.08,2383.4,2237.9,4322.5,4322.5
2025-12-11,Z2,P1,2358.98,4631.86,3812.4,3660.4,4394.9,5390.6
2025-12-12,Z2,P1,3429.03,6090.42,4076.4,4071.6,6214.7,6214.7
2025-12-13,Z2,P1,926.08,1043.39,1326.7,1397.5,3156.4,3156.4
2025-12-14,Z2,P1,255.7,597.39,626.9,684.6,2531.0,2531.0
2025-12-15,Z2,P1,3858.31,2239.37,3417.4,3352.3,4951.6,5906.9
2025-12-16,Z2,P1,3475.2,2715.62,3295.7,3210.5,4201.2,4632.7
2025-12-17,Z2,P1,2519.5,2498.43,2907.7,2583.4,4907.9,4907.9
2025-12-18,Z2,P1,4275.05,2358.98,3130.9,3100.2,4020.5,5051.1
2025-12-19,Z2,P1,4897.78,3429.03,3807.6,3809.8,5319.3,5526.0
2025-12-20,Z2,P1,755.58,926.08,1094.5,1165.5,1685.5,2138.8
2025-12-21,Z2,P1,397.96,255.7,557.9,483.2,966.0,1584.3
2025-12-22,Z2,P1,2355.51,3858.31,2321.0,2648.0,4177.4,5118.5
2025-12-23,Z2,P1,2752.25,3475.2,2334.5,2605.5,3768.1,4953.6
2025-12-24,Z2,P1,1144.52,2519.5,1317.4,1875.5,3937.1,4105.0
2025-12-25,Z2,P1,575.1,4275.05,1868.9,2485.9,3820.5,5145.0
2025-12-26,Z2,P1,828.86,4897.78,2839.5,3647.8,5072.7,5507.3
2025-12-27,Z2,P1,1598.64,755.58,1022.7,950.4,1741.1,2087.9
2025-12-28,Z2,P1,595.51,397.96,585.6,467.7,1185.8,1654.0
2025-12-29,Z2,P1,1652.9,2355.51,2582.8,2626.4,4274.6,4561.3
2025-12-30,Z2,P1,2601.17,2752.25,2494.4,2705.0,4082.1,4370.9
2025-12-31,Z2,P1,1775.38,1144.52,1491.8,1540.3,2793.1,3028.9
2026-01-01,Z2,P1,1056.09,575.1,2053.5,2704.0,4588.3,4588.3
2026-01-02,Z2,P1,3318.59,828.86,2362.3,2767.4,5009.7,5009.7
2026-01-03,Z2,P1,2144.01,1598.64,1403.5,1337.2,2696.4,3807.5
2026-01-04,Z2,P1,1442.12,595.51,694.8,593.7,1135.1,1718.7
2026-01-05,Z2,P1,3378.55,1652.9,2774.1,2626.9,3628.7,4143.4
2026-01-06,Z2,P1,1478.74,2601.17,2864.0,3088.8,4012.1,4427.7
2026-01-07,Z2,P1,1508.79,1775.38,2635.5,2546.7,5309.5,5309.5
2026-01-08,Z2,P1,3921.67,1056.09,2428.7,1942.0,5315.7,5315.7
2026-01-09,Z2,P1,4063.5,3318.59,3337.6,3111.1,4126.1,4565.3
2026-01-10,Z2,P1,1073.58,2144.01,1623.1,1472.8,2992.4,3165.3
2026-01-11,Z2,P1,648.9,1442.12,763.3,767.8,1638.1,1961.3
2026-01-12,Z2,P1,2018.68,3378.55,3389.0,3510.6,4233.8,4740.1
2026-01-13,Z2,P1,2901.09,1478.74,2689.1,2696.1,3247.3,3942.5
2026-01-14,Z2,P1,2234.31,1508.79,2686.8,2684.9,6175.8,6175.8
2026-01-15,Z2,P1,4037.44,3921.67,2928.4,2628.9,4096.8,4800.1
2026-01-16,Z2,P1,3191.5,4063.5,3377.8,3310.1,4289.2,5002.3
2026-01-17,Z2,P1,434.83,1073.58,1315.7,1350.1,2227.6,2335.5
2026-01-18,Z2,P1,413.38,648.9,635.2,608.3,1284.9,1592.3
2026-01-19,Z2,P1,3225.71,2018.68,2813.6,2774.1,3529.2,4136.1
2026-01-20,Z2,P1,3982.17,2901.09,2958.2,3071.5,4083.2,4300.7
2026-01-21,Z2,P1,2676.97,2234.31,2249.6,2427.1,3617.0,3907.0
2026-01-22,Z2,P1,3222.22,4037.44,3392.0,3213.8,4946.2,4946.2
2026-01-23,Z2,P1,4125.46,3191.5,3492.3,3615.6,5029.9,5029.9
2026-01-24,Z2,P1,1380.04,434.83,1173.4,972.1,1786.1,2152.0
2026-01-25,Z2,P1,491.73,413.38,694.4,613.9,1206.4,1682.7
2026-01-26,Z2,P1,3023.06,3225.71,3001.8,3090.0,4223.2,4396.5
2026-01-27,Z2,P1,1874.51,3982.17,3304.9,3372.2,4381.9,4859.2
2026-01-28,Z2,P1,5135.52,2676.97,2830.8,2718.5,4171.3,4216.7
2026-01-29,Z2,P1,2620.91,3222.22,3334.6,3492.4,4592.2,4759.9
2026-01-30,Z2,P1,4220.92,4125.46,3599.5,3662.0,4342.6,4952.2
2026-01-31,Z2,P1,828.19,1380.04,1272.0,1156.9,2034.1,2401.1
2026-02-01,Z2,P1,710.49,491.73,628.2,640.5,1079.1,1523.8
2026-02-02,Z2,P1,3799.24,3023.06,3272.7,3185.6,4367.4,4434.8
2026-02-03,Z2,P1,2403.05,1874.51,2696.7,2431.3,3434.4,4233.0
2026-02-04,Z2,P1,4883.68,5135.52,3149.9,3074.4,4560.4,4830.1
2026-02-05,Z2,P1,3517.8,2620.91,3164.9,3146.4,4217.3,4429.9
2026-02-06,Z2,P1,3751.07,4220.92,3705.1,3738.1,4361.2,5335.7
2026-02-07,Z2,P1,960.1,828.19,1043.2,971.0,1565.2,1879.8
2026-02-08,Z2,P1,971.5,710.49,551.7,502.6,940.5,1408.2
2026-02-09,Z2,P1,3860.13,3799.24,3370.5,3348.6,4478.7,4759.4
2026-02-10,Z2,P1,3546.2,2403.05,2956.4,2882.0,3752.5,4438.8
2026-02-11,Z2,P1,3274.29,4883.68,3561.6,3577.8,4805.4,5137.7
2026-02-12,Z2,P1,2572.79,3517.8,3468.8,3593.1,4241.6,4882.8
2026-02-13,Z2,P1,4574.71,3751.07,3686.9,3706.6,4291.6,5220.6
2026-02-14,Z2,P1,1134.94,960.1,874.8,932.8,1623.5,2087.2
2026-02-15,Z2,P1,944.37,971.5,657.4,688.1,1217.9,1633.7
2026-02-16,Z2,P1,4089.52,3860.13,3331.1,3365.2,4111.1,4983.4
2026-02-17,Z2,P1,3210.74,3546.2,3007.6,3184.4,3997.6,4742.0
2026-02-18,Z2,P1,2556.7,3274.29,3201.5,3189.7,4223.9,4809.3
2026-02-19,Z2,P1,2705.55,2572.79,3020.0,2865.8,4114.9,4413.1
2026-02-20,Z2,P1,4121.16,4574.71,3637.3,3435.1,4432.9,5334.8
2026-02-21,Z2,P1,828.19,1134.94,1256.0,1172.1,1810.2,2200.1
2026-02-22,Z2,P1,443.91,944.37,750.4,791.8,1302.7,1701.7
2026-02-23,Z2,P1,2337.86,4089.52,3274.4,3331.2,4000.0,5052.0
2026-02-24,Z2,P1,1272.26,3210.74,3173.0,3152.3,4361.7,4566.7
2026-02-25,Z2,P1,2763.48,2556.7,3193.1,3316.2,4096.7,4348.0
2026-02-26,Z2,P1,3450.03,2705.55,2909.0,2862.2,3981.5,4468.2
2026-02-27,Z2,P1,2484.01,4121.16,3938.7,3812.9,4408.8,5342.9
2026-02-28,Z2,P1,957.46,828.19,1086.2,1097.4,1710.9,2172.0
2026-03-01,Z2,P1,860.34,443.91,832.9,769.4,1369.6,1894.3
2026-03-02,Z2,P1,3342.76,2337.86,3320.5,3327.7,4290.5,5193.9
2026-03-03,Z2,P1,2964.62,1272.26,2636.8,2415.4,3591.1,5562.9
2026-03-04,Z2,P1,3007.74,2763.48,3128.5,3107.7,4128.1,4456.6
2026-03-05,Z2,P1,1650.38,3450.03,3671.9,3568.5,5357.4,5357.4
2026-03-06,Z2,P1,3381.97,2484.01,3352.7,3371.8,4367.6,5071.6
2026-03-07,Z2,P1,922.95,957.46,1090.2,1066.4,1636.5,2085.2
2026-03-08,Z2,P1,791.37,860.34,882.8,845.7,1345.1,1760.2
2026-03-09,Z2,P1,3678.84,3342.76,3449.7,3459.3,4266.7,5980.0
2026-03-10,Z2,P1,2832.42,2964.62,3285.1,3027.1,4209.6,5432.5
2026-03-11,Z2,P1,1448.83,3007.74,3196.1,3212.8,4098.0,4493.4
2026-03-12,Z2,P1,2788.34,1650.38,2916.4,2661.1,3519.5,4201.9
2026-03-13,Z2,P1,2396.44,3381.97,3601.7,3482.6,4203.6,4944.3
2026-03-14,Z2,P1,2200.67,922.95,1032.2,1006.6,1572.6,2069.6
2026-03-15,Z2,P1,561.55,791.37,797.3,761.7,1279.5,1874.0
2026-03-16,Z2,P1,2650.06,3678.84,3440.7,3598.6,4269.5,4985.2
2026-03-17,Z2,P1,2708.72,2832.42,3399.4,3202.0,4303.0,4514.1
2026-03-18,Z2,P1,4024.37,1448.83,2627.7,2279.6,3447.8,4052.3
2026-03-19,Z2,P1,3259.89,2788.34,3146.7,3030.4,4120.2,4533.3
2026-03-20,Z2,P1,4378.91,2396.44,3315.2,3258.1,4192.6,4735.8
2026-03-21,Z2,P1,970.82,2200.67,1529.4,1465.0,3014.2,3255.2
2026-03-22,Z2,P1,947.93,561.55,719.5,705.6,1300.7,1656.2
2026-03-23,Z2,P1,2505.87,2650.06,3316.1,3147.5,4484.1,6861.0
2026-03-24,Z2,P1,2961.86,2708.72,3122.4,3050.6,4929.8,6779.0
2026-03-25,Z2,P1,4512.85,4024.37,3498.5,3344.6,4734.2,5080.4
2026-03-26,Z2,P1,4658.64,3259.89,3360.3,3147.7,4285.2,4641.9
2026-03-27,Z2,P1,3486.41,4378.91,3751.1,3533.5,4601.8,5116.9
2026-03-28,Z2,P1,1464.79,970.82,1294.7,1301.3,2285.4,2398.9
2026-03-29,Z2,P1,1063.58,947.93,866.1,818.8,1459.6,1893.9
2026-03-30,Z2,P1,3516.39,2505.87,3139.8,3195.6,4138.0,4650.1
2026-03-31,Z2,P1,3712.37,2961.86,3279.0,3234.3,4494.2,4681.2
2026-04-01,Z2,P1,4259.35,4512.85,3954.7,3465.2,4664.6,5439.0
2026-04-02,Z2,P1,5542.18,4658.64,3735.1,3519.1,4840.7,4998.6
2026-04-03,Z2,P1,5361.37,3486.41,4051.6,3762.1,4606.1,5386.6
2026-04-04,Z2,P1,3171.94,1464.79,1398.3,1442.7,2126.3,2484.5
2026-04-05,Z2,P1,2428.36,1063.58,1014.9,993.4,1508.5,1943.3
2026-04-06,Z2,P1,3550.07,3516.39,3710.1,3549.8,5460.9,5460.9
2026-04-07,Z2,P1,7890.08,3712.37,3769.7,3541.8,5528.3,5528.3
2026-04-08,Z2,P1,4195.01,4259.35,3686.6,3493.9,4808.2,5159.5
2026-04-09,Z2,P1,5854.49,5542.18,4023.5,3709.7,5597.7,5597.7
2026-04-10,Z2,P1,5320.53,5361.37,4217.5,3856.8,5559.8,5559.8
2026-04-11,Z2,P1,3080.38,3171.94,2516.4,1953.5,4182.8,4313.8
2026-04-12,Z2,P1,2320.23,2428.36,1731.9,1504.0,3355.3,3716.2
2026-04-13,Z2,P1,4512.54,3550.07,3684.5,3585.6,4430.8,5055.9
2026-04-14,Z2,P1,3440.81,7890.08,3983.7,3949.7,5899.4,5899.4
2026-04-15,Z2,P1,3469.79,4195.01,4159.2,4006.7,5843.3,6039.0
2026-04-16,Z2,P1,3005.31,5854.49,4550.4,4261.9,6445.2,6445.2
2026-04-17,Z2,P1,5261.17,5320.53,5255.2,4358.8,6087.0,6420.0
2026-04-18,Z2,P1,2138.3,3080.38,3042.1,2626.1,4643.0,4802.0
2026-04-19,Z2,P1,1654.7,2320.23,2171.0,2026.2,3799.9,4229.9
2026-04-20,Z2,P1,3165.29,4512.54,4014.7,3763.4,4938.2,5936.3
2026-04-21,Z2,P1,3657.15,3440.81,3528.0,3709.2,5732.3,5732.3
2026-04-22,Z2,P1,2806.02,3469.79,4102.8,3995.3,5778.9,5798.3
2026-04-23,Z2,P1,2936.95,3005.31,3795.0,4104.0,4923.8,5591.2
2026-04-24,Z2,P1,4502.58,5261.17,4795.3,5207.8,6343.6,6529.9
2026-04-25,Z2,P1,2624.74,2138.3,2647.8,2447.6,4363.1,5776.6
2026-04-26,Z2,P1,1677.41,1654.7,2053.8,1888.6,3247.0,3428.5
2026-04-27,Z2,P1,1360.58,3165.29,3807.6,3834.1,5788.2,5788.2
2026-04-28,Z2,P1,3384.16,3657.15,3950.5,3777.8,5502.7,6473.9
2026-04-29,Z2,P1,3874.8,2806.02,3712.9,3640.9,4594.6,6197.3
2026-04-30,Z2,P1,3787.47,2936.95,3555.6,3394.7,4338.8,5707.2
2025-10-01,Z2,P2,1008.54,797.24,896.4,946.9,1245.2,1364.1
2025-10-02,Z2,P2,1391.61,1179.28,1175.0,1209.8,1640.1,1787.3
2025-10-03,Z2,P2,1366.08,1001.15,1272.1,1261.4,1604.7,1898.1
2025-10-04,Z2,P2,891.72,1105.08,1180.1,1212.1,1575.4,1682.3
2025-10-05,Z2,P2,1396.05,1203.24,1161.8,1167.5,1475.1,1664.6
2025-10-06,Z2,P2,713.19,800.71,895.1,953.1,1224.1,1344.0
2025-10-07,Z2,P2,482.41,822.82,958.9,1040.2,1442.8,1579.7
2025-10-08,Z2,P2,499.98,1008.54,956.0,1004.3,1404.7,1539.6
2025-10-09,Z2,P2,733.93,1391.61,1225.2,1261.2,1634.9,1824.2
2025-10-10,Z2,P2,1626.21,1366.08,1295.0,1271.2,1695.0,1848.0
2025-10-11,Z2,P2,1445.78,891.72,1050.4,1029.5,1459.0,1650.5
2025-10-12,Z2,P2,882.6,1396.05,1175.7,1160.3,1504.2,1730.6
2025-10-13,Z2,P2,883.08,713.19,854.6,896.4,1237.2,1347.3
2025-10-14,Z2,P2,511.1,482.41,763.9,767.8,1117.0,1203.1
2025-10-15,Z2,P2,418.17,499.98,889.4,907.1,1402.5,1482.0
2025-10-16,Z2,P2,739.31,733.93,1054.4,1070.4,1515.6,1689.7
2025-10-17,Z2,P2,984.26,1626.21,1271.5,1320.2,1883.2,2000.9
2025-10-18,Z2,P2,1333.63,1445.78,1096.1,1110.7,1521.8,1652.3
2025-10-19,Z2,P2,928.95,882.6,1088.1,1063.9,1384.4,1519.4
2025-10-20,Z2,P2,560.96,883.08,900.2,921.3,1309.4,1378.2
2025-10-21,Z2,P2,663.14,511.1,710.6,744.1,1060.9,1150.7
2025-10-22,Z2,P2,846.97,418.17,710.3,726.1,1120.1,1215.2
2025-10-23,Z2,P2,681.05,739.31,969.6,955.8,1397.7,1528.9
2025-10-24,Z2,P2,1132.75,984.26,1248.4,1247.0,1600.8,1873.0
2025-10-25,Z2,P2,1011.97,1333.63,1180.1,1209.0,1469.8,1471.9
2025-10-26,Z2,P2,587.67,928.95,1042.4,1110.6,1463.1,1612.2
2025-10-27,Z2,P2,687.39,560.96,802.8,839.8,1139.5,1205.5
2025-10-28,Z2,P2,437.41,663.14,740.4,719.4,1065.6,1157.8
2025-10-29,Z2,P2,378.0,846.97,790.0,846.5,1168.6,1239.5
2025-10-30,Z2,P2,636.6,681.05,876.1,915.4,1231.3,1367.7
2025-10-31,Z2,P2,656.03,1132.75,1125.7,1093.5,1565.5,1734.4
2025-11-01,Z2,P2,659.88,1011.97,1110.9,1135.8,1508.2,1676.3
2025-11-02,Z2,P2,754.88,587.67,858.3,909.3,1194.7,1327.5
2025-11-03,Z2,P2,308.65,687.39,768.0,776.0,1127.0,1205.8
2025-11-04,Z2,P2,669.37,437.41,621.6,616.3,1057.7,1158.8
2025-11-05,Z2,P2,616.9,378.0,567.5,527.8,1030.2,1145.7
2025-11-06,Z2,P2,538.37,636.6,779.5,818.2,1258.6,1408.2
2025-11-07,Z2,P2,599.13,656.03,940.6,973.3,1391.5,1470.3
2025-11-08,Z2,P2,534.31,659.88,886.3,895.4,1304.2,1403.6
2025-11-09,Z2,P2,648.19,754.88,742.0,745.9,1008.8,1154.5
2025-11-10,Z2,P2,501.33,308.65,606.3,585.9,975.9,1097.6
2025-11-11,Z2,P2,416.14,669.37,661.1,667.1,1042.1,1130.7
2025-11-12,Z2,P2,495.35,616.9,627.9,665.0,994.4,1107.6
2025-11-13,Z2,P2,497.34,538.37,704.5,791.4,1040.6,1114.3
2025-11-14,Z2,P2,277.23,599.13,827.6,916.2,1320.1,1511.0
2025-11-15,Z2,P2,206.37,534.31,795.7,835.2,1115.0,1358.0
2025-11-16,Z2,P2,543.53,648.19,690.0,696.6,955.3,1048.1
2025-11-17,Z2,P2,261.21,501.33,563.8,611.6,903.3,1047.4
2025-11-18,Z2,P2,608.85,416.14,572.9,600.0,947.3,1076.1
2025-11-19,Z2,P2,744.73,495.35,593.2,611.4,972.1,1082.7
2025-11-20,Z2,P2,445.95,497.34,643.1,681.7,1018.4,1112.8
2025-11-21,Z2,P2,562.15,277.23,663.5,696.7,946.8,1061.9
2025-11-22,Z2,P2,619.42,206.37,587.7,640.2,801.3,955.8
2025-11-23,Z2,P2,312.64,543.53,603.3,660.3,817.9,923.1
2025-11-24,Z2,P2,247.24,261.21,497.7,462.8,894.8,997.6
2025-11-25,Z2,P2,229.11,608.85,592.1,606.3,929.0,1012.3
2025-11-26,Z2,P2,96.6,744.73,633.2,642.8,983.3,1102.3
2025-11-27,Z2,P2,362.82,445.95,607.6,621.1,1130.0,1351.5
2025-11-28,Z2,P2,548.58,562.15,636.4,671.1,1092.9,1325.7
2025-11-29,Z2,P2,698.17,619.42,532.6,577.2,787.5,969.8
2025-11-30,Z2,P2,642.79,312.64,558.9,604.4,892.6,1197.1
2025-12-01,Z2,P2,454.37,247.24,423.9,414.9,832.5,932.3
2025-12-02,Z2,P2,307.08,229.11,453.0,440.6,875.3,940.6
2025-12-03,Z2,P2,384.08,96.6,463.8,444.1,886.8,1024.9
2025-12-04,Z2,P2,649.79,362.82,514.1,494.9,906.2,1018.6
2025-12-05,Z2,P2,492.77,548.58,590.3,638.7,1118.3,1322.9
2025-12-06,Z2,P2,604.72,698.17,568.0,603.9,1025.6,1310.9
2025-12-07,Z2,P2,356.33,642.79,517.6,547.5,746.9,902.9
2025-12-08,Z2,P2,277.43,454.37,485.5,478.2,853.3,987.1
2025-12-09,Z2,P2,517.42,307.08,441.0,439.1,791.4,913.2
2025-12-10,Z2,P2,334.41,384.08,450.5,460.8,915.1,967.8
2025-12-11,Z2,P2,498.23,649.79,521.4,550.0,894.1,988.3
2025-12-12,Z2,P2,604.47,492.77,533.7,522.9,920.4,987.9
2025-12-13,Z2,P2,775.2,604.72,570.0,566.9,924.1,1088.2
2025-12-14,Z2,P2,353.24,356.33,462.5,466.7,717.6,880.5
2025-12-15,Z2,P2,308.0,277.43,409.4,397.3,760.1,836.1
2025-12-16,Z2,P2,316.68,517.42,501.5,504.6,819.3,918.6
2025-12-17,Z2,P2,395.66,334.41,477.0,445.3,826.8,981.6
2025-12-18,Z2,P2,513.02,498.23,503.7,499.2,819.8,913.7
2025-12-19,Z2,P2,663.41,604.47,588.0,561.9,909.0,1087.0
2025-12-20,Z2,P2,615.84,775.2,602.7,556.1,921.8,1061.8
2025-12-21,Z2,P2,320.07,353.24,373.7,346.6,494.0,628.0
2025-12-22,Z2,P2,497.25,308.0,448.8,389.3,659.1,710.2
2025-12-23,Z2,P2,467.09,316.68,435.0,396.4,674.4,674.4
2025-12-24,Z2,P2,715.18,395.66,336.9,386.2,581.5,616.5
2025-12-25,Z2,P2,518.37,513.02,440.1,422.5,719.7,729.5
2025-12-26,Z2,P2,764.14,663.41,480.6,453.0,771.2,869.8
2025-12-27,Z2,P2,1054.18,615.84,537.1,504.3,953.2,992.0
2025-12-28,Z2,P2,858.15,320.07,468.8,421.6,660.8,751.7
2025-12-29,Z2,P2,793.44,497.25,498.6,527.3,768.4,793.0
2025-12-30,Z2,P2,1284.33,467.09,500.6,460.2,687.0,773.2
2025-12-31,Z2,P2,730.31,715.18,522.9,488.2,799.2,869.0
2026-01-01,Z2,P2,535.93,518.37,559.9,513.9,756.0,777.3
2026-01-02,Z2,P2,1015.83,764.14,648.5,562.2,1061.4,1061.4
2026-01-03,Z2,P2,735.61,1054.18,637.7,597.5,1350.2,1350.2
2026-01-04,Z2,P2,510.27,858.15,488.7,502.9,767.0,815.3
2026-01-05,Z2,P2,489.04,793.44,510.6,553.6,797.5,882.2
2026-01-06,Z2,P2,542.78,1284.33,570.2,585.7,1126.6,1176.9
2026-01-07,Z2,P2,234.56,730.31,573.7,603.6,791.9,914.4
2026-01-08,Z2,P2,383.51,535.93,541.5,582.9,779.7,808.0
2026-01-09,Z2,P2,361.11,1015.83,713.7,726.4,1035.0,1212.4
2026-01-10,Z2,P2,385.75,735.61,695.3,670.4,1047.8,1090.9
2026-01-11,Z2,P2,446.89,510.27,492.5,517.4,803.0,808.4
2026-01-12,Z2,P2,461.0,489.04,498.1,530.8,895.3,1009.3
2026-01-13,Z2,P2,409.22,542.78,577.1,642.2,1008.9,1055.4
2026-01-14,Z2,P2,101.88,234.56,514.3,511.0,895.4,944.0
2026-01-15,Z2,P2,132.74,383.51,488.6,505.0,846.5,948.4
2026-01-16,Z2,P2,464.49,361.11,596.8,604.9,1042.0,1078.8
2026-01-17,Z2,P2,378.13,385.75,629.3,612.3,962.7,1035.5
2026-01-18,Z2,P2,332.29,446.89,444.1,427.3,684.0,794.2
2026-01-19,Z2,P2,493.51,461.0,480.3,497.8,763.3,845.3
2026-01-20,Z2,P2,259.6,409.22,486.0,517.4,909.0,1074.1
2026-01-21,Z2,P2,325.97,101.88,437.5,401.8,728.7,860.7
2026-01-22,Z2,P2,315.98,132.74,418.2,387.5,777.4,882.1
2026-01-23,Z2,P2,562.3,464.49,552.1,532.1,969.7,1058.0
2026-01-24,Z2,P2,440.5,378.13,560.5,533.1,806.7,888.8
2026-01-25,Z2,P2,369.96,332.29,487.7,482.3,710.6,763.7
2026-01-26,Z2,P2,611.56,493.51,513.2,510.4,863.5,969.4
2026-01-27,Z2,P2,371.13,259.6,428.4,470.9,906.2,1027.4
2026-01-28,Z2,P2,194.99,325.97,448.7,402.7,862.4,875.8
2026-01-29,Z2,P2,382.71,315.98,434.1,408.6,851.4,859.2
2026-01-30,Z2,P2,507.48,562.3,580.8,579.2,875.6,975.4
2026-01-31,Z2,P2,522.62,440.5,507.0,501.6,712.9,774.0
2026-02-01,Z2,P2,295.7,369.96,401.4,411.4,561.7,650.8
2026-02-02,Z2,P2,411.91,611.56,493.0,490.2,793.6,920.4
2026-02-03,Z2,P2,318.27,371.13,439.3,427.8,693.6,827.9
2026-02-04,Z2,P2,425.02,194.99,368.3,355.7,729.7,792.9
2026-02-05,Z2,P2,490.13,382.71,429.1,421.3,741.4,818.4
2026-02-06,Z2,P2,515.79,507.48,510.3,495.0,814.2,901.8
2026-02-07,Z2,P2,498.54,522.62,490.3,489.5,693.6,772.6
2026-02-08,Z2,P2,436.8,295.7,370.0,362.6,541.9,633.3
2026-02-09,Z2,P2,288.79,411.91,448.1,453.9,726.6,835.6
2026-02-10,Z2,P2,243.48,318.27,398.1,369.4,754.1,814.1
2026-02-11,Z2,P2,422.0,425.02,418.2,404.2,720.4,798.5
2026-02-12,Z2,P2,372.76,490.13,459.5,428.9,779.3,817.2
2026-02-13,Z2,P2,405.3,515.79,524.2,493.6,805.3,865.2
2026-02-14,Z2,P2,365.97,498.54,468.2,447.6,637.7,717.1
2026-02-15,Z2,P2,338.5,436.8,370.5,342.3,519.6,618.1
2026-02-16,Z2,P2,454.31,288.79,445.3,439.0,736.1,800.1
2026-02-17,Z2,P2,538.27,243.48,392.7,385.3,662.3,731.3
2026-02-18,Z2,P2,485.5,422.0,436.0,441.8,738.3,765.8
2026-02-19,Z2,P2,415.24,372.76,453.2,447.5,710.9,772.7
2026-02-20,Z2,P2,475.22,405.3,514.1,513.7,815.4,878.6
2026-02-21,Z2,P2,556.35,365.97,534.8,504.8,738.0,846.1
2026-02-22,Z2,P2,280.68,338.5,402.4,394.7,633.5,758.4
2026-02-23,Z2,P2,457.86,454.31,485.4,468.7,775.3,868.9
2026-02-24,Z2,P2,401.8,538.27,496.8,499.3,869.7,943.3
2026-02-25,Z2,P2,816.31,485.5,479.3,469.0,736.1,770.6
2026-02-26,Z2,P2,444.19,415.24,467.6,453.5,721.1,810.4
2026-02-27,Z2,P2,587.08,475.22,534.9,508.5,826.9,905.0
2026-02-28,Z2,P2,604.54,556.35,531.8,548.6,694.0,796.8
2026-03-01,Z2,P2,662.13,280.68,389.8,355.0,539.2,655.5
2026-03-02,Z2,P2,570.53,457.86,489.4,472.1,694.2,753.9
2026-03-03,Z2,P2,457.86,401.8,441.3,438.8,586.9,1043.2
2026-03-04,Z2,P2,405.49,816.31,504.5,493.1,821.1,1261.2
2026-03-05,Z2,P2,420.83,444.19,447.4,460.2,657.3,1088.0
2026-03-06,Z2,P2,458.97,587.08,497.7,480.6,712.4,1167.3
2026-03-07,Z2,P2,550.75,604.54,552.0,531.0,792.8,1289.0
2026-03-08,Z2,P2,620.34,662.13,519.4,516.8,738.9,864.4
2026-03-09,Z2,P2,519.56,570.53,457.4,459.8,656.6,756.2
2026-03-10,Z2,P2,440.24,457.86,430.8,417.8,605.5,689.9
2026-03-11,Z2,P2,249.5,405.49,463.7,461.1,722.0,778.0
2026-03-12,Z2,P2,396.98,420.83,409.1,407.6,575.0,670.7
2026-03-13,Z2,P2,577.09,458.97,505.0,482.8,645.2,708.8
2026-03-14,Z2,P2,601.57,550.75,499.2,491.6,642.3,792.2
2026-03-15,Z2,P2,550.05,620.34,501.6,479.1,700.2,864.9
2026-03-16,Z2,P2,745.46,519.56,487.0,480.4,609.8,742.6
2026-03-17,Z2,P2,478.53,440.24,458.4,446.1,712.1,780.5
2026-03-18,Z2,P2,725.26,249.5,463.8,454.0,645.5,764.8
2026-03-19,Z2,P2,305.58,396.98,447.0,432.9,626.7,679.5
2026-03-20,Z2,P2,628.09,577.09,536.7,520.1,726.2,800.7
2026-03-21,Z2,P2,504.26,601.57,577.7,525.3,832.5,977.5
2026-03-22,Z2,P2,744.72,550.05,518.7,481.8,687.2,728.2
2026-03-23,Z2,P2,588.97,745.46,542.5,546.5,861.0,979.1
2026-03-24,Z2,P2,508.38,478.53,477.7,469.1,728.2,751.8
2026-03-25,Z2,P2,314.28,725.26,550.3,530.6,796.5,915.1
2026-03-26,Z2,P2,363.65,305.58,468.1,445.7,737.5,737.5
2026-03-27,Z2,P2,481.75,628.09,579.4,551.0,860.8,923.2
2026-03-28,Z2,P2,479.94,504.26,586.4,563.7,810.1,936.6
2026-03-29,Z2,P2,439.97,744.72,618.8,584.3,989.8,1108.0
2026-03-30,Z2,P2,494.84,588.97,557.6,575.2,810.3,941.1
2026-03-31,Z2,P2,795.08,508.38,498.7,496.1,683.9,758.6
2026-04-01,Z2,P2,727.7,314.28,461.5,441.1,708.3,796.1
2026-04-02,Z2,P2,761.38,363.65,465.2,451.6,637.3,720.5
2026-04-03,Z2,P2,1386.39,481.75,601.4,558.0,788.5,843.5
2026-04-04,Z2,P2,923.71,479.94,559.1,540.6,739.4,891.3
2026-04-05,Z2,P2,920.79,439.97,557.8,564.8,857.9,1006.7
2026-04-06,Z2,P2,1596.06,494.84,508.9,487.9,732.1,842.7
2026-04-07,Z2,P2,966.63,795.08,506.4,510.3,832.6,904.2
2026-04-08,Z2,P2,741.85,727.7,529.0,557.9,769.4,893.1
2026-04-09,Z2,P2,793.48,761.38,512.2,537.5,828.8,919.5
2026-04-10,Z2,P2,1141.83,1386.39,704.0,697.5,1329.5,1484.0
2026-04-11,Z2,P2,1017.81,923.71,663.7,617.2,1138.1,1329.7
2026-04-12,Z2,P2,1044.41,920.79,684.3,604.0,1051.3,1212.0
2026-04-13,Z2,P2,560.45,1596.06,785.7,709.9,1473.8,1689.2
2026-04-14,Z2,P2,399.82,966.63,749.6,712.6,1076.6,1293.6
2026-04-15,Z2,P2,451.42,741.85,748.6,734.8,1157.9,1254.8
2026-04-16,Z2,P2,623.15,793.48,773.1,769.5,1190.1,1254.7
2026-04-17,Z2,P2,741.81,1141.83,949.1,1005.9,1361.1,1462.0
2026-04-18,Z2,P2,937.08,1017.81,812.7,819.8,1237.1,1281.2
2026-04-19,Z2,P2,899.48,1044.41,773.5,758.4,1216.0,1313.1
2026-04-20,Z2,P2,634.38,560.45,751.7,719.1,1316.7,1541.2
2026-04-21,Z2,P2,761.77,399.82,651.2,616.5,1101.3,1228.8
2026-04-22,Z2,P2,390.07,451.42,658.3,621.4,1092.8,1170.4
2026-04-23,Z2,P2,870.85,623.15,742.5,713.5,1160.8,1233.5
2026-04-24,Z2,P2,1107.64,741.81,865.4,838.3,1450.7,1665.6
2026-04-25,Z2,P2,754.52,937.08,791.1,791.3,1236.7,1362.0
2026-04-26,Z2,P2,945.73,899.48,800.9,790.5,1197.1,1296.3
2026-04-27,Z2,P2,748.16,634.38,698.0,715.0,1291.8,1544.3
2026-04-28,Z2,P2,512.56,761.77,671.6,676.2,1069.0,1228.7
2026-04-29,Z2,P2,604.67,390.07,578.5,592.1,947.0,1098.8
2026-04-30,Z2,P2,606.05,870.85,726.2,717.5,1151.8,1300.7
2025-10-01,Z2,P3,2622.7,2825.15,3389.7,3402.9,5313.2,5480.7
2025-10-02,Z2,P3,3272.62,4376.58,4046.6,3876.0,5210.0,5210.0
2025-10-03,Z2,P3,4980.54,3818.05,4158.7,4333.2,6003.7,6003.7
2025-10-04,Z2,P3,4538.54,3809.24,4370.9,4326.5,5781.7,5781.7
2025-10-05,Z2,P3,5487.06,3122.28,3572.2,3787.6,6133.3,6133.3
2025-10-06,Z2,P3,3273.14,3057.35,3474.7,3509.3,4742.8,4746.7
2025-10-07,Z2,P3,3098.85,1983.36,2790.3,2772.0,4539.7,4970.4
2025-10-08,Z2,P3,3313.44,2622.7,3149.9,3198.1,4677.2,5031.3
2025-10-09,Z2,P3,4016.12,3272.62,3669.5,3668.9,5708.9,5708.9
2025-10-10,Z2,P3,5078.7,4980.54,4357.3,5205.1,5529.5,6640.5
2025-10-11,Z2,P3,4151.28,4538.54,4280.3,5213.3,5310.6,6537.5
2025-10-12,Z2,P3,2939.61,5487.06,3823.9,4951.3,5093.0,6367.6
2025-10-13,Z2,P3,3285.75,3273.14,3501.9,3566.2,4845.0,4845.0
2025-10-14,Z2,P3,3174.11,3098.85,3104.9,3017.3,3796.9,4400.4
2025-10-15,Z2,P3,2549.47,3313.44,3486.1,3421.7,4903.1,4903.1
2025-10-16,Z2,P3,4069.69,4016.12,3854.9,4210.1,5161.1,5161.1
2025-10-17,Z2,P3,5716.76,5078.7,4704.1,5557.0,7046.5,7046.5
2025-10-18,Z2,P3,5372.05,4151.28,4347.4,4423.2,5535.2,5547.6
2025-10-19,Z2,P3,4260.86,2939.61,3842.3,3681.6,4014.7,4471.2
2025-10-20,Z2,P3,4218.7,3285.75,3562.9,3530.0,4863.1,4863.1
2025-10-21,Z2,P3,2806.11,3174.11,3227.4,3165.2,4737.3,4737.3
2025-10-22,Z2,P3,3432.23,2549.47,3120.1,3040.9,3812.8,4067.4
2025-10-23,Z2,P3,4516.52,4069.69,3922.8,4109.8,5103.6,5301.0
2025-10-24,Z2,P3,5887.12,5716.76,4851.2,5068.4,7015.1,7015.1
2025-10-25,Z2,P3,3925.82,5372.05,4685.5,4926.9,5578.1,7044.3
2025-10-26,Z2,P3,3756.29,4260.86,3758.9,3696.3,4906.5,5019.6
2025-10-27,Z2,P3,2648.32,4218.7,3595.3,3675.9,4934.9,5158.5
2025-10-28,Z2,P3,2414.26,2806.11,3174.2,3087.3,3906.7,4295.6
2025-10-29,Z2,P3,2624.7,3432.23,3277.1,3469.7,3919.8,4882.2
2025-10-30,Z2,P3,2893.93,4516.52,3963.0,3808.8,5081.9,6735.0
2025-10-31,Z2,P3,2735.95,5887.12,4924.3,5327.4,6712.5,7072.6
2025-11-01,Z2,P3,3520.66,3925.82,4320.7,4289.9,4951.5,5276.8
2025-11-02,Z2,P3,2298.6,3756.29,3456.4,4110.9,4824.2,5030.0
2025-11-03,Z2,P3,2614.5,2648.32,3173.2,3111.2,3988.5,4626.9
2025-11-04,Z2,P3,1873.79,2414.26,2924.7,2880.0,3776.4,4126.2
2025-11-05,Z2,P3,1801.12,2624.7,3018.1,3106.5,3738.0,4132.0
2025-11-06,Z2,P3,2016.77,2893.93,3291.0,3311.7,4080.2,4609.8
2025-11-07,Z2,P3,2836.14,2735.95,3895.8,3559.2,4111.5,4652.3
2025-11-08,Z2,P3,2996.04,3520.66,3795.1,3564.3,4983.4,5083.7
2025-11-09,Z2,P3,2556.85,2298.6,2882.4,2960.5,4022.6,4366.9
2025-11-10,Z2,P3,2365.26,2614.5,2998.2,3066.1,3831.6,4109.7
2025-11-11,Z2,P3,2706.27,1873.79,2552.9,2364.4,3413.0,3815.1
2025-11-12,Z2,P3,2213.63,1801.12,2483.3,2345.1,3439.7,3994.3
2025-11-13,Z2,P3,2618.08,2016.77,2797.6,2800.4,4095.4,4095.4
2025-11-14,Z2,P3,2610.6,2836.14,3272.7,3324.8,3978.4,4076.8
2025-11-15,Z2,P3,2792.45,2996.04,3453.2,3596.3,4010.6,4418.8
2025-11-16,Z2,P3,2070.76,2556.85,3000.0,3077.8,3798.5,3997.4
2025-11-17,Z2,P3,1710.76,2365.26,2726.5,2784.6,3501.9,3650.2
2025-11-18,Z2,P3,2590.27,2706.27,2631.5,2729.5,3573.7,3923.3
2025-11-19,Z2,P3,1968.97,2213.63,2366.1,2374.4,3104.4,3470.8
2025-11-20,Z2,P3,2544.81,2618.08,2972.2,2959.4,3721.1,3985.4
2025-11-21,Z2,P3,3188.47,2610.6,3071.7,3124.7,3721.1,3874.9
2025-11-22,Z2,P3,2908.81,2792.45,3132.7,3248.0,3873.6,4060.6
2025-11-23,Z2,P3,2238.93,2070.76,2425.9,2435.8,2949.2,3323.7
2025-11-24,Z2,P3,2733.71,1710.76,2319.9,2296.0,3196.3,3250.6
2025-11-25,Z2,P3,2611.82,2590.27,2456.9,2563.5,3626.1,3812.8
2025-11-26,Z2,P3,757.66,1968.97,2210.5,2133.6,2931.1,3376.4
2025-11-27,Z2,P3,1931.45,2544.81,2688.3,2767.3,3591.4,3866.4
2025-11-28,Z2,P3,2248.51,3188.47,3044.1,3220.9,3918.7,4467.1
2025-11-29,Z2,P3,2717.33,2908.81,3058.3,3220.4,3855.1,4220.9
2025-11-30,Z2,P3,1828.49,2238.93,2336.5,2472.2,2956.2,3482.2
2025-12-01,Z2,P3,2068.23,2733.71,2648.6,2711.0,3609.9,4113.8
2025-12-02,Z2,P3,2032.84,2611.82,2640.2,2655.7,3641.2,4154.6
2025-12-03,Z2,P3,1797.34,757.66,1497.4,1534.7,2253.1,2738.7
2025-12-04,Z2,P3,1763.03,1931.45,2324.1,2320.4,3086.6,3362.8
2025-12-05,Z2,P3,2276.63,2248.51,2875.4,2851.0,3634.7,3645.8
2025-12-06,Z2,P3,2374.93,2717.33,2994.4,3071.5,3772.5,4184.7
2025-12-07,Z2,P3,1733.81,1828.49,2274.5,2266.9,2710.5,3348.8
2025-12-08,Z2,P3,2403.24,2068.23,2315.4,2286.6,3004.3,3456.9
2025-12-09,Z2,P3,2296.99,2032.84,2345.2,2344.3,3066.6,3448.8
2025-12-10,Z2,P3,2132.93,1797.34,2038.6,2016.5,2674.4,3301.1
2025-12-11,Z2,P3,1938.41,1763.03,2267.9,2275.0,2810.2,3250.3
2025-12-12,Z2,P3,2346.34,2276.63,2697.0,2703.6,3408.1,4101.8
2025-12-13,Z2,P3,2296.24,2374.93,2827.8,2840.3,3624.0,3903.9
2025-12-14,Z2,P3,1982.09,1733.81,2148.0,2281.2,2549.9,3285.3
2025-12-15,Z2,P3,2180.2,2403.24,2474.7,2487.0,3251.3,3689.1
2025-12-16,Z2,P3,2358.73,2296.99,2339.1,2312.3,3027.2,3609.2
2025-12-17,Z2,P3,1980.12,2132.93,2156.9,2075.1,2863.2,3392.0
2025-12-18,Z2,P3,2173.91,1938.41,2253.4,2310.9,3523.1,3523.1
2025-12-19,Z2,P3,2119.28,2346.34,2818.2,2804.5,3212.9,3805.5
2025-12-20,Z2,P3,1795.41,2296.24,2551.4,2584.5,3357.0,3480.9
2025-12-21,Z2,P3,2233.86,1982.09,2023.9,2107.6,2618.6,3053.5
2025-12-22,Z2,P3,2529.77,2180.2,2210.6,2139.7,3027.4,3281.5
2025-12-23,Z2,P3,2786.63,2358.73,1882.9,2077.4,2997.3,3345.0
2025-12-24,Z2,P3,2445.96,1980.12,1617.4,1501.3,2855.8,3010.0
2025-12-25,Z2,P3,1511.23,2173.91,1942.5,1840.7,2828.5,3074.5
2025-12-26,Z2,P3,2596.0,2119.28,2330.6,2089.7,3573.7,3573.7
2025-12-27,Z2,P3,2308.98,1795.41,2236.4,1905.9,3307.7,3348.0
2025-12-28,Z2,P3,1996.66,2233.86,2047.8,1827.6,2848.7,3145.7
2025-12-29,Z2,P3,3234.74,2529.77,2811.4,2527.1,4118.1,5097.4
2025-12-30,Z2,P3,3127.45,2786.63,2833.0,2583.9,4286.5,4286.5
2025-12-31,Z2,P3,3589.06,2445.96,2409.8,2119.0,3472.2,3519.1
2026-01-01,Z2,P3,2129.47,1511.23,2349.0,2113.3,3430.3,4644.9
2026-01-02,Z2,P3,5148.83,2596.0,3191.9,2493.9,4386.5,5390.2
2026-01-03,Z2,P3,4118.57,2308.98,2556.6,2398.1,3543.9,3880.4
2026-01-04,Z2,P3,2812.34,1996.66,2211.1,2142.4,2844.4,2878.9
2026-01-05,Z2,P3,1991.99,3234.74,2716.4,2628.4,3739.3,4174.7
2026-01-06,Z2,P3,1993.32,3127.45,2695.0,2769.4,3821.7,4236.6
2026-01-07,Z2,P3,1530.4,3589.06,2895.9,2822.9,3890.0,4532.7
2026-01-08,Z2,P3,1241.94,2129.47,2292.6,2150.5,3095.7,4363.9
2026-01-09,Z2,P3,1664.23,5148.83,3120.5,2890.3,4168.8,4865.8
2026-01-10,Z2,P3,1845.18,4118.57,2852.3,2945.8,3964.5,4685.9
2026-01-11,Z2,P3,1411.65,2812.34,2487.5,2502.6,3569.8,3650.6
2026-01-12,Z2,P3,2133.75,1991.99,2280.0,2218.3,2926.3,3090.5
2026-01-13,Z2,P3,1614.73,1993.32,2493.9,2426.1,2985.4,3404.8
2026-01-14,Z2,P3,1799.85,1530.4,2229.9,2197.6,2856.0,3139.5
2026-01-15,Z2,P3,1764.5,1241.94,1864.3,1823.6,2397.7,2817.5
2026-01-16,Z2,P3,1652.44,1664.23,2444.3,2396.3,3069.0,3729.7
2026-01-17,Z2,P3,2265.06,1845.18,2401.6,2302.4,2946.1,3570.2
2026-01-18,Z2,P3,1512.95,1411.65,1988.5,1876.2,2542.2,2818.9
2026-01-19,Z2,P3,2010.14,2133.75,2304.7,2346.8,3021.9,3634.5
2026-01-20,Z2,P3,1667.79,1614.73,2246.5,2225.1,2720.0,3490.5
2026-01-21,Z2,P3,2078.94,1799.85,2084.8,2146.1,2755.6,3607.1
2026-01-22,Z2,P3,2305.02,1764.5,1884.3,1854.5,2522.5,2983.4
2026-01-23,Z2,P3,1988.47,1652.44,2308.8,2366.6,2822.0,3472.6
2026-01-24,Z2,P3,2532.43,2265.06,2438.0,2496.0,3059.1,3750.7
2026-01-25,Z2,P3,1641.3,1512.95,1863.9,1885.8,2275.9,2721.5
2026-01-26,Z2,P3,2015.91,2010.14,2301.1,2304.4,2813.1,3282.1
2026-01-27,Z2,P3,2473.75,1667.79,2136.4,2108.2,2714.5,3078.0
2026-01-28,Z2,P3,2147.65,2078.94,2176.4,2232.5,2807.3,3113.2
2026-01-29,Z2,P3,1740.75,2305.02,2162.7,2174.9,2970.4,3354.5
2026-01-30,Z2,P3,2383.07,1988.47,2351.1,2413.9,2842.6,3309.9
2026-01-31,Z2,P3,1788.77,2532.43,2688.3,2708.4,3697.1,3701.4
2026-02-01,Z2,P3,1822.83,1641.3,1983.0,1899.2,2520.0,2642.8
2026-02-02,Z2,P3,1529.13,2015.91,2137.1,2077.7,2641.5,2973.7
2026-02-03,Z2,P3,1538.78,2473.75,2414.0,2423.3,3387.0,3540.7
2026-02-04,Z2,P3,1455.39,2147.65,2069.7,2081.5,2931.8,2931.8
2026-02-05,Z2,P3,1707.45,1740.75,2090.0,1997.7,2627.4,2874.7
2026-02-06,Z2,P3,2275.57,2383.07,2425.9,2313.5,2974.5,3373.3
2026-02-07,Z2,P3,2325.97,1788.77,2160.7,2070.3,2676.7,2717.6
2026-02-08,Z2,P3,1689.39,1822.83,1820.5,1823.2,2350.7,2518.0
2026-02-09,Z2,P3,1938.24,1529.13,1981.7,1949.4,2511.2,2647.3
2026-02-10,Z2,P3,1632.11,1538.78,1974.3,1933.6,2606.3,2688.9
2026-02-11,Z2,P3,1570.31,1455.39,1958.4,1949.7,2557.3,2617.9
2026-02-12,Z2,P3,1523.91,1707.45,2026.6,2003.0,2551.9,2828.8
2026-02-13,Z2,P3,2453.89,2275.57,2428.1,2336.8,3064.9,3391.6
2026-02-14,Z2,P3,2683.25,2325.97,2170.2,2139.0,2983.8,3455.2
2026-02-15,Z2,P3,1598.73,1689.39,1913.1,1937.5,2349.7,2664.5
2026-02-16,Z2,P3,4127.59,1938.24,2119.2,1957.3,2689.4,2952.9
2026-02-17,Z2,P3,3407.25,1632.11,2006.0,1875.9,2548.5,2859.6
2026-02-18,Z2,P3,2547.77,1570.31,1976.1,1892.6,2529.2,2797.9
2026-02-19,Z2,P3,2257.45,1523.91,1952.3,1903.9,2524.7,2912.8
2026-02-20,Z2,P3,2197.79,2453.89,2477.0,2370.6,3232.9,3562.2
2026-02-21,Z2,P3,2662.18,2683.25,2644.6,2457.2,3644.1,3823.1
2026-02-22,Z2,P3,1958.45,1598.73,1854.6,1882.6,2312.4,2586.5
2026-02-23,Z2,P3,1936.42,4127.59,2824.6,2639.7,3906.5,4792.0
2026-02-24,Z2,P3,1985.91,3407.25,2813.3,2553.2,3666.4,4503.4
2026-02-25,Z2,P3,2310.92,2547.77,2624.0,2494.9,3582.7,3734.5
2026-02-26,Z2,P3,2427.62,2257.45,2220.2,2145.1,2852.0,3337.1
2026-02-27,Z2,P3,2140.41,2197.79,2698.5,2590.4,3258.2,3698.9
2026-02-28,Z2,P3,2358.03,2662.18,2880.0,2624.9,3792.3,4108.3
2026-03-01,Z2,P3,2477.96,1958.45,2140.4,2092.1,2508.6,3181.4
2026-03-02,Z2,P3,2462.68,1936.42,2713.8,2512.8,3458.7,4500.0
2026-03-03,Z2,P3,2018.02,1985.91,2412.0,2330.2,2994.9,3793.4
2026-03-04,Z2,P3,1719.28,2310.92,2256.0,2252.4,3084.0,3640.6
2026-03-05,Z2,P3,1908.86,2427.62,2341.8,2256.9,3183.1,3731.6
2026-03-06,Z2,P3,2139.11,2140.41,2471.5,2222.7,3366.3,3554.1
2026-03-07,Z2,P3,1981.41,2358.03,2564.2,2331.0,3368.3,3650.8
2026-03-08,Z2,P3,1901.61,2477.96,2375.2,2100.7,3161.2,3655.8
2026-03-09,Z2,P3,2310.14,2462.68,2588.1,2473.1,3457.6,3983.7
2026-03-10,Z2,P3,1798.8,2018.02,2185.8,2099.2,2993.9,3626.5
2026-03-11,Z2,P3,1479.56,1719.28,2145.3,2040.5,2761.6,2952.3
2026-03-12,Z2,P3,2108.64,1908.86,2199.6,2108.3,2788.5,3108.9
2026-03-13,Z2,P3,2682.13,2139.11,2489.4,2211.4,3370.1,3526.8
2026-03-14,Z2,P3,2157.67,1981.41,2544.8,2352.3,3313.7,3583.2
2026-03-15,Z2,P3,1995.57,1901.61,2258.1,2103.0,2940.2,3180.3
2026-03-16,Z2,P3,2397.26,2310.14,2625.7,2603.9,3096.5,3615.4
2026-03-17,Z2,P3,1944.56,1798.8,2189.5,2194.6,2724.0,2985.5
2026-03-18,Z2,P3,1393.17,1479.56,1990.5,2006.3,2592.4,2833.5
2026-03-19,Z2,P3,1680.8,2108.64,2277.4,2235.7,2901.6,3276.7
2026-03-20,Z2,P3,2591.38,2682.13,2915.0,2461.3,3866.2,4020.1
2026-03-21,Z2,P3,2992.69,2157.67,2461.1,2294.3,3238.7,3594.5
2026-03-22,Z2,P3,2212.89,1995.57,2152.1,2084.6,2898.3,3058.4
2026-03-23,Z2,P3,2144.29,2397.26,2569.8,2424.1,3328.8,3724.7
2026-03-24,Z2,P3,1948.65,1944.56,2200.6,2191.8,2802.6,2970.0
2026-03-25,Z2,P3,2348.36,1393.17,1924.8,1792.3,2418.9,2689.1
2026-03-26,Z2,P3,2975.75,1680.8,2142.2,2095.7,2745.7,2929.7
2026-03-27,Z2,P3,2666.23,2591.38,2741.7,2450.5,3770.0,3770.0
2026-03-28,Z2,P3,2941.24,2992.69,2682.3,2360.9,3890.9,4302.0
2026-03-29,Z2,P3,2693.14,2212.89,2271.9,2151.4,2849.0,3092.6
2026-03-30,Z2,P3,2696.49,2144.29,2397.0,2258.3,3159.8,3273.6
2026-03-31,Z2,P3,2805.28,1948.65,2089.5,1991.8,2591.9,2923.0
2026-04-01,Z2,P3,2960.79,2348.36,2266.6,2095.2,2927.8,3390.2
2026-04-02,Z2,P3,4339.26,2975.75,2409.3,2298.5,3785.9,3939.3
2026-04-03,Z2,P3,4913.67,2666.23,2817.1,2492.1,3838.6,4122.9
2026-04-04,Z2,P3,4899.6,2941.24,2932.2,2671.7,3994.2,4171.9
2026-04-05,Z2,P3,3782.34,2693.14,2653.1,2337.8,3851.2,3889.9
2026-04-06,Z2,P3,6071.67,2696.49,2670.4,2457.3,3808.6,3987.2
2026-04-07,Z2,P3,3746.1,2805.28,2529.6,2327.1,3735.5,3841.7
2026-04-08,Z2,P3,3351.21,2960.79,2560.0,2444.3,3954.8,3971.2
2026-04-09,Z2,P3,4073.34,4339.26,3080.7,2772.6,4347.8,4916.5
2026-04-10,Z2,P3,5947.66,4913.67,3455.4,3228.4,4435.6,4976.7
2026-04-11,Z2,P3,4444.11,4899.6,3366.3,3253.0,4552.0,4998.4
2026-04-12,Z2,P3,3063.32,3782.34,2890.5,2782.2,4019.2,4669.1
2026-04-13,Z2,P3,3241.3,6071.67,3410.9,3244.1,4662.0,4986.4
2026-04-14,Z2,P3,2260.48,3746.1,3319.6,3162.1,4179.9,4834.6
2026-04-15,Z2,P3,2493.63,3351.21,3174.2,3145.0,4174.7,4602.0
2026-04-16,Z2,P3,2950.55,4073.34,3772.0,3588.2,5142.1,5152.5
2026-04-17,Z2,P3,3163.29,5947.66,4024.4,3753.8,5459.6,5459.6
2026-04-18,Z2,P3,3531.24,4444.11,4054.6,3848.0,5634.6,5634.6
2026-04-19,Z2,P3,3261.33,3063.32,3291.0,3192.3,4334.1,4638.9
2026-04-20,Z2,P3,2799.92,3241.3,3668.7,3529.9,4652.6,4789.2
2026-04-21,Z2,P3,2408.19,2260.48,3046.9,2794.3,3817.0,4701.7
2026-04-22,Z2,P3,3127.81,2493.63,3243.0,2934.3,3960.2,4418.0
2026-04-23,Z2,P3,3616.27,2950.55,3749.9,3562.3,4681.7,4926.6
2026-04-24,Z2,P3,5082.63,3163.29,3054.0,3597.9,4830.4,5147.5
2026-04-25,Z2,P3,4670.77,3531.24,4047.2,3699.2,5543.9,5543.9
2026-04-26,Z2,P3,4010.52,3261.33,3551.5,3399.9,4364.5,5581.9
2026-04-27,Z2,P3,2998.21,2799.92,3514.9,3081.6,4511.7,7041.7
2026-04-28,Z2,P3,4076.25,2408.19,2974.9,2866.9,4304.5,6848.0
2026-04-29,Z2,P3,3049.21,3127.81,3326.1,3205.8,5410.6,5917.9
2026-04-30,Z2,P3,4142.24,3616.27,3661.5,3671.2,5397.2,5397.2
2025-10-01,Z3,P1,1294.74,1053.02,1373.4,1374.1,1860.9,1945.1
2025-10-02,Z3,P1,1776.48,1718.48,1525.7,1432.1,2099.2,2143.8
2025-10-03,Z3,P1,1257.8,2249.32,1620.8,1596.2,2298.9,2466.7
2025-10-04,Z3,P1,444.0,900.73,726.7,810.6,1047.8,1104.0
2025-10-05,Z3,P1,334.7,394.3,421.6,384.0,687.4,737.1
2025-10-06,Z3,P1,1362.19,1635.02,1504.9,1445.1,2227.7,2409.4
2025-10-07,Z3,P1,1191.74,1382.46,1545.5,1501.8,2081.9,2155.0
2025-10-08,Z3,P1,1540.28,1294.74,1407.3,1426.9,1858.6,2068.5
2025-10-09,Z3,P1,1552.89,1776.48,1580.8,1527.1,2138.7,2283.3
2025-10-10,Z3,P1,1400.23,1257.8,1595.3,1587.1,2113.2,2113.2
2025-10-11,Z3,P1,404.78,444.0,508.3,530.2,988.5,988.5
2025-10-12,Z3,P1,332.31,334.7,382.8,345.6,610.6,705.9
2025-10-13,Z3,P1,1070.43,1362.19,1449.6,1398.4,1865.3,2054.9
2025-10-14,Z3,P1,1429.43,1191.74,1453.5,1437.8,1848.4,1957.7
2025-10-15,Z3,P1,1119.0,1540.28,1492.3,1459.8,1928.0,2054.7
2025-10-16,Z3,P1,1387.22,1552.89,1573.1,1492.7,2139.1,2139.4
2025-10-17,Z3,P1,970.45,1400.23,1493.3,1458.2,1915.5,2036.5
2025-10-18,Z3,P1,577.44,404.78,591.0,595.2,902.0,991.1
2025-10-19,Z3,P1,293.83,332.31,370.7,366.7,594.7,709.3
2025-10-20,Z3,P1,1463.13,1070.43,1354.5,1301.7,1819.3,1964.4
2025-10-21,Z3,P1,1169.12,1429.43,1474.7,1404.6,1899.9,2054.0
2025-10-22,Z3,P1,1985.91,1119.0,1287.0,1309.6,1764.0,1941.9
2025-10-23,Z3,P1,1243.96,1387.22,1514.5,1483.0,1922.8,2057.0
2025-10-24,Z3,P1,1771.72,970.45,1454.0,1401.7,2004.4,2154.8
2025-10-25,Z3,P1,272.06,577.44,611.3,607.4,881.7,940.6
2025-10-26,Z3,P1,293.58,293.83,343.7,315.2,548.3,621.6
2025-10-27,Z3,P1,2056.57,1463.13,1471.1,1395.6,1905.3,2100.8
2025-10-28,Z3,P1,1826.24,1169.12,1340.9,1350.7,1793.8,1994.4
2025-10-29,Z3,P1,1212.83,1985.91,1510.4,1445.0,2110.3,2333.2
2025-10-30,Z3,P1,1849.33,1243.96,1497.8,1509.7,1864.6,1997.7
2025-10-31,Z3,P1,850.66,1771.72,1535.5,1422.3,2100.5,2262.7
2025-11-01,Z3,P1,472.52,272.06,491.2,456.4,777.0,784.9
2025-11-02,Z3,P1,226.49,293.58,337.0,293.5,566.8,651.0
2025-11-03,Z3,P1,1011.63,2056.57,1684.4,1732.8,2142.0,2323.2
2025-11-04,Z3,P1,1000.73,1826.24,1493.6,1414.3,2091.4,2226.8
2025-11-05,Z3,P1,1624.86,1212.83,1451.9,1468.3,2033.8,2070.5
2025-11-06,Z3,P1,1426.63,1849.33,1464.1,1356.2,2092.1,2266.8
2025-11-07,Z3,P1,924.74,850.66,1385.1,1381.9,2080.7,2080.7
2025-11-08,Z3,P1,428.11,472.52,426.1,404.8,729.0,740.2
2025-11-09,Z3,P1,459.93,226.49,333.1,278.1,592.0,661.4
2025-11-10,Z3,P1,1312.25,1011.63,1410.6,1452.1,2191.5,2199.9
2025-11-11,Z3,P1,1098.88,1000.73,1451.8,1487.9,2080.2,2080.2
2025-11-12,Z3,P1,1322.44,1624.86,1490.7,1453.8,2114.6,2199.4
2025-11-13,Z3,P1,1758.32,1426.63,1437.0,1461.9,2048.8,2097.2
2025-11-14,Z3,P1,893.45,924.74,1317.3,1269.2,3346.9,3346.9
2025-11-15,Z3,P1,431.19,428.11,531.9,522.4,878.4,878.4
2025-11-16,Z3,P1,280.7,459.93,378.4,366.5,583.0,671.8
2025-11-17,Z3,P1,1703.94,1312.25,1371.3,1340.6,1892.7,2028.9
2025-11-18,Z3,P1,1217.99,1098.88,1333.8,1323.5,1711.7,1975.5
2025-11-19,Z3,P1,937.07,1322.44,1415.8,1437.3,1913.2,2005.3
2025-11-20,Z3,P1,1794.49,1758.32,1516.9,1526.8,2106.6,2213.6
2025-11-21,Z3,P1,1472.46,893.45,1237.6,1231.4,1822.1,1996.6
2025-11-22,Z3,P1,591.52,431.19,503.8,501.5,789.2,833.0
2025-11-23,Z3,P1,408.19,280.7,333.5,316.5,599.1,666.9
2025-11-24,Z3,P1,1679.18,1703.94,1489.3,1469.7,2121.6,2338.6
2025-11-25,Z3,P1,1587.11,1217.99,1269.9,1276.5,1790.4,1979.4
2025-11-26,Z3,P1,1657.58,937.07,1302.1,1258.4,1773.4,1965.2
2025-11-27,Z3,P1,709.82,1794.49,1549.6,1534.0,2179.8,2301.2
2025-11-28,Z3,P1,2026.71,1472.46,1270.2,1282.5,1719.8,1810.2
2025-11-29,Z3,P1,329.26,591.52,518.8,505.5,796.0,808.0
2025-11-30,Z3,P1,109.67,408.19,334.6,321.1,543.2,645.1
2025-12-01,Z3,P1,1072.03,1679.18,1445.9,1437.7,2078.3,2193.9
2025-12-02,Z3,P1,1808.46,1587.11,1247.5,1233.9,1787.3,1923.2
2025-12-03,Z3,P1,1619.98,1657.58,1354.8,1337.8,2094.1,2202.5
2025-12-04,Z3,P1,1124.64,709.82,1398.0,1366.3,2036.7,2079.8
2025-12-05,Z3,P1,1613.29,2026.71,1519.7,1502.2,2077.6,2251.8
2025-12-06,Z3,P1,370.72,329.26,430.8,435.8,745.5,755.6
2025-12-07,Z3,P1,423.57,109.67,330.8,297.0,586.4,616.5
2025-12-08,Z3,P1,1317.34,1072.03,1365.6,1353.2,1896.0,2035.3
2025-12-09,Z3,P1,1187.37,1808.46,1454.1,1434.6,2028.1,2230.5
2025-12-10,Z3,P1,1212.79,1619.98,1374.3,1369.1,2055.7,2179.5
2025-12-11,Z3,P1,1565.31,1124.64,1310.6,1278.7,1776.6,2032.1
2025-12-12,Z3,P1,1397.22,1613.29,1543.1,1521.6,2134.0,2251.7
2025-12-13,Z3,P1,467.93,370.72,455.8,452.1,715.3,744.5
2025-12-14,Z3,P1,303.92,423.57,313.9,316.7,554.3,626.6
2025-12-15,Z3,P1,1245.17,1317.34,1420.3,1412.5,1845.8,2066.6
2025-12-16,Z3,P1,1416.66,1187.37,1405.7,1476.5,1905.2,2065.7
2025-12-17,Z3,P1,1655.78,1212.79,1439.2,1470.9,1752.3,2012.9
2025-12-18,Z3,P1,1168.91,1565.31,1294.9,1269.4,1900.5,2016.0
2025-12-19,Z3,P1,1104.08,1397.22,1524.7,1535.3,1978.4,2094.9
2025-12-20,Z3,P1,188.38,467.93,410.6,409.3,720.1,745.7
2025-12-21,Z3,P1,239.3,303.92,297.2,266.2,565.1,654.2
2025-12-22,Z3,P1,1054.04,1245.17,915.8,1086.1,1750.9,1879.6
2025-12-23,Z3,P1,1477.46,1416.66,869.4,1061.3,1831.4,1937.3
2025-12-24,Z3,P1,469.95,1655.78,649.5,869.2,2045.7,2089.8
2025-12-25,Z3,P1,366.88,1168.91,677.0,911.7,1678.2,1907.1
2025-12-26,Z3,P1,275.98,1104.08,821.6,985.7,1788.5,1878.3
2025-12-27,Z3,P1,449.63,188.38,390.0,295.6,710.7,741.3
2025-12-28,Z3,P1,252.64,239.3,249.9,204.7,501.0,600.8
2025-12-29,Z3,P1,678.89,1054.04,1011.9,1006.4,1752.9,1843.8
2025-12-30,Z3,P1,745.45,1477.46,1078.7,1115.9,1918.6,1918.6
2025-12-31,Z3,P1,738.61,469.95,646.3,722.8,1790.9,1790.9
2026-01-01,Z3,P1,91.94,366.88,704.6,598.3,1568.3,1662.0
2026-01-02,Z3,P1,768.17,275.98,665.3,564.4,1541.8,1618.2
2026-01-03,Z3,P1,1001.32,449.63,342.0,348.8,634.2,795.7
2026-01-04,Z3,P1,300.18,252.64,295.3,287.1,494.8,640.6
2026-01-05,Z3,P1,1951.13,678.89,1165.6,1106.6,1675.3,1724.2
2026-01-06,Z3,P1,1600.92,745.45,1150.2,1145.0,1665.5,1729.3
2026-01-07,Z3,P1,1503.75,738.61,1110.7,1075.1,1571.3,1663.2
2026-01-08,Z3,P1,1193.56,91.94,1217.4,890.7,1560.9,1583.8
2026-01-09,Z3,P1,1372.95,768.17,1000.3,943.7,1449.9,1583.3
2026-01-10,Z3,P1,598.78,1001.32,561.4,557.4,988.8,1050.8
2026-01-11,Z3,P1,244.02,300.18,292.5,266.3,530.2,608.1
2026-01-12,Z3,P1,1005.61,1951.13,1345.7,1281.3,1999.6,2239.5
2026-01-13,Z3,P1,1313.52,1600.92,1347.8,1252.2,2024.2,2165.9
2026-01-14,Z3,P1,993.08,1503.75,1337.3,1181.8,1752.0,1850.1
2026-01-15,Z3,P1,942.65,1193.56,1202.7,1110.9,1588.2,1764.9
2026-01-16,Z3,P1,896.85,1372.95,1218.6,1058.2,1688.1,1837.8
2026-01-17,Z3,P1,336.71,598.78,587.4,643.8,993.1,993.1
2026-01-18,Z3,P1,362.44,244.02,305.4,268.7,541.8,601.4
2026-01-19,Z3,P1,910.34,1005.61,1273.8,1164.2,1914.1,1951.9
2026-01-20,Z3,P1,2104.54,1313.52,1385.7,1300.2,1876.2,1979.8
2026-01-21,Z3,P1,800.0,993.08,1178.9,1115.9,1773.7,1773.7
2026-01-22,Z3,P1,915.63,942.65,1035.9,1026.5,1483.5,1556.6
2026-01-23,Z3,P1,1331.13,896.85,1167.2,1087.9,1738.8,1738.8
2026-01-24,Z3,P1,368.13,336.71,528.0,533.8,850.2,952.6
2026-01-25,Z3,P1,410.71,362.44,277.4,252.4,516.7,554.3
2026-01-26,Z3,P1,2049.56,910.34,1118.1,1096.8,1652.6,1823.4
2026-01-27,Z3,P1,1481.77,2104.54,1386.7,1354.8,2170.1,2268.0
2026-01-28,Z3,P1,948.75,800.0,1173.1,1131.8,1746.7,1768.9
2026-01-29,Z3,P1,1178.61,915.63,1105.0,1062.1,1531.5,1587.8
2026-01-30,Z3,P1,1605.64,1331.13,1332.4,1254.2,1807.1,1930.7
2026-01-31,Z3,P1,320.23,368.13,464.1,460.5,825.7,856.0
2026-02-01,Z3,P1,189.22,410.71,355.2,326.7,549.4,622.7
2026-02-02,Z3,P1,1477.99,2049.56,1387.2,1307.5,2148.5,2420.9
2026-02-03,Z3,P1,1448.98,1481.77,1381.0,1444.2,2143.6,2143.6
2026-02-04,Z3,P1,816.31,948.75,1159.5,1110.8,1653.2,1835.5
2026-02-05,Z3,P1,1323.86,1178.61,1273.2,1202.0,1688.6,1846.4
2026-02-06,Z3,P1,1877.25,1605.64,1449.9,1388.7,2053.7,2180.3
2026-02-07,Z3,P1,461.37,320.23,439.0,420.7,734.8,775.6
2026-02-08,Z3,P1,303.64,189.22,325.2,277.9,573.0,666.3
2026-02-09,Z3,P1,1972.53,1477.99,1297.8,1301.3,2067.3,2067.3
2026-02-10,Z3,P1,1091.36,1448.98,1456.3,1512.2,1979.2,2061.1
2026-02-11,Z3,P1,641.86,816.31,1132.2,1096.1,1659.8,1674.5
2026-02-12,Z3,P1,1349.27,1323.86,1213.1,1182.6,1631.2,1707.2
2026-02-13,Z3,P1,1280.16,1877.25,1553.9,1526.5,2129.8,2252.0
2026-02-14,Z3,P1,399.86,461.37,370.7,333.1,640.6,701.9
2026-02-15,Z3,P1,581.14,303.64,324.7,285.3,544.6,641.2
2026-02-16,Z3,P1,1204.91,1972.53,1480.2,1488.0,2189.1,2317.8
2026-02-17,Z3,P1,971.92,1091.36,1355.2,1405.1,1920.3,2139.9
2026-02-18,Z3,P1,828.6,641.86,933.7,867.6,1386.4,1546.0
2026-02-19,Z3,P1,1322.91,1349.27,1254.4,1208.0,1670.8,1818.7
2026-02-20,Z3,P1,1095.9,1280.16,1403.0,1352.9,2094.0,2123.8
2026-02-21,Z3,P1,114.99,399.86,419.4,411.2,704.9,751.2
2026-02-22,Z3,P1,308.12,581.14,382.7,400.5,621.8,663.8
2026-02-23,Z3,P1,737.1,1204.91,1373.1,1350.8,2035.2,2232.4
2026-02-24,Z3,P1,1279.8,971.92,1172.8,1162.9,1774.3,1974.4
2026-02-25,Z3,P1,1179.71,828.6,997.4,981.7,1399.5,1514.5
2026-02-26,Z3,P1,936.49,1322.91,1270.9,1225.8,1758.7,1853.6
2026-02-27,Z3,P1,1378.29,1095.9,1310.4,1325.6,1730.8,1958.3
2026-02-28,Z3,P1,348.42,114.99,406.2,390.8,767.2,804.5
2026-03-01,Z3,P1,239.25,308.12,382.2,329.6,608.2,749.0
2026-03-02,Z3,P1,1019.56,737.1,1248.3,1220.8,1829.7,1889.1
2026-03-03,Z3,P1,1200.73,1279.8,1301.1,1271.3,1803.3,1978.0
2026-03-04,Z3,P1,1720.76,1179.71,1155.9,1091.0,1626.9,1787.9
2026-03-05,Z3,P1,1095.6,936.49,1252.8,1218.4,1760.4,1960.0
2026-03-06,Z3,P1,1061.94,1378.29,1316.5,1327.0,1919.5,2011.7
2026-03-07,Z3,P1,332.32,348.42,459.9,425.9,668.8,697.4
2026-03-08,Z3,P1,398.5,239.25,370.1,329.8,535.7,683.9
2026-03-09,Z3,P1,1459.13,1019.56,1235.1,1174.7,1780.0,1924.9
2026-03-10,Z3,P1,809.2,1200.73,1172.4,1221.1,1634.3,1771.2
2026-03-11,Z3,P1,938.48,1720.76,1374.6,1278.7,1904.6,2029.9
2026-03-12,Z3,P1,1594.92,1095.6,1232.4,1169.8,1696.5,1873.2
2026-03-13,Z3,P1,959.73,1061.94,1220.5,1219.0,1728.2,1800.3
2026-03-14,Z3,P1,333.51,332.32,363.1,350.9,671.4,696.5
2026-03-15,Z3,P1,276.49,398.5,396.9,377.7,585.2,704.8
2026-03-16,Z3,P1,1250.04,1459.13,1282.2,1176.4,1762.1,1802.7
2026-03-17,Z3,P1,1404.23,809.2,1190.3,1165.9,1674.3,1913.2
2026-03-18,Z3,P1,1143.92,938.48,1213.7,1197.0,1829.8,1996.1
2026-03-19,Z3,P1,1630.17,1594.92,1311.9,1245.4,1903.9,2076.0
2026-03-20,Z3,P1,870.5,959.73,1231.2,1198.8,1780.0,1995.7
2026-03-21,Z3,P1,304.1,333.51,381.8,373.8,645.8,658.0
2026-03-22,Z3,P1,289.54,276.49,334.3,291.6,637.3,671.9
2026-03-23,Z3,P1,944.9,1250.04,1348.4,1338.4,1780.1,1926.8
2026-03-24,Z3,P1,1207.08,1404.23,1265.6,1177.9,1801.5,2018.7
2026-03-25,Z3,P1,1042.42,1143.92,1243.6,1145.0,1654.0,1958.4
2026-03-26,Z3,P1,1357.87,1630.17,1410.8,1413.5,1991.2,2188.6
2026-03-27,Z3,P1,1112.71,870.5,1231.0,1191.8,1799.7,1916.6
2026-03-28,Z3,P1,373.41,304.1,403.1,361.4,682.2,732.4
2026-03-29,Z3,P1,154.48,289.54,338.8,296.2,544.5,633.4
2026-03-30,Z3,P1,1156.82,944.9,1249.0,1265.0,1796.5,1968.7
2026-03-31,Z3,P1,414.79,1207.08,1305.0,1318.4,1680.5,1881.2
2026-04-01,Z3,P1,1390.79,1042.42,1136.3,1166.7,1592.4,1794.4
2026-04-02,Z3,P1,1247.65,1357.87,1401.6,1480.1,1859.0,2079.1
2026-04-03,Z3,P1,743.44,1112.71,1211.7,1194.0,1613.2,1843.2
2026-04-04,Z3,P1,429.04,373.41,419.7,398.6,624.6,739.3
2026-04-05,Z3,P1,299.92,154.48,337.5,270.8,529.8,631.1
2026-04-06,Z3,P1,642.94,1156.82,1264.5,1239.3,1759.5,2016.7
2026-04-07,Z3,P1,1627.63,414.79,1031.0,872.8,1743.4,1860.3
2026-04-08,Z3,P1,1491.04,1390.79,1187.5,1146.6,1588.5,1758.0
2026-04-09,Z3,P1,2274.46,1247.65,1372.4,1369.5,1798.4,2023.0
2026-04-10,Z3,P1,1599.39,743.44,1075.4,1017.7,1585.6,1624.4
2026-04-11,Z3,P1,467.69,429.04,413.5,400.9,671.7,723.9
2026-04-12,Z3,P1,338.07,299.92,353.7,319.9,524.9,664.8
2026-04-13,Z3,P1,1068.71,642.94,1032.8,976.3,1422.4,1553.8
2026-04-14,Z3,P1,1116.67,1627.63,1175.4,1068.8,1774.5,2051.0
2026-04-15,Z3,P1,1545.7,1491.04,1228.3,1313.8,1671.5,1754.1
2026-04-16,Z3,P1,1218.68,2274.46,1491.1,1498.8,2325.9,2534.5
2026-04-17,Z3,P1,893.75,1599.39,1287.4,1196.4,1862.0,2096.7
2026-04-18,Z3,P1,690.51,467.69,395.9,389.3,678.3,749.6
2026-04-19,Z3,P1,477.02,338.07,306.5,276.8,547.0,666.8
2026-04-20,Z3,P1,1249.52,1068.71,1060.1,1006.8,1434.4,1720.3
2026-04-21,Z3,P1,691.2,1116.67,1270.0,1288.4,1740.8,1932.9
2026-04-22,Z3,P1,1196.53,1545.7,1377.4,1422.2,1928.2,2054.6
2026-04-23,Z3,P1,1436.08,1218.68,1368.8,1383.8,2091.9,2180.5
2026-04-24,Z3,P1,767.45,893.75,1230.0,1144.0,1808.1,1884.4
2026-04-25,Z3,P1,459.83,690.51,437.1,440.3,821.6,876.9
2026-04-26,Z3,P1,426.9,477.02,342.4,260.8,565.2,682.6
2026-04-27,Z3,P1,593.37,1249.52,1047.4,1139.3,1594.8,1698.4
2026-04-28,Z3,P1,972.19,691.2,890.4,909.3,1701.1,1794.6
2026-04-29,Z3,P1,1452.74,1196.53,1285.7,1455.0,1879.0,2183.4
2026-04-30,Z3,P1,1120.98,1436.08,1249.5,1403.3,1895.4,2044.1
2025-10-01,Z3,P2,71.97,27.01,89.0,82.5,183.7,216.6
2025-10-02,Z3,P2,85.01,64.62,115.7,119.6,234.3,264.1
2025-10-03,Z3,P2,82.24,269.08,120.6,117.0,247.4,275.5
2025-10-04,Z3,P2,119.87,70.22,124.2,115.7,197.8,254.8
2025-10-05,Z3,P2,50.39,135.41,105.7,97.3,187.1,257.9
2025-10-06,Z3,P2,104.78,112.81,97.1,92.3,200.5,234.5
2025-10-07,Z3,P2,83.09,18.21,107.8,112.6,195.0,242.7
2025-10-08,Z3,P2,100.31,71.97,101.1,107.0,202.0,232.8
2025-10-09,Z3,P2,128.88,85.01,113.7,116.0,237.1,278.6
2025-10-10,Z3,P2,169.79,82.24,102.7,102.2,226.3,262.3
2025-10-11,Z3,P2,32.11,119.87,97.1,94.4,168.9,186.7
2025-10-12,Z3,P2,81.27,50.39,73.5,66.2,176.4,192.7
2025-10-13,Z3,P2,160.36,104.78,96.9,88.9,197.3,206.1
2025-10-14,Z3,P2,23.99,83.09,93.3,89.5,186.9,221.5
2025-10-15,Z3,P2,112.77,100.31,96.1,88.8,179.7,203.8
2025-10-16,Z3,P2,132.8,128.88,89.5,89.3,186.5,205.8
2025-10-17,Z3,P2,66.53,169.79,105.9,100.3,210.9,247.4
2025-10-18,Z3,P2,67.42,32.11,72.7,75.3,136.9,187.6
2025-10-19,Z3,P2,82.95,81.27,106.6,106.3,197.8,225.6
2025-10-20,Z3,P2,83.75,160.36,92.2,91.7,197.8,218.2
2025-10-21,Z3,P2,143.57,23.99,78.2,79.6,175.6,197.6
2025-10-22,Z3,P2,81.3,112.77,98.6,88.5,190.5,201.1
2025-10-23,Z3,P2,98.55,132.8,94.1,95.1,185.4,204.8
2025-10-24,Z3,P2,212.52,66.53,124.8,127.2,243.1,272.7
2025-10-25,Z3,P2,34.69,67.42,88.6,95.1,159.1,176.0
2025-10-26,Z3,P2,57.32,82.95,96.0,90.7,162.6,186.9
2025-10-27,Z3,P2,22.6,83.75,95.9,95.9,202.9,227.3
2025-10-28,Z3,P2,88.68,143.57,90.4,86.2,173.6,193.9
2025-10-29,Z3,P2,40.49,81.3,95.0,99.4,188.1,197.2
2025-10-30,Z3,P2,62.86,98.55,100.8,104.0,206.3,219.3
2025-10-31,Z3,P2,103.54,212.52,121.5,116.0,220.3,241.2
2025-11-01,Z3,P2,86.03,34.69,86.5,86.1,144.6,167.3
2025-11-02,Z3,P2,66.39,57.32,85.1,80.8,153.1,178.8
2025-11-03,Z3,P2,61.55,22.6,91.8,94.0,190.2,218.3
2025-11-04,Z3,P2,48.65,88.68,94.6,88.6,209.0,224.6
2025-11-05,Z3,P2,104.04,40.49,89.5,90.5,190.7,202.6
2025-11-06,Z3,P2,91.89,62.86,94.5,103.5,206.0,213.7
2025-11-07,Z3,P2,40.47,103.54,116.9,116.5,210.7,241.3
2025-11-08,Z3,P2,74.06,86.03,91.4,94.1,133.7,160.5
2025-11-09,Z3,P2,8.88,66.39,73.1,72.9,148.3,167.1
2025-11-10,Z3,P2,122.54,61.55,83.0,91.0,159.5,184.5
2025-11-11,Z3,P2,99.92,48.65,76.9,80.6,155.7,176.6
2025-11-12,Z3,P2,82.38,104.04,84.2,87.9,174.1,188.1
2025-11-13,Z3,P2,81.23,91.89,84.6,90.8,170.6,188.9
2025-11-14,Z3,P2,48.86,40.47,87.8,95.2,171.3,186.9
2025-11-15,Z3,P2,7.41,74.06,85.5,83.1,134.5,158.4
2025-11-16,Z3,P2,81.83,8.88,72.4,68.8,129.0,139.7
2025-11-17,Z3,P2,58.88,122.54,77.1,77.1,172.5,188.0
2025-11-18,Z3,P2,149.82,99.92,77.8,76.1,160.5,180.8
2025-11-19,Z3,P2,91.84,82.38,75.9,77.9,147.1,163.9
2025-11-20,Z3,P2,54.18,81.23,81.2,85.1,154.6,183.3
2025-11-21,Z3,P2,73.09,48.86,109.7,97.6,212.0,228.0
2025-11-22,Z3,P2,37.81,7.41,62.0,63.4,126.3,150.2
2025-11-23,Z3,P2,31.14,81.83,80.4,75.2,134.2,148.7
2025-11-24,Z3,P2,16.15,58.88,77.9,70.5,144.6,158.6
2025-11-25,Z3,P2,150.84,149.82,73.3,76.1,147.1,167.8
2025-11-26,Z3,P2,61.63,91.84,78.4,78.9,153.2,175.6
2025-11-27,Z3,P2,61.0,54.18,74.9,78.2,143.7,171.5
2025-11-28,Z3,P2,122.03,73.09,85.2,81.6,149.1,172.0
2025-11-29,Z3,P2,60.61,37.81,74.1,67.1,126.7,126.8
2025-11-30,Z3,P2,94.42,31.14,62.4,48.2,103.4,118.3
2025-12-01,Z3,P2,68.56,16.15,58.4,61.0,131.9,161.9
2025-12-02,Z3,P2,72.12,150.84,71.4,71.7,154.6,199.0
2025-12-03,Z3,P2,8.47,61.63,71.1,71.9,164.9,182.4
2025-12-04,Z3,P2,38.76,61.0,77.7,73.6,160.0,178.8
2025-12-05,Z3,P2,125.36,122.03,92.5,84.6,172.0,182.6
2025-12-06,Z3,P2,7.65,60.61,67.7,65.9,105.3,124.2
2025-12-07,Z3,P2,111.41,94.42,75.1,73.0,161.0,177.3
2025-12-08,Z3,P2,48.55,68.56,80.0,72.9,172.7,189.0
2025-12-09,Z3,P2,75.29,72.12,77.3,74.6,169.1,198.0
2025-12-10,Z3,P2,53.49,8.47,64.7,61.4,130.0,149.0
2025-12-11,Z3,P2,87.27,38.76,65.4,68.3,123.9,141.7
2025-12-12,Z3,P2,115.79,125.36,76.6,79.3,137.0,167.2
2025-12-13,Z3,P2,49.79,7.65,54.8,46.9,95.4,128.8
2025-12-14,Z3,P2,72.16,111.41,63.7,62.2,119.6,150.0
2025-12-15,Z3,P2,84.06,48.55,60.9,46.6,104.7,127.3
2025-12-16,Z3,P2,91.98,75.29,73.8,79.5,165.8,183.0
2025-12-17,Z3,P2,107.15,53.49,58.5,56.5,112.0,121.9
2025-12-18,Z3,P2,98.39,87.27,69.0,71.5,139.8,174.5
2025-12-19,Z3,P2,73.77,115.79,93.1,84.2,201.1,208.0
2025-12-20,Z3,P2,117.8,49.79,49.8,46.6,74.7,89.0
2025-12-21,Z3,P2,22.61,72.16,68.0,62.8,117.3,147.7
2025-12-22,Z3,P2,78.29,84.06,73.0,69.8,131.1,149.8
2025-12-23,Z3,P2,76.62,91.98,71.3,72.4,153.5,159.8
2025-12-24,Z3,P2,116.06,107.15,60.9,55.1,128.0,152.1
2025-12-25,Z3,P2,118.44,98.39,67.0,68.8,123.5,163.9
2025-12-26,Z3,P2,96.5,73.77,78.3,80.1,148.8,162.7
2025-12-27,Z3,P2,127.63,117.8,75.0,67.8,116.9,152.7
2025-12-28,Z3,P2,99.6,22.61,64.6,41.7,118.5,128.7
2025-12-29,Z3,P2,90.53,78.29,79.1,88.0,133.6,154.0
2025-12-30,Z3,P2,54.78,76.62,72.8,88.0,142.7,147.4
2025-12-31,Z3,P2,23.84,116.06,75.5,86.8,143.6,167.8
2026-01-01,Z3,P2,79.73,118.44,63.4,78.1,188.2,188.5
2026-01-02,Z3,P2,37.4,96.5,66.0,70.1,108.0,150.8
2026-01-03,Z3,P2,62.57,127.63,64.2,74.8,145.0,164.7
2026-01-04,Z3,P2,9.32,99.6,55.6,55.0,101.0,138.1
2026-01-05,Z3,P2,53.6,90.53,66.9,47.5,138.1,156.0
2026-01-06,Z3,P2,31.37,54.78,64.0,42.1,139.6,142.5
2026-01-07,Z3,P2,16.9,23.84,62.8,29.6,130.6,152.7
2026-01-08,Z3,P2,40.29,79.73,81.9,85.7,153.6,170.1
2026-01-09,Z3,P2,104.78,37.4,84.3,80.9,149.7,152.5
2026-01-10,Z3,P2,69.37,62.57,71.7,66.7,161.7,164.6
2026-01-11,Z3,P2,56.65,9.32,58.1,51.5,105.0,118.6
2026-01-12,Z3,P2,17.49,53.6,72.6,60.9,133.2,138.7
2026-01-13,Z3,P2,32.2,31.37,72.6,62.9,134.8,140.1
2026-01-14,Z3,P2,35.16,16.9,73.1,66.6,138.0,154.5
2026-01-15,Z3,P2,80.92,40.29,75.7,68.9,142.3,155.7
2026-01-16,Z3,P2,128.47,104.78,84.6,77.4,138.2,147.7
2026-01-17,Z3,P2,67.93,69.37,81.3,78.8,143.1,150.7
2026-01-18,Z3,P2,75.76,56.65,63.2,51.1,103.9,113.0
2026-01-19,Z3,P2,61.46,17.49,63.6,56.2,129.5,157.2
2026-01-20,Z3,P2,52.48,32.2,70.7,64.0,112.6,120.2
2026-01-21,Z3,P2,32.22,35.16,60.7,57.5,112.2,112.4
2026-01-22,Z3,P2,42.27,80.92,68.4,71.7,145.5,150.8
2026-01-23,Z3,P2,14.75,128.47,81.6,78.7,149.2,158.3
2026-01-24,Z3,P2,7.77,67.93,71.8,74.6,140.1,144.9
2026-01-25,Z3,P2,31.91,75.76,68.9,61.6,118.2,139.6
2026-01-26,Z3,P2,85.71,61.46,60.6,64.0,115.0,120.0
2026-01-27,Z3,P2,68.48,52.48,59.3,50.4,89.8,101.5
2026-01-28,Z3,P2,76.5,32.22,53.8,45.9,111.1,131.5
2026-01-29,Z3,P2,16.57,42.27,58.9,58.8,112.6,112.8
2026-01-30,Z3,P2,98.43,14.75,78.8,65.8,143.5,151.8
2026-01-31,Z3,P2,70.41,7.77,56.3,48.9,112.1,118.7
2026-02-01,Z3,P2,92.21,31.91,58.9,47.2,112.0,115.8
2026-02-02,Z3,P2,29.45,85.71,54.8,49.5,118.3,131.0
2026-02-03,Z3,P2,30.18,68.48,55.5,52.6,104.6,133.0
2026-02-04,Z3,P2,48.91,76.5,62.5,56.1,111.8,120.0
2026-02-05,Z3,P2,75.01,16.57,56.0,46.9,119.1,135.5
2026-02-06,Z3,P2,75.2,98.43,81.1,74.6,157.1,157.1
2026-02-07,Z3,P2,26.97,70.41,68.0,66.4,121.7,124.6
2026-02-08,Z3,P2,31.31,92.21,63.0,57.1,122.9,135.4
2026-02-09,Z3,P2,159.69,29.45,56.7,40.8,104.1,114.2
2026-02-10,Z3,P2,84.3,30.18,48.3,40.5,95.4,112.1
2026-02-11,Z3,P2,107.91,48.91,56.5,54.2,103.4,119.0
2026-02-12,Z3,P2,29.24,75.01,59.5,51.9,118.7,134.3
2026-02-13,Z3,P2,103.99,75.2,63.7,48.4,126.0,131.5
2026-02-14,Z3,P2,47.25,26.97,48.3,27.4,91.5,110.2
2026-02-15,Z3,P2,18.91,31.31,60.2,41.8,113.7,132.6
2026-02-16,Z3,P2,127.02,159.69,69.1,65.9,135.2,151.4
2026-02-17,Z3,P2,53.62,84.3,69.3,64.8,124.1,134.0
2026-02-18,Z3,P2,4.1,107.91,74.6,72.0,135.5,148.8
2026-02-19,Z3,P2,36.8,29.24,67.8,63.8,124.9,144.9
2026-02-20,Z3,P2,43.64,103.99,91.9,82.8,138.3,160.2
2026-02-21,Z3,P2,7.95,47.25,81.6,72.5,128.2,132.9
2026-02-22,Z3,P2,77.59,18.91,66.9,53.7,129.4,141.2
2026-02-23,Z3,P2,102.7,127.02,69.4,70.4,167.1,178.6
2026-02-24,Z3,P2,45.87,53.62,67.8,61.0,118.2,153.8
2026-02-25,Z3,P2,44.23,4.1,64.2,63.1,112.4,129.0
2026-02-26,Z3,P2,28.28,36.8,73.8,64.0,125.0,147.1
2026-02-27,Z3,P2,131.81,43.64,74.5,77.9,131.1,143.9
2026-02-28,Z3,P2,65.02,7.95,54.9,59.3,100.0,110.4
2026-03-01,Z3,P2,87.61,77.59,61.5,56.3,105.1,133.9
2026-03-02,Z3,P2,127.45,102.7,70.4,77.0,146.2,165.4
2026-03-03,Z3,P2,58.5,45.87,56.7,52.9,121.5,155.0
2026-03-04,Z3,P2,31.81,44.23,53.1,47.3,118.3,145.3
2026-03-05,Z3,P2,61.34,28.28,53.4,57.8,96.3,106.6
2026-03-06,Z3,P2,50.44,131.81,79.9,76.5,149.3,172.8
2026-03-07,Z3,P2,79.25,65.02,77.5,72.0,109.6,146.2
2026-03-08,Z3,P2,69.7,87.61,72.9,61.6,114.1,140.1
2026-03-09,Z3,P2,12.8,127.45,74.7,79.6,165.7,180.9
2026-03-10,Z3,P2,20.01,58.5,62.0,60.0,116.4,145.7
2026-03-11,Z3,P2,98.85,31.81,60.8,53.8,126.2,166.1
2026-03-12,Z3,P2,28.82,61.34,61.9,63.5,100.3,122.4
2026-03-13,Z3,P2,49.31,50.44,89.4,87.3,160.4,186.7
2026-03-14,Z3,P2,59.41,79.25,82.1,71.6,119.5,160.8
2026-03-15,Z3,P2,6.61,69.7,73.9,69.7,133.4,166.0
2026-03-16,Z3,P2,47.52,12.8,84.3,73.2,149.0,186.9
2026-03-17,Z3,P2,113.08,20.01,60.2,52.1,115.4,135.0
2026-03-18,Z3,P2,11.46,98.85,76.5,70.3,136.6,145.8
2026-03-19,Z3,P2,45.25,28.82,64.2,59.0,134.7,176.8
2026-03-20,Z3,P2,128.59,49.31,71.3,81.3,160.1,171.7
2026-03-21,Z3,P2,22.92,59.41,80.9,64.7,131.2,170.0
2026-03-22,Z3,P2,44.84,6.61,67.0,63.9,134.3,154.3
2026-03-23,Z3,P2,68.52,47.52,69.2,75.5,146.9,168.7
2026-03-24,Z3,P2,25.0,113.08,73.2,77.6,132.3,155.7
2026-03-25,Z3,P2,37.31,11.46,63.4,63.1,117.1,169.1
2026-03-26,Z3,P2,62.52,45.25,71.5,74.4,126.0,166.1
2026-03-27,Z3,P2,80.28,128.59,91.0,95.6,166.4,197.7
2026-03-28,Z3,P2,133.04,22.92,79.0,71.0,140.4,175.9
2026-03-29,Z3,P2,58.56,44.84,79.4,70.5,145.3,145.3
2026-03-30,Z3,P2,60.06,68.52,67.1,65.6,129.7,158.2
2026-03-31,Z3,P2,20.79,25.0,77.1,65.9,137.7,177.5
2026-04-01,Z3,P2,66.18,37.31,62.3,59.2,143.4,172.9
2026-04-02,Z3,P2,119.04,62.52,73.2,78.7,138.7,185.8
2026-04-03,Z3,P2,27.69,80.28,93.0,92.4,151.9,181.9
2026-04-04,Z3,P2,48.62,133.04,88.8,86.0,148.4,156.7
2026-04-05,Z3,P2,15.05,58.56,74.7,62.6,119.7,123.8
2026-04-06,Z3,P2,109.98,60.06,69.5,67.5,120.2,159.2
2026-04-07,Z3,P2,180.73,20.79,65.8,49.0,141.2,175.3
2026-04-08,Z3,P2,136.4,66.18,79.7,72.5,150.3,176.4
2026-04-09,Z3,P2,22.61,119.04,63.2,68.1,125.8,150.3
2026-04-10,Z3,P2,45.72,27.69,80.5,81.2,170.4,190.7
2026-04-11,Z3,P2,59.3,48.62,78.7,60.1,126.7,162.4
2026-04-12,Z3,P2,101.9,15.05,51.4,30.1,104.3,130.4
2026-04-13,Z3,P2,84.19,109.98,73.6,65.6,139.4,178.0
2026-04-14,Z3,P2,90.12,180.73,68.6,67.3,152.1,184.9
2026-04-15,Z3,P2,22.28,136.4,66.3,63.3,131.6,171.9
2026-04-16,Z3,P2,33.96,22.61,59.0,57.6,115.0,138.2
2026-04-17,Z3,P2,102.87,45.72,73.6,78.7,156.4,187.0
2026-04-18,Z3,P2,68.94,59.3,67.6,65.2,140.3,166.5
2026-04-19,Z3,P2,96.78,101.9,70.8,67.4,120.1,150.0
2026-04-20,Z3,P2,36.7,84.19,75.2,73.8,145.3,188.1
2026-04-21,Z3,P2,72.73,90.12,69.9,69.8,165.0,195.6
2026-04-22,Z3,P2,70.98,22.28,63.5,52.4,130.7,184.9
2026-04-23,Z3,P2,88.19,33.96,60.7,54.6,144.7,172.8
2026-04-24,Z3,P2,48.91,102.87,93.9,87.6,216.9,240.3
2026-04-25,Z3,P2,86.43,68.94,62.8,54.4,132.4,164.1
2026-04-26,Z3,P2,55.46,96.78,66.1,52.0,140.0,170.5
2026-04-27,Z3,P2,116.26,36.7,66.1,45.8,158.1,197.0
2026-04-28,Z3,P2,59.11,72.73,64.6,51.6,154.9,183.3
2026-04-29,Z3,P2,10.24,70.98,60.6,52.2,150.9,167.1
2026-04-30,Z3,P2,29.67,88.19,68.9,55.4,145.0,165.9
2025-10-01,Z3,P3,931.99,950.37,778.4,740.6,1118.7,1236.7
2025-10-02,Z3,P3,730.42,693.36,775.5,844.4,1193.6,1290.3
2025-10-03,Z3,P3,738.84,998.34,897.9,894.2,1381.5,1510.8
2025-10-04,Z3,P3,688.95,699.76,713.0,697.8,925.3,1055.0
2025-10-05,Z3,P3,708.0,749.42,594.0,592.9,859.9,975.3
2025-10-06,Z3,P3,842.06,757.33,818.3,846.3,1297.8,1376.1
2025-10-07,Z3,P3,1061.59,720.94,750.6,776.4,1087.6,1156.3
2025-10-08,Z3,P3,704.14,931.99,825.7,869.8,1298.4,1414.4
2025-10-09,Z3,P3,731.53,730.42,769.0,813.0,1238.2,1449.4
2025-10-10,Z3,P3,643.78,738.84,843.4,885.5,1344.2,1463.3
2025-10-11,Z3,P3,653.27,688.95,695.2,696.1,931.8,1035.8
2025-10-12,Z3,P3,572.65,708.0,635.1,675.2,868.9,1002.9
2025-10-13,Z3,P3,770.18,842.06,806.0,802.1,1145.4,1206.0
2025-10-14,Z3,P3,743.73,1061.59,841.2,784.5,1139.0,1249.6
2025-10-15,Z3,P3,607.69,704.14,741.5,754.8,1086.9,1136.2
2025-10-16,Z3,P3,611.31,731.53,750.2,763.6,1040.4,1077.1
2025-10-17,Z3,P3,754.46,643.78,773.0,789.1,1109.1,1134.7
2025-10-18,Z3,P3,745.09,653.27,682.5,688.0,941.7,1006.7
2025-10-19,Z3,P3,540.02,572.65,577.8,615.0,810.3,816.9
2025-10-20,Z3,P3,672.27,770.18,782.5,805.4,1112.3,1159.3
2025-10-21,Z3,P3,569.06,743.73,796.5,794.8,1084.0,1194.2
2025-10-22,Z3,P3,712.45,607.69,749.3,766.7,980.7,1081.8
2025-10-23,Z3,P3,629.18,611.31,735.8,745.7,958.6,994.0
2025-10-24,Z3,P3,710.35,754.46,771.6,787.7,1033.8,1113.1
2025-10-25,Z3,P3,945.24,745.09,719.6,730.0,955.0,1046.2
2025-10-26,Z3,P3,521.38,540.02,595.3,615.2,809.5,820.7
2025-10-27,Z3,P3,611.93,672.27,734.1,733.7,942.0,1033.2
2025-10-28,Z3,P3,526.83,569.06,754.2,763.0,1072.3,1168.5
2025-10-29,Z3,P3,788.47,712.45,719.0,740.7,968.5,1009.6
2025-10-30,Z3,P3,619.8,629.18,725.4,739.6,1031.3,1056.6
2025-10-31,Z3,P3,688.25,710.35,769.1,752.4,1024.8,1089.7
2025-11-01,Z3,P3,476.2,945.24,762.3,749.6,1066.4,1170.3
2025-11-02,Z3,P3,644.57,521.38,581.0,601.0,784.7,828.0
2025-11-03,Z3,P3,265.1,611.93,727.6,748.3,1011.4,1023.9
2025-11-04,Z3,P3,683.5,526.83,689.6,697.4,857.4,880.6
2025-11-05,Z3,P3,477.48,788.47,754.4,757.1,954.4,1038.5
2025-11-06,Z3,P3,687.01,619.8,716.8,715.1,948.1,1010.9
2025-11-07,Z3,P3,530.8,688.25,756.0,752.5,1053.0,1129.3
2025-11-08,Z3,P3,340.1,476.2,685.4,658.3,953.9,953.9
2025-11-09,Z3,P3,698.1,644.57,605.3,585.6,841.0,925.1
2025-11-10,Z3,P3,253.36,265.1,654.2,650.5,930.0,967.9
2025-11-11,Z3,P3,557.54,683.5,682.4,703.9,941.2,1031.1
2025-11-12,Z3,P3,655.93,477.48,641.2,626.5,894.6,919.3
2025-11-13,Z3,P3,565.55,687.01,706.7,718.6,966.4,1068.7
2025-11-14,Z3,P3,1008.21,530.8,678.0,702.2,929.9,971.2
2025-11-15,Z3,P3,544.67,340.1,606.4,643.3,853.1,991.6
2025-11-16,Z3,P3,300.32,698.1,624.4,627.4,942.2,1010.0
2025-11-17,Z3,P3,364.94,253.36,621.6,608.0,973.5,973.5
2025-11-18,Z3,P3,701.14,557.54,670.3,696.3,905.1,1014.2
2025-11-19,Z3,P3,703.6,655.93,683.0,719.0,964.6,1048.7
2025-11-20,Z3,P3,724.56,565.55,679.8,701.4,946.1,987.1
2025-11-21,Z3,P3,866.57,1008.21,802.9,773.1,1159.0,1222.5
2025-11-22,Z3,P3,518.92,544.67,642.4,668.5,809.4,905.2
2025-11-23,Z3,P3,556.88,300.32,588.0,580.7,884.9,929.7
2025-11-24,Z3,P3,702.55,364.94,568.9,518.7,835.0,908.6
2025-11-25,Z3,P3,585.47,701.14,702.3,689.1,981.1,1073.1
2025-11-26,Z3,P3,691.58,703.6,713.7,704.2,930.2,1095.6
2025-11-27,Z3,P3,679.8,724.56,699.0,707.9,912.0,1040.1
2025-11-28,Z3,P3,804.66,866.57,802.4,801.8,1164.8,1216.9
2025-11-29,Z3,P3,777.2,518.92,602.9,599.6,873.6,918.1
2025-11-30,Z3,P3,552.68,556.88,582.5,622.2,750.4,783.5
2025-12-01,Z3,P3,406.75,702.55,651.9,670.8,849.5,940.6
2025-12-02,Z3,P3,623.78,585.47,689.1,691.7,927.2,1035.0
2025-12-03,Z3,P3,506.19,691.58,691.6,670.2,901.5,954.2
2025-12-04,Z3,P3,593.75,679.8,685.2,683.8,921.8,970.4
2025-12-05,Z3,P3,762.59,804.66,806.6,765.5,1195.8,1245.4
2025-12-06,Z3,P3,635.76,777.2,601.3,590.1,816.9,973.3
2025-12-07,Z3,P3,428.56,552.68,565.3,592.4,740.4,799.5
2025-12-08,Z3,P3,504.54,406.75,539.6,509.4,832.8,862.6
2025-12-09,Z3,P3,412.58,623.78,658.1,669.3,857.4,914.5
2025-12-10,Z3,P3,480.2,506.19,661.2,674.2,879.8,896.3
2025-12-11,Z3,P3,723.05,593.75,659.7,672.3,858.3,885.1
2025-12-12,Z3,P3,628.17,762.59,765.6,788.4,1093.1,1250.8
2025-12-13,Z3,P3,358.04,635.76,638.3,653.8,877.2,948.2
2025-12-14,Z3,P3,284.5,428.56,495.2,495.9,710.4,771.2
2025-12-15,Z3,P3,595.09,504.54,587.0,580.3,804.9,808.4
2025-12-16,Z3,P3,625.79,412.58,617.4,628.5,934.9,934.9
2025-12-17,Z3,P3,694.37,480.2,610.8,631.8,860.8,876.6
2025-12-18,Z3,P3,543.08,723.05,684.9,696.0,897.2,951.9
2025-12-19,Z3,P3,526.83,628.17,698.5,721.2,1007.3,1076.3
2025-12-20,Z3,P3,512.14,358.04,564.9,531.2,887.2,913.7
2025-12-21,Z3,P3,414.35,284.5,433.6,402.7,664.3,705.9
2025-12-22,Z3,P3,942.85,595.09,637.5,630.2,853.0,880.1
2025-12-23,Z3,P3,723.31,625.79,608.8,625.7,1035.9,1035.9
2025-12-24,Z3,P3,754.79,694.37,584.3,611.6,873.8,957.1
2025-12-25,Z3,P3,340.33,543.08,595.2,610.5,882.4,882.4
2025-12-26,Z3,P3,597.94,526.83,655.5,620.1,1001.6,1001.6
2025-12-27,Z3,P3,679.75,512.14,580.0,563.1,867.2,867.2
2025-12-28,Z3,P3,456.69,414.35,487.3,438.8,746.7,790.4
2025-12-29,Z3,P3,762.4,942.85,613.2,675.6,1238.0,1289.1
2025-12-30,Z3,P3,672.74,723.31,706.5,678.2,1093.1,1115.7
2025-12-31,Z3,P3,819.03,754.79,641.7,659.8,942.8,1095.0
2026-01-01,Z3,P3,474.13,340.33,486.8,526.2,847.7,847.7
2026-01-02,Z3,P3,551.91,597.94,616.6,643.5,817.3,915.9
2026-01-03,Z3,P3,657.82,679.75,490.2,504.4,814.0,854.0
2026-01-04,Z3,P3,419.31,456.69,442.9,430.6,666.0,714.5
2026-01-05,Z3,P3,342.62,762.4,659.8,655.3,1011.0,1164.0
2026-01-06,Z3,P3,397.08,672.74,663.1,651.0,973.4,1011.3
2026-01-07,Z3,P3,285.04,819.03,697.8,688.8,909.8,969.9
2026-01-08,Z3,P3,434.25,474.13,598.4,596.7,800.4,829.1
2026-01-09,Z3,P3,584.96,551.91,710.5,716.4,991.8,1007.4
2026-01-10,Z3,P3,594.87,657.82,605.0,601.9,800.0,818.9
2026-01-11,Z3,P3,368.84,419.31,398.4,386.2,632.7,678.9
2026-01-12,Z3,P3,443.62,342.62,601.9,577.6,905.1,1005.2
2026-01-13,Z3,P3,498.43,397.08,634.6,627.1,898.4,898.4
2026-01-14,Z3,P3,560.91,285.04,643.1,635.8,955.7,955.7
2026-01-15,Z3,P3,379.18,434.25,574.9,551.6,834.2,863.6
2026-01-16,Z3,P3,509.49,584.96,676.4,670.4,898.4,1007.1
2026-01-17,Z3,P3,711.79,594.87,616.1,615.2,833.6,843.4
2026-01-18,Z3,P3,516.06,368.84,456.6,427.5,686.6,705.9
2026-01-19,Z3,P3,377.38,443.62,611.1,596.9,818.8,876.1
2026-01-20,Z3,P3,587.91,498.43,583.7,576.5,807.2,832.3
2026-01-21,Z3,P3,481.17,560.91,634.7,668.6,840.2,875.5
2026-01-22,Z3,P3,526.3,379.18,545.9,524.9,804.4,849.7
2026-01-23,Z3,P3,770.73,509.49,637.7,638.9,900.3,966.9
2026-01-24,Z3,P3,853.64,711.79,642.5,619.0,889.5,947.6
2026-01-25,Z3,P3,373.21,516.06,472.9,483.9,616.0,640.9
2026-01-26,Z3,P3,539.03,377.38,499.0,470.6,750.1,773.5
2026-01-27,Z3,P3,588.65,587.91,580.5,597.6,787.7,845.4
2026-01-28,Z3,P3,562.23,481.17,549.7,546.1,739.4,790.6
2026-01-29,Z3,P3,487.71,526.3,567.1,589.0,762.0,812.2
2026-01-30,Z3,P3,701.37,770.73,655.1,640.0,922.3,1023.4
2026-01-31,Z3,P3,428.86,853.64,673.5,680.3,922.3,933.8
2026-02-01,Z3,P3,632.43,373.21,438.0,422.9,605.8,657.6
2026-02-02,Z3,P3,417.28,539.03,516.2,546.4,663.5,700.6
2026-02-03,Z3,P3,493.48,588.65,529.2,511.7,734.7,756.4
2026-02-04,Z3,P3,369.35,562.23,540.1,530.2,729.1,729.1
2026-02-05,Z3,P3,552.1,487.71,536.3,533.4,759.0,810.8
2026-02-06,Z3,P3,860.85,701.37,628.0,597.5,865.3,947.8
2026-02-07,Z3,P3,442.49,428.86,557.2,552.0,818.2,857.9
2026-02-08,Z3,P3,520.39,632.43,442.7,438.0,644.4,663.8
2026-02-09,Z3,P3,545.94,417.28,507.1,494.6,683.4,724.7
2026-02-10,Z3,P3,667.77,493.48,540.3,539.2,726.0,774.2
2026-02-11,Z3,P3,648.84,369.35,539.6,524.4,769.9,809.2
2026-02-12,Z3,P3,483.02,552.1,568.6,592.5,779.1,812.2
2026-02-13,Z3,P3,287.24,860.85,675.6,672.0,927.9,954.0
2026-02-14,Z3,P3,383.0,442.49,535.7,533.4,774.8,855.4
2026-02-15,Z3,P3,422.5,520.39,498.5,530.0,665.8,721.8
2026-02-16,Z3,P3,770.46,545.94,554.3,570.6,777.2,794.6
2026-02-17,Z3,P3,388.66,667.77,579.1,569.9,796.6,863.7
2026-02-18,Z3,P3,361.02,648.84,586.0,577.7,783.0,783.0
2026-02-19,Z3,P3,447.66,483.02,535.7,511.8,711.0,848.9
2026-02-20,Z3,P3,551.38,287.24,632.7,614.5,867.7,867.7
2026-02-21,Z3,P3,414.95,383.0,548.4,512.8,748.0,750.2
2026-02-22,Z3,P3,497.42,422.5,473.8,454.0,657.3,700.5
2026-02-23,Z3,P3,527.01,770.46,651.9,629.8,893.9,974.4
2026-02-24,Z3,P3,769.71,388.66,563.8,558.6,768.7,835.8
2026-02-25,Z3,P3,434.6,361.02,561.8,500.6,794.4,902.8
2026-02-26,Z3,P3,440.83,447.66,538.8,538.3,728.7,789.1
2026-02-27,Z3,P3,636.5,551.38,580.4,600.0,767.4,857.4
2026-02-28,Z3,P3,348.51,414.95,483.1,465.1,707.1,707.1
2026-03-01,Z3,P3,366.48,497.42,484.5,475.0,670.5,752.2
2026-03-02,Z3,P3,448.2,527.01,552.5,538.6,886.9,916.4
2026-03-03,Z3,P3,535.89,769.71,539.5,526.0,859.2,921.0
2026-03-04,Z3,P3,373.29,434.6,465.6,463.6,664.4,694.6
2026-03-05,Z3,P3,316.43,440.83,524.6,515.5,736.0,844.3
2026-03-06,Z3,P3,673.68,636.5,574.5,545.7,840.9,888.5
2026-03-07,Z3,P3,231.85,348.51,466.5,451.9,688.0,693.7
2026-03-08,Z3,P3,335.48,366.48,443.7,425.1,645.6,709.0
2026-03-09,Z3,P3,550.82,448.2,531.4,512.0,749.8,833.0
2026-03-10,Z3,P3,451.97,535.89,547.7,520.5,851.5,896.5
2026-03-11,Z3,P3,276.53,373.29,511.0,472.4,754.0,790.2
2026-03-12,Z3,P3,810.67,316.43,496.1,463.8,714.8,714.8
2026-03-13,Z3,P3,646.62,673.68,588.2,546.6,807.9,815.6
2026-03-14,Z3,P3,501.49,231.85,446.1,416.4,682.0,682.0
2026-03-15,Z3,P3,361.17,335.48,431.8,414.6,526.4,609.8
2026-03-16,Z3,P3,506.66,550.82,537.0,502.9,717.8,819.4
2026-03-17,Z3,P3,240.72,451.97,526.5,526.2,679.2,756.9
2026-03-18,Z3,P3,639.86,276.53,473.8,439.1,642.2,695.7
2026-03-19,Z3,P3,453.56,810.67,552.7,555.8,778.5,888.5
2026-03-20,Z3,P3,424.47,646.62,597.1,553.6,835.6,905.2
2026-03-21,Z3,P3,472.83,501.49,553.3,573.9,783.7,828.1
2026-03-22,Z3,P3,281.48,361.17,445.7,415.2,568.4,666.9
2026-03-23,Z3,P3,499.12,506.66,547.0,525.3,829.1,857.8
2026-03-24,Z3,P3,763.99,240.72,580.9,536.2,729.7,797.4
2026-03-25,Z3,P3,604.6,639.86,555.5,554.3,781.6,885.9
2026-03-26,Z3,P3,687.42,453.56,585.7,550.9,853.8,914.1
2026-03-27,Z3,P3,544.75,424.47,610.4,573.7,846.2,896.8
2026-03-28,Z3,P3,439.38,472.83,477.4,454.9,648.7,730.8
2026-03-29,Z3,P3,313.45,281.48,395.1,348.8,535.9,581.1
2026-03-30,Z3,P3,401.51,499.12,507.6,485.7,671.8,783.8
2026-03-31,Z3,P3,266.95,763.99,547.2,554.7,840.1,993.2
2026-04-01,Z3,P3,608.5,604.6,546.4,526.8,732.5,817.1
2026-04-02,Z3,P3,737.66,687.42,577.4,577.5,776.7,914.3
2026-04-03,Z3,P3,494.27,544.75,594.6,577.7,818.6,941.4
2026-04-04,Z3,P3,505.69,439.38,501.4,472.7,655.3,719.2
2026-04-05,Z3,P3,417.83,313.45,419.0,390.6,558.7,662.4
2026-04-06,Z3,P3,768.52,401.51,535.5,503.6,701.8,818.4
2026-04-07,Z3,P3,397.93,266.95,522.5,441.1,790.9,828.3
2026-04-08,Z3,P3,314.13,608.5,569.9,557.5,769.2,798.8
2026-04-09,Z3,P3,774.46,737.66,625.4,614.3,890.6,995.9
2026-04-10,Z3,P3,762.83,494.27,569.0,536.1,821.2,932.8
2026-04-11,Z3,P3,504.23,505.69,535.4,531.8,735.1,792.8
2026-04-12,Z3,P3,418.57,417.83,416.2,384.9,599.9,651.7
2026-04-13,Z3,P3,560.08,768.52,572.7,559.5,876.2,993.6
2026-04-14,Z3,P3,513.44,397.93,488.5,477.1,662.6,753.9
2026-04-15,Z3,P3,531.31,314.13,547.9,529.0,751.4,826.6
2026-04-16,Z3,P3,630.17,774.46,625.2,598.1,915.5,997.4
2026-04-17,Z3,P3,579.29,762.83,619.3,600.1,1008.6,1081.4
2026-04-18,Z3,P3,430.17,504.23,526.8,510.0,707.0,738.3
2026-04-19,Z3,P3,353.38,418.57,422.5,403.6,637.6,681.8
2026-04-20,Z3,P3,554.99,560.08,588.9,573.6,849.2,898.0
2026-04-21,Z3,P3,582.84,513.44,569.9,580.2,799.7,846.1
2026-04-22,Z3,P3,671.48,531.31,523.2,499.9,705.8,810.4
2026-04-23,Z3,P3,390.14,630.17,591.9,560.0,877.5,961.5
2026-04-24,Z3,P3,687.57,579.29,617.2,621.7,872.6,979.1
2026-04-25,Z3,P3,511.42,430.17,431.9,405.0,647.8,727.2
2026-04-26,Z3,P3,472.13,353.38,372.9,325.7,591.8,673.2
2026-04-27,Z3,P3,958.05,554.99,519.0,500.3,803.0,891.6
2026-04-28,Z3,P3,680.88,582.84,499.0,522.8,803.5,912.6
2026-04-29,Z3,P3,586.61,671.48,528.5,506.2,802.9,927.0
2026-04-30,Z3,P3,592.65,390.14,497.5,507.5,777.0,884.8
2025-10-01,Z3,P4,352.6,102.8,189.4,191.8,431.1,470.2
2025-10-02,Z3,P4,195.01,82.79,219.7,206.3,428.7,475.8
2025-10-03,Z3,P4,243.45,477.31,256.7,258.2,558.3,627.1
2025-10-04,Z3,P4,66.13,132.59,30.9,38.5,173.9,216.3
2025-10-05,Z3,P4,65.07,0.0,32.0,27.2,164.6,230.3
2025-10-06,Z3,P4,199.8,84.58,209.8,204.1,447.0,534.2
2025-10-07,Z3,P4,43.24,15.36,248.5,231.0,493.4,603.9
2025-10-08,Z3,P4,297.43,352.6,223.8,206.6,451.6,553.4
2025-10-09,Z3,P4,0.0,195.01,158.1,141.1,368.9,398.6
2025-10-10,Z3,P4,338.45,243.45,234.0,230.3,513.9,563.4
2025-10-11,Z3,P4,66.78,66.13,35.3,29.7,175.0,228.5
2025-10-12,Z3,P4,0.0,65.07,34.3,46.7,210.9,220.8
2025-10-13,Z3,P4,37.7,199.8,194.5,165.3,399.4,453.2
2025-10-14,Z3,P4,478.57,43.24,179.4,136.6,358.9,421.3
2025-10-15,Z3,P4,337.53,297.43,208.8,194.7,425.5,506.2
2025-10-16,Z3,P4,124.85,0.0,154.8,149.1,389.4,439.5
2025-10-17,Z3,P4,191.69,338.45,231.6,207.1,484.9,555.7
2025-10-18,Z3,P4,62.94,66.78,41.3,47.2,248.3,291.1
2025-10-19,Z3,P4,0.0,0.0,15.6,23.1,133.7,160.7
2025-10-20,Z3,P4,114.35,37.7,209.8,188.6,443.1,516.4
2025-10-21,Z3,P4,196.83,478.57,223.6,213.3,497.5,549.6
2025-10-22,Z3,P4,288.21,337.53,240.8,193.8,494.3,543.2
2025-10-23,Z3,P4,104.48,124.85,180.7,159.8,396.2,404.7
2025-10-24,Z3,P4,288.79,191.69,278.2,244.6,503.4,527.2
2025-10-25,Z3,P4,74.88,62.94,67.3,70.3,257.3,274.2
2025-10-26,Z3,P4,92.41,0.0,15.4,17.5,98.3,148.3
2025-10-27,Z3,P4,147.1,114.35,174.3,150.4,380.0,407.3
2025-10-28,Z3,P4,525.43,196.83,242.3,208.8,470.5,478.3
2025-10-29,Z3,P4,197.25,288.21,239.9,209.3,520.6,551.3
2025-10-30,Z3,P4,258.22,104.48,175.4,158.9,430.6,495.2
2025-10-31,Z3,P4,604.25,288.79,251.3,213.9,531.5,584.0
2025-11-01,Z3,P4,152.19,74.88,57.7,73.3,242.8,278.7
2025-11-02,Z3,P4,0.0,92.41,23.2,48.8,153.3,193.1
2025-11-03,Z3,P4,103.86,147.1,166.2,150.6,433.0,487.5
2025-11-04,Z3,P4,203.05,525.43,314.7,313.3,503.0,566.3
2025-11-05,Z3,P4,739.64,197.25,232.0,200.8,502.2,535.4
2025-11-06,Z3,P4,192.39,258.22,146.6,143.1,359.6,407.3
2025-11-07,Z3,P4,414.67,604.25,352.1,331.2,605.6,624.4
2025-11-08,Z3,P4,61.45,152.19,53.4,61.5,232.8,263.9
2025-11-09,Z3,P4,0.0,0.0,23.1,21.5,111.7,150.7
2025-11-10,Z3,P4,39.57,103.86,163.9,136.4,366.5,423.6
2025-11-11,Z3,P4,607.89,203.05,267.8,236.1,443.6,475.1
2025-11-12,Z3,P4,187.32,739.64,235.4,241.8,579.2,701.2
2025-11-13,Z3,P4,333.68,192.39,196.8,187.8,403.2,457.4
2025-11-14,Z3,P4,30.71,414.67,269.3,240.6,576.4,593.5
2025-11-15,Z3,P4,149.31,61.45,89.5,97.9,256.6,345.2
2025-11-16,Z3,P4,14.58,0.0,30.9,36.0,152.5,191.2
2025-11-17,Z3,P4,204.96,39.57,180.7,154.0,421.0,467.2
2025-11-18,Z3,P4,98.78,607.89,273.0,266.2,563.1,673.2
2025-11-19,Z3,P4,225.79,187.32,243.7,240.8,629.2,641.2
2025-11-20,Z3,P4,410.2,333.68,221.3,208.6,453.3,508.1
2025-11-21,Z3,P4,391.54,30.71,326.9,258.0,569.3,623.8
2025-11-22,Z3,P4,0.0,149.31,76.1,99.6,301.5,347.3
2025-11-23,Z3,P4,81.16,14.58,14.8,30.9,105.6,125.6
2025-11-24,Z3,P4,0.0,204.96,171.7,153.0,405.6,492.4
2025-11-25,Z3,P4,227.97,98.78,328.7,266.2,578.9,614.9
2025-11-26,Z3,P4,240.32,225.79,262.9,239.0,530.2,604.7
2025-11-27,Z3,P4,51.91,410.2,265.7,230.9,476.8,552.3
2025-11-28,Z3,P4,333.8,391.54,313.4,259.6,567.2,627.5
2025-11-29,Z3,P4,72.47,0.0,86.8,99.4,274.1,335.4
2025-11-30,Z3,P4,173.22,81.16,29.0,39.8,122.7,180.4
2025-12-01,Z3,P4,240.03,0.0,204.8,170.4,400.2,490.7
2025-12-02,Z3,P4,357.8,227.97,230.6,209.9,488.1,580.2
2025-12-03,Z3,P4,204.17,240.32,310.2,279.4,557.2,631.2
2025-12-04,Z3,P4,292.17,51.91,219.9,197.4,475.4,535.2
2025-12-05,Z3,P4,383.6,333.8,316.5,279.5,532.5,590.4
2025-12-06,Z3,P4,103.6,72.47,68.0,67.2,249.7,252.9
2025-12-07,Z3,P4,49.78,173.22,38.2,61.2,163.3,198.6
2025-12-08,Z3,P4,251.61,240.03,146.8,148.3,378.3,400.9
2025-12-09,Z3,P4,303.93,357.8,302.7,296.3,556.9,644.6
2025-12-10,Z3,P4,236.36,204.17,240.8,212.7,485.0,515.7
2025-12-11,Z3,P4,82.43,292.17,199.3,197.4,469.7,516.9
2025-12-12,Z3,P4,65.98,383.6,279.1,242.3,491.2,530.1
2025-12-13,Z3,P4,116.39,103.6,49.5,64.5,242.3,278.8
2025-12-14,Z3,P4,0.0,49.78,61.0,73.1,243.5,260.1
2025-12-15,Z3,P4,460.73,251.61,194.0,191.7,432.8,497.5
2025-12-16,Z3,P4,80.88,303.93,240.4,228.0,489.5,531.3
2025-12-17,Z3,P4,140.0,236.36,245.4,225.5,491.4,551.1
2025-12-18,Z3,P4,107.77,82.43,220.1,210.7,440.1,495.5
2025-12-19,Z3,P4,161.73,65.98,229.3,217.8,538.5,556.9
2025-12-20,Z3,P4,217.0,116.39,74.6,56.5,219.9,267.2
2025-12-21,Z3,P4,62.29,0.0,40.0,43.5,229.8,229.8
2025-12-22,Z3,P4,147.31,460.73,158.3,184.9,461.3,496.8
2025-12-23,Z3,P4,117.98,80.88,198.9,145.4,528.9,535.3
2025-12-24,Z3,P4,238.76,140.0,158.9,169.2,462.7,505.8
2025-12-25,Z3,P4,0.0,107.77,149.0,130.0,406.9,431.8
2025-12-26,Z3,P4,38.03,161.73,180.1,156.8,474.0,511.4
2025-12-27,Z3,P4,178.68,217.0,117.2,76.3,298.2,333.9
2025-12-28,Z3,P4,0.0,62.29,35.8,42.8,173.7,174.8
2025-12-29,Z3,P4,335.89,147.31,217.1,202.3,485.2,514.3
2025-12-30,Z3,P4,311.3,117.98,211.8,189.3,497.5,505.2
2025-12-31,Z3,P4,38.37,238.76,233.4,196.0,515.7,665.4
2026-01-01,Z3,P4,0.0,0.0,145.1,161.9,381.5,423.3
2026-01-02,Z3,P4,162.43,38.03,160.5,164.8,316.8,418.9
2026-01-03,Z3,P4,122.28,178.68,99.6,117.6,273.2,342.0
2026-01-04,Z3,P4,40.7,0.0,16.0,11.9,36.0,133.6
2026-01-05,Z3,P4,201.08,335.89,178.6,161.4,399.4,505.8
2026-01-06,Z3,P4,0.0,311.3,196.4,202.5,432.8,540.2
2026-01-07,Z3,P4,108.77,38.37,187.3,169.3,334.9,380.1
2026-01-08,Z3,P4,44.39,0.0,188.6,174.0,294.8,304.4
2026-01-09,Z3,P4,277.03,162.43,157.5,150.3,290.5,295.1
2026-01-10,Z3,P4,0.0,122.28,125.4,127.7,302.3,337.4
2026-01-11,Z3,P4,32.45,40.7,17.6,23.7,83.6,96.3
2026-01-12,Z3,P4,224.84,201.08,222.6,218.3,369.4,392.8
2026-01-13,Z3,P4,419.47,0.0,178.9,173.1,325.6,348.8
2026-01-14,Z3,P4,150.06,108.77,186.4,163.7,336.1,360.0
2026-01-15,Z3,P4,181.98,44.39,193.0,196.9,334.1,363.3
2026-01-16,Z3,P4,138.68,277.03,202.5,186.3,363.2,398.7
2026-01-17,Z3,P4,54.51,0.0,75.6,76.6,259.0,277.1
2026-01-18,Z3,P4,0.0,32.45,35.8,39.5,93.0,148.8
2026-01-19,Z3,P4,156.9,224.84,148.9,154.4,337.2,369.7
2026-01-20,Z3,P4,253.28,419.47,209.0,190.2,378.1,405.3
2026-01-21,Z3,P4,192.38,150.06,172.4,161.7,318.3,379.8
2026-01-22,Z3,P4,243.09,181.98,146.0,136.1,260.1,306.9
2026-01-23,Z3,P4,581.94,138.68,191.3,173.8,339.9,358.7
2026-01-24,Z3,P4,113.79,54.51,77.8,73.5,232.9,232.9
2026-01-25,Z3,P4,0.0,0.0,29.7,48.0,115.9,149.7
2026-01-26,Z3,P4,367.77,156.9,182.7,179.3,339.7,379.1
2026-01-27,Z3,P4,137.89,253.28,213.1,203.5,391.0,445.4
2026-01-28,Z3,P4,452.35,192.38,167.0,157.6,306.1,337.1
2026-01-29,Z3,P4,104.0,243.09,197.9,208.5,340.3,407.1
2026-01-30,Z3,P4,143.96,581.94,245.8,276.8,499.4,568.2
2026-01-31,Z3,P4,0.0,113.79,57.8,65.6,202.8,242.2
2026-02-01,Z3,P4,0.0,0.0,23.7,21.7,71.9,95.7
2026-02-02,Z3,P4,544.59,367.77,201.5,182.6,349.7,394.9
2026-02-03,Z3,P4,589.61,137.89,199.8,177.9,362.4,396.7
2026-02-04,Z3,P4,347.69,452.35,226.4,199.1,376.1,408.7
2026-02-05,Z3,P4,159.95,104.0,196.3,166.9,320.6,348.0
2026-02-06,Z3,P4,149.53,143.96,201.9,180.7,407.2,416.2
2026-02-07,Z3,P4,139.07,0.0,41.0,54.7,163.6,209.9
2026-02-08,Z3,P4,0.0,0.0,17.4,13.6,45.3,74.0
2026-02-09,Z3,P4,385.11,544.59,250.9,289.8,464.3,509.8
2026-02-10,Z3,P4,197.61,589.61,258.9,264.7,499.6,587.6
2026-02-11,Z3,P4,254.33,347.69,251.5,224.2,437.9,485.9
2026-02-12,Z3,P4,159.8,159.95,188.7,159.2,354.3,449.9
2026-02-13,Z3,P4,204.05,149.53,212.0,179.0,384.5,504.7
2026-02-14,Z3,P4,0.0,139.07,57.0,71.5,225.7,248.5
2026-02-15,Z3,P4,0.0,0.0,15.5,21.0,50.6,89.8
2026-02-16,Z3,P4,263.9,385.11,245.0,232.2,438.5,507.4
2026-02-17,Z3,P4,163.62,197.61,230.2,214.3,457.5,514.5
2026-02-18,Z3,P4,458.86,254.33,258.0,238.9,450.2,512.2
2026-02-19,Z3,P4,116.35,159.8,196.5,182.9,345.6,423.7
2026-02-20,Z3,P4,180.13,204.05,314.5,258.1,444.8,544.1
2026-02-21,Z3,P4,60.32,0.0,71.7,90.6,194.7,305.3
2026-02-22,Z3,P4,0.0,0.0,10.0,23.6,27.7,78.1
2026-02-23,Z3,P4,182.77,263.9,266.1,249.6,475.8,584.8
2026-02-24,Z3,P4,108.37,163.62,223.2,215.5,408.8,508.8
2026-02-25,Z3,P4,414.73,458.86,281.1,229.8,472.7,551.2
2026-02-26,Z3,P4,121.44,116.35,216.6,196.3,387.8,474.2
2026-02-27,Z3,P4,33.58,180.13,241.8,218.9,380.0,477.4
2026-02-28,Z3,P4,79.3,60.32,53.9,70.6,223.8,299.6
2026-03-01,Z3,P4,0.0,0.0,10.0,22.9,53.0,110.0
2026-03-02,Z3,P4,132.0,182.77,306.6,277.9,475.9,632.1
2026-03-03,Z3,P4,418.94,108.37,275.4,235.1,461.7,581.5
2026-03-04,Z3,P4,375.73,414.73,250.6,227.9,503.7,536.5
2026-03-05,Z3,P4,213.92,121.44,204.6,176.3,350.6,441.1
2026-03-06,Z3,P4,28.81,33.58,229.9,186.5,390.3,456.6
2026-03-07,Z3,P4,36.21,79.3,52.4,60.7,172.2,253.7
2026-03-08,Z3,P4,0.0,0.0,11.8,12.4,51.7,107.0
2026-03-09,Z3,P4,317.72,132.0,215.0,195.1,383.3,504.0
2026-03-10,Z3,P4,151.12,418.94,223.3,217.7,495.3,573.4
2026-03-11,Z3,P4,455.76,375.73,235.8,213.2,534.6,554.7
2026-03-12,Z3,P4,155.8,213.92,196.6,169.7,410.3,470.9
2026-03-13,Z3,P4,327.1,28.81,215.4,182.9,435.0,467.4
2026-03-14,Z3,P4,15.49,36.21,40.3,31.5,210.8,218.5
2026-03-15,Z3,P4,73.18,0.0,9.9,9.1,85.9,110.6
2026-03-16,Z3,P4,170.09,317.72,196.2,184.6,438.0,500.1
2026-03-17,Z3,P4,519.06,151.12,243.4,206.0,479.8,540.9
2026-03-18,Z3,P4,160.08,455.76,282.3,236.3,552.4,595.1
2026-03-19,Z3,P4,124.49,155.8,225.4,189.0,438.1,481.2
2026-03-20,Z3,P4,356.48,327.1,221.4,203.0,478.5,547.7
2026-03-21,Z3,P4,108.05,15.49,50.8,61.4,215.7,273.6
2026-03-22,Z3,P4,0.0,73.18,11.0,20.5,95.3,127.7
2026-03-23,Z3,P4,179.46,170.09,241.1,221.2,467.4,542.5
2026-03-24,Z3,P4,710.23,519.06,254.8,234.0,479.5,534.8
2026-03-25,Z3,P4,514.77,160.08,314.6,258.0,580.7,600.5
2026-03-26,Z3,P4,414.5,124.49,225.9,185.8,432.0,473.2
2026-03-27,Z3,P4,368.41,356.48,213.9,195.3,448.6,472.6
2026-03-28,Z3,P4,0.0,108.05,56.9,72.0,197.9,240.7
2026-03-29,Z3,P4,57.84,0.0,13.4,13.6,92.2,142.2
2026-03-30,Z3,P4,348.28,179.46,260.0,218.9,500.3,541.4
2026-03-31,Z3,P4,57.8,710.23,340.5,368.2,694.7,805.6
2026-04-01,Z3,P4,494.54,514.77,284.5,264.7,591.5,654.0
2026-04-02,Z3,P4,0.0,414.5,260.2,218.6,505.7,564.9
2026-04-03,Z3,P4,703.12,368.41,296.8,247.4,497.4,563.7
2026-04-04,Z3,P4,111.1,0.0,51.6,74.8,212.7,289.7
2026-04-05,Z3,P4,0.0,57.84,26.3,24.9,137.9,164.3
2026-04-06,Z3,P4,0.0,348.28,305.2,266.7,526.8,633.2
2026-04-07,Z3,P4,80.41,57.8,283.8,222.5,643.0,697.9
2026-04-08,Z3,P4,381.27,494.54,317.4,275.2,562.3,623.0
2026-04-09,Z3,P4,151.34,0.0,294.5,218.4,541.5,585.3
2026-04-10,Z3,P4,103.35,703.12,296.6,291.6,641.0,785.2
2026-04-11,Z3,P4,32.87,111.1,58.5,49.9,243.2,278.1
2026-04-12,Z3,P4,0.0,0.0,12.2,9.9,109.4,152.7
2026-04-13,Z3,P4,395.75,0.0,279.4,223.5,534.9,601.8
2026-04-14,Z3,P4,358.5,80.41,313.7,269.4,558.7,654.1
2026-04-15,Z3,P4,166.09,381.27,312.2,287.0,610.3,680.2
2026-04-16,Z3,P4,249.53,151.34,206.1,182.8,460.5,534.8
2026-04-17,Z3,P4,188.76,103.35,285.0,245.7,640.4,701.2
2026-04-18,Z3,P4,20.5,32.87,56.5,56.7,200.5,247.2
2026-04-19,Z3,P4,61.49,0.0,13.6,2.5,56.7,115.2
2026-04-20,Z3,P4,420.38,395.75,255.9,191.4,530.3,595.1
2026-04-21,Z3,P4,241.67,358.5,336.7,279.0,581.8,674.6
2026-04-22,Z3,P4,378.0,166.09,324.4,311.1,631.3,718.0
2026-04-23,Z3,P4,223.55,249.53,297.6,245.6,494.0,578.9
2026-04-24,Z3,P4,157.39,188.76,260.1,243.8,519.4,589.9
2026-04-25,Z3,P4,72.94,20.5,17.4,0.0,176.4,267.1
2026-04-26,Z3,P4,0.0,61.49,16.2,0.0,103.0,148.8
2026-04-27,Z3,P4,0.0,420.38,204.8,205.3,538.2,610.0
2026-04-28,Z3,P4,219.26,241.67,224.6,219.4,497.3,592.3
2026-04-29,Z3,P4,239.1,378.0,234.2,227.4,592.9,671.5
2026-04-30,Z3,P4,246.29,223.55,199.3,192.8,454.6,519.8
2025-10-01,Z4,P1,872.49,585.45,700.4,679.7,1013.9,1118.5
2025-10-02,Z4,P1,1035.56,494.55,752.0,712.2,1144.3,1255.2
2025-10-03,Z4,P1,626.21,1268.22,885.4,885.4,1266.9,1343.8
2025-10-04,Z4,P1,297.3,340.09,418.3,388.8,622.9,723.4
2025-10-05,Z4,P1,229.52,145.53,309.4,301.0,457.1,559.1
2025-10-06,Z4,P1,628.04,879.33,794.5,768.8,1039.4,1166.9
2025-10-07,Z4,P1,620.51,633.92,759.7,730.9,1107.4,1207.0
2025-10-08,Z4,P1,737.69,872.49,823.9,792.4,1129.6,1212.5
2025-10-09,Z4,P1,590.71,1035.56,825.4,753.5,1108.5,1307.7
2025-10-10,Z4,P1,1298.36,626.21,806.3,752.4,1159.3,1279.3
2025-10-11,Z4,P1,496.68,297.3,351.2,354.0,573.7,642.9
2025-10-12,Z4,P1,238.57,229.52,300.1,297.3,461.0,550.5
2025-10-13,Z4,P1,612.69,628.04,746.3,716.5,1085.6,1185.0
2025-10-14,Z4,P1,419.43,620.51,771.9,749.4,1168.9,1323.4
2025-10-15,Z4,P1,462.62,737.69,784.4,748.2,1079.0,1230.0
2025-10-16,Z4,P1,667.08,590.71,777.1,780.3,1275.1,1383.3
2025-10-17,Z4,P1,333.69,1298.36,889.9,892.4,1369.2,1457.6
2025-10-18,Z4,P1,243.78,496.68,329.7,351.3,547.8,607.1
2025-10-19,Z4,P1,210.14,238.57,255.0,250.9,467.8,543.9
2025-10-20,Z4,P1,905.65,612.69,732.4,727.9,972.2,1153.6
2025-10-21,Z4,P1,820.22,419.43,715.2,717.5,1048.8,1183.8
2025-10-22,Z4,P1,665.74,462.62,653.6,647.5,1018.2,1088.8
2025-10-23,Z4,P1,674.29,667.08,727.8,701.6,1068.4,1238.7
2025-10-24,Z4,P1,896.81,333.69,725.6,693.5,1212.3,1233.4
2025-10-25,Z4,P1,208.05,243.78,375.4,383.4,625.9,696.5
2025-10-26,Z4,P1,154.45,210.14,224.8,217.0,443.6,525.2
2025-10-27,Z4,P1,825.39,905.65,745.6,730.1,1079.4,1165.4
2025-10-28,Z4,P1,601.05,820.22,745.6,732.2,1068.3,1171.1
2025-10-29,Z4,P1,850.36,665.74,695.7,691.0,977.1,1082.1
2025-10-30,Z4,P1,665.82,674.29,750.0,742.1,1069.0,1200.1
2025-10-31,Z4,P1,730.7,896.81,814.8,781.9,1187.8,1355.4
2025-11-01,Z4,P1,349.41,208.05,357.0,355.8,615.0,695.0
2025-11-02,Z4,P1,419.8,154.45,253.8,243.5,475.5,580.1
2025-11-03,Z4,P1,821.8,825.39,744.7,754.6,1066.5,1148.1
2025-11-04,Z4,P1,337.09,601.05,724.8,685.8,1078.1,1164.3
2025-11-05,Z4,P1,1023.3,850.36,746.6,735.5,1021.8,1086.9
2025-11-06,Z4,P1,769.5,665.82,712.0,664.5,982.9,1072.0
2025-11-07,Z4,P1,614.08,730.7,793.5,783.4,1163.0,1301.3
2025-11-08,Z4,P1,340.92,349.41,382.9,389.5,595.4,673.5
2025-11-09,Z4,P1,130.83,419.8,296.0,319.0,487.9,582.3
2025-11-10,Z4,P1,970.48,821.8,784.6,770.3,1086.0,1178.8
2025-11-11,Z4,P1,1301.34,337.09,601.1,600.8,927.6,1061.1
2025-11-12,Z4,P1,372.85,1023.3,766.1,744.2,1092.9,1217.7
2025-11-13,Z4,P1,815.06,769.5,748.8,753.9,1012.2,1087.7
2025-11-14,Z4,P1,329.02,614.08,703.6,682.2,988.0,1063.5
2025-11-15,Z4,P1,73.53,340.92,314.3,316.2,544.6,601.6
2025-11-16,Z4,P1,289.77,130.83,239.8,241.1,510.6,568.2
2025-11-17,Z4,P1,890.99,970.48,788.5,751.9,1154.5,1337.3
2025-11-18,Z4,P1,853.63,1301.34,865.5,820.8,1225.5,1323.4
2025-11-19,Z4,P1,756.51,372.85,646.7,653.8,1033.3,1137.9
2025-11-20,Z4,P1,796.2,815.06,770.6,748.9,1095.9,1182.6
2025-11-21,Z4,P1,596.52,329.02,690.0,711.8,1110.5,1252.5
2025-11-22,Z4,P1,434.95,73.53,297.7,307.1,555.5,605.7
2025-11-23,Z4,P1,298.44,289.77,225.4,246.0,432.4,484.5
2025-11-24,Z4,P1,1020.44,890.99,810.8,835.1,1125.5,1280.6
2025-11-25,Z4,P1,1149.45,853.63,819.9,775.4,1122.1,1264.0
2025-11-26,Z4,P1,500.2,756.51,779.6,783.2,1077.5,1182.2
2025-11-27,Z4,P1,614.15,796.2,764.3,764.0,1079.8,1181.5
2025-11-28,Z4,P1,1092.26,596.52,720.0,719.7,982.7,1095.8
2025-11-29,Z4,P1,146.32,434.95,334.2,360.5,577.2,630.4
2025-11-30,Z4,P1,145.64,298.44,303.9,309.5,488.9,554.7
2025-12-01,Z4,P1,834.78,1020.44,841.5,846.7,1177.6,1323.4
2025-12-02,Z4,P1,678.4,1149.45,860.8,828.9,1284.7,1413.0
2025-12-03,Z4,P1,1022.92,500.2,715.2,695.7,1014.9,1151.3
2025-12-04,Z4,P1,589.71,614.15,705.9,703.8,1031.9,1145.8
2025-12-05,Z4,P1,897.98,1092.26,851.5,833.3,1250.9,1413.6
2025-12-06,Z4,P1,112.74,146.32,317.7,330.3,587.0,657.4
2025-12-07,Z4,P1,170.21,145.64,214.3,213.2,448.0,492.2
2025-12-08,Z4,P1,810.25,834.78,795.7,823.1,1173.7,1240.5
2025-12-09,Z4,P1,1162.19,678.4,769.7,774.4,1193.3,1319.1
2025-12-10,Z4,P1,765.32,1022.92,720.8,712.1,1061.8,1188.5
2025-12-11,Z4,P1,824.21,589.71,710.5,715.7,979.0,1067.3
2025-12-12,Z4,P1,961.45,897.98,802.6,796.2,1252.2,1336.3
2025-12-13,Z4,P1,470.01,112.74,258.4,264.2,489.3,576.0
2025-12-14,Z4,P1,152.53,170.21,247.6,239.4,469.0,533.0
2025-12-15,Z4,P1,942.16,810.25,765.2,806.9,1176.1,1275.0
2025-12-16,Z4,P1,1147.96,1162.19,849.5,855.4,1188.8,1343.4
2025-12-17,Z4,P1,682.92,765.32,743.6,739.4,1087.9,1180.4
2025-12-18,Z4,P1,887.97,824.21,714.0,716.8,1022.9,1110.0
2025-12-19,Z4,P1,847.77,961.45,795.2,853.5,1232.0,1388.9
2025-12-20,Z4,P1,392.76,470.01,333.9,340.0,457.2,559.2
2025-12-21,Z4,P1,247.42,152.53,184.7,142.9,384.4,464.6
2025-12-22,Z4,P1,771.24,942.16,479.1,576.2,984.1,1202.6
2025-12-23,Z4,P1,679.24,1147.96,502.9,574.4,979.8,1229.7
2025-12-24,Z4,P1,653.07,682.92,328.4,484.8,894.9,1114.5
2025-12-25,Z4,P1,282.0,887.97,391.7,517.2,855.4,1065.1
2025-12-26,Z4,P1,122.96,847.77,476.7,611.1,912.2,1098.8
2025-12-27,Z4,P1,594.5,392.76,265.7,269.9,518.3,568.4
2025-12-28,Z4,P1,301.89,247.42,169.7,141.0,373.9,454.6
2025-12-29,Z4,P1,685.09,771.24,546.8,605.2,930.9,1072.6
2025-12-30,Z4,P1,324.26,679.24,491.3,541.9,925.6,1132.4
2025-12-31,Z4,P1,376.21,653.07,423.6,494.6,807.2,982.3
2026-01-01,Z4,P1,51.37,282.0,364.9,388.1,714.9,931.9
2026-01-02,Z4,P1,212.88,122.96,397.6,451.9,698.6,982.3
2026-01-03,Z4,P1,273.7,594.5,357.4,355.6,686.2,686.2
2026-01-04,Z4,P1,308.4,301.89,166.2,159.8,315.8,451.5
2026-01-05,Z4,P1,437.66,685.09,807.8,854.1,1066.8,1202.1
2026-01-06,Z4,P1,892.56,324.26,818.5,838.2,1135.3,1392.1
2026-01-07,Z4,P1,909.66,376.21,661.6,693.4,913.9,1005.8
2026-01-08,Z4,P1,437.34,51.37,737.6,642.1,904.4,1037.6
2026-01-09,Z4,P1,1084.12,212.88,626.4,593.8,924.9,1087.5
2026-01-10,Z4,P1,359.73,273.7,384.2,414.8,589.7,668.7
2026-01-11,Z4,P1,318.72,308.4,249.5,256.0,450.8,531.8
2026-01-12,Z4,P1,885.8,437.66,713.0,731.5,972.0,1084.8
2026-01-13,Z4,P1,877.34,892.56,827.1,867.9,1068.4,1212.6
2026-01-14,Z4,P1,563.49,909.66,786.4,757.4,1017.0,1163.7
2026-01-15,Z4,P1,435.22,437.34,664.1,606.8,910.0,1030.6
2026-01-16,Z4,P1,1034.45,1084.12,755.1,741.9,1088.0,1238.1
2026-01-17,Z4,P1,271.34,359.73,385.8,388.3,601.6,690.1
2026-01-18,Z4,P1,360.25,318.72,283.8,270.6,480.4,554.7
2026-01-19,Z4,P1,785.91,885.8,800.8,825.8,1086.8,1215.1
2026-01-20,Z4,P1,511.96,877.34,789.9,844.1,1100.6,1223.1
2026-01-21,Z4,P1,601.16,563.49,701.5,731.0,1048.1,1174.8
2026-01-22,Z4,P1,931.8,435.22,561.8,563.6,863.5,931.4
2026-01-23,Z4,P1,949.84,1034.45,756.6,730.4,1135.2,1247.5
2026-01-24,Z4,P1,442.67,271.34,375.8,368.8,591.5,672.7
2026-01-25,Z4,P1,133.0,360.25,271.1,269.5,453.7,502.5
2026-01-26,Z4,P1,917.36,785.91,730.0,693.6,1069.0,1214.2
2026-01-27,Z4,P1,1445.69,511.96,649.7,604.0,996.8,1094.6
2026-01-28,Z4,P1,981.43,601.16,727.7,694.1,1021.9,1125.1
2026-03-01,Z4,P1,239.67,334.64,262.2,296.3,479.4,552.9
2026-03-02,Z4,P1,826.26,632.07,695.3,709.6,1050.0,1169.2
2026-03-03,Z4,P1,882.4,886.81,756.3,720.4,1019.0,1191.1
2026-03-04,Z4,P1,813.44,868.67,792.4,788.1,1133.7,1232.9
2026-03-05,Z4,P1,850.06,668.18,692.3,666.1,1039.0,1172.9
2026-03-06,Z4,P1,668.14,1267.82,816.3,786.4,1147.0,1227.9
2026-03-07,Z4,P1,181.08,421.29,343.8,377.2,560.2,628.1
2026-03-08,Z4,P1,408.41,239.67,274.0,256.2,489.7,547.7
2026-03-09,Z4,P1,755.93,826.26,779.5,776.1,1051.9,1148.3
2026-03-10,Z4,P1,552.51,882.4,790.8,824.6,1089.8,1214.7
2026-03-11,Z4,P1,507.09,813.44,776.1,762.0,1065.2,1198.8
2026-03-12,Z4,P1,673.15,850.06,751.2,754.4,1019.2,1113.0
2026-03-13,Z4,P1,756.5,668.14,779.5,734.0,1140.3,1181.7
2026-03-14,Z4,P1,212.62,181.08,330.4,343.3,613.2,657.8
2026-03-15,Z4,P1,498.5,408.41,316.2,303.7,517.0,579.2
2026-03-16,Z4,P1,704.44,755.93,768.0,747.1,1046.8,1173.6
2026-03-17,Z4,P1,622.01,552.51,709.5,712.0,980.8,1102.7
2026-03-18,Z4,P1,933.17,507.09,727.3,725.1,1016.8,1119.0
2026-03-19,Z4,P1,730.07,673.15,756.0,736.1,1054.9,1162.7
2026-03-20,Z4,P1,926.2,756.5,793.2,802.2,1116.5,1327.4
2026-03-21,Z4,P1,253.34,212.62,345.1,338.2,604.3,663.6
2026-03-22,Z4,P1,258.76,498.5,325.2,329.0,516.6,544.2
2026-03-23,Z4,P1,716.66,704.44,764.1,765.8,1035.8,1152.5
2026-03-24,Z4,P1,845.13,622.01,812.4,834.1,1201.3,1435.7
2026-03-25,Z4,P1,899.93,933.17,810.9,786.4,1127.3,1238.6
2026-03-26,Z4,P1,681.09,730.07,747.0,759.8,1011.5,1131.0
2026-03-27,Z4,P1,1102.28,926.2,837.9,813.9,1240.8,1360.3
2026-03-28,Z4,P1,238.61,253.34,376.3,374.3,588.1,643.6
2026-03-29,Z4,P1,359.47,258.76,327.7,327.0,555.6,597.4
2026-03-30,Z4,P1,462.66,716.66,768.1,750.5,1057.1,1185.4
2026-03-31,Z4,P1,1083.07,845.13,763.2,734.8,1041.6,1173.5
2026-04-01,Z4,P1,942.17,899.93,797.0,813.3,1104.1,1201.1
2026-04-02,Z4,P1,1115.4,681.09,765.1,750.7,1075.7,1121.6
2026-04-03,Z4,P1,527.58,1102.28,836.2,843.6,1172.8,1260.0
2026-04-04,Z4,P1,577.18,238.61,259.5,293.8,461.0,590.1
2026-04-05,Z4,P1,76.71,359.47,354.8,333.7,522.7,604.0
2026-04-06,Z4,P1,278.04,462.66,709.6,693.4,1017.6,1128.4
2026-04-07,Z4,P1,833.02,1083.07,823.8,798.4,1131.1,1232.9
2026-04-08,Z4,P1,577.71,942.17,810.0,835.2,1125.3,1236.7
2026-04-09,Z4,P1,785.34,1115.4,802.3,790.2,1086.5,1242.1
2026-04-10,Z4,P1,752.58,527.58,767.5,722.3,1097.2,1192.3
2026-04-11,Z4,P1,324.68,577.18,368.3,404.0,581.0,663.4
2026-04-12,Z4,P1,246.88,76.71,287.1,296.4,503.9,570.6
2026-04-13,Z4,P1,959.91,278.04,662.9,615.7,924.1,983.5
2026-04-14,Z4,P1,542.42,833.02,794.0,800.8,1106.6,1217.2
2026-04-15,Z4,P1,942.61,577.71,767.2,768.8,1061.0,1223.4
2026-04-16,Z4,P1,485.02,785.34,815.0,819.5,1133.2,1235.7
2026-04-17,Z4,P1,891.01,752.58,769.7,762.4,1083.4,1208.9
2026-04-18,Z4,P1,616.96,324.68,361.8,371.0,638.2,707.7
2026-04-19,Z4,P1,394.73,246.88,233.7,227.3,472.6,522.8
2026-04-20,Z4,P1,1258.1,959.91,701.7,710.0,1035.8,1157.0
2026-04-21,Z4,P1,879.28,542.42,751.8,775.9,1100.5,1215.6
2026-04-22,Z4,P1,599.39,942.61,805.7,790.7,1131.6,1290.8
2026-04-23,Z4,P1,751.26,485.02,699.1,684.9,1096.9,1199.9
2026-04-24,Z4,P1,680.5,891.01,769.8,784.0,1214.7,1324.6
2026-04-25,Z4,P1,343.96,616.96,371.2,392.6,686.9,750.9
2026-04-26,Z4,P1,345.63,394.73,206.3,206.1,437.5,525.4
2026-04-27,Z4,P1,407.27,1258.1,693.6,841.6,1158.3,1292.2
2026-04-28,Z4,P1,532.95,879.28,652.5,731.0,1080.4,1201.5
2026-04-29,Z4,P1,463.85,599.39,613.7,653.7,1056.7,1169.9
2026-04-30,Z4,P1,793.34,751.26,637.8,711.3,1041.8,1162.1
2025-10-01,Z4,P2,160.44,301.89,216.9,226.5,348.4,372.9
2025-10-02,Z4,P2,315.87,206.49,216.6,224.5,313.7,362.9
2025-10-03,Z4,P2,294.75,358.5,230.0,226.8,333.0,373.1
2025-10-04,Z4,P2,171.26,222.08,207.5,204.2,309.2,365.1
2025-10-05,Z4,P2,124.84,377.29,218.9,231.5,289.1,358.2
2025-10-06,Z4,P2,140.42,200.71,215.2,222.7,325.4,363.3
2025-10-07,Z4,P2,227.11,139.65,194.5,192.3,317.2,360.8
2025-10-08,Z4,P2,292.97,160.44,217.2,214.2,340.6,366.7
2025-10-09,Z4,P2,198.44,315.87,214.8,218.3,323.3,364.9
2025-10-10,Z4,P2,269.61,294.75,238.5,243.2,347.3,372.3
2025-10-11,Z4,P2,207.99,171.26,235.4,244.8,301.1,349.0
2025-10-12,Z4,P2,246.93,124.84,195.6,191.7,291.3,324.5
2025-10-13,Z4,P2,136.21,140.42,209.1,199.6,312.0,355.7
2025-10-14,Z4,P2,187.55,227.11,219.6,217.5,327.4,374.9
2025-10-15,Z4,P2,128.4,292.97,223.8,220.4,364.0,392.4
2025-10-16,Z4,P2,181.22,198.44,219.4,221.2,327.5,361.8
2025-10-17,Z4,P2,148.09,269.61,231.9,221.6,357.4,377.3
2025-10-18,Z4,P2,186.89,207.99,211.6,209.1,291.3,326.8
2025-10-19,Z4,P2,233.59,246.93,208.6,211.8,292.2,316.4
2025-10-20,Z4,P2,339.29,136.21,216.1,212.5,314.1,351.4
2025-10-21,Z4,P2,226.87,187.55,213.2,205.5,298.0,340.5
2025-10-22,Z4,P2,140.99,128.4,211.0,204.5,315.2,348.4
2025-10-23,Z4,P2,225.62,181.22,201.9,206.2,327.0,363.4
2025-10-24,Z4,P2,216.52,148.09,213.0,213.8,326.8,360.2
2025-10-25,Z4,P2,138.32,186.89,216.8,220.6,318.5,362.3
2025-10-26,Z4,P2,198.13,233.59,211.5,220.0,296.1,330.0
2025-10-27,Z4,P2,152.53,339.29,205.8,200.2,319.7,357.7
2025-10-28,Z4,P2,200.67,226.87,209.4,210.8,336.7,359.9
2025-10-29,Z4,P2,350.87,140.99,199.5,198.1,311.0,348.6
2025-10-30,Z4,P2,307.94,225.62,209.8,216.1,322.9,360.9
2025-10-31,Z4,P2,259.14,216.52,206.7,210.8,338.9,366.2
2025-11-01,Z4,P2,335.49,138.32,200.8,201.5,304.7,337.1
2025-11-02,Z4,P2,158.47,198.13,190.8,202.5,285.3,314.8
2025-11-03,Z4,P2,212.35,152.53,197.1,198.5,316.6,338.7
2025-11-04,Z4,P2,211.27,200.67,188.8,195.0,294.1,326.8
2025-11-05,Z4,P2,300.46,350.87,194.1,202.3,324.6,373.4
2025-11-06,Z4,P2,164.3,307.94,191.8,200.5,320.7,354.3
2025-11-07,Z4,P2,203.18,259.14,202.8,204.6,325.3,355.3
2025-11-08,Z4,P2,331.14,335.49,220.9,234.4,346.6,373.5
2025-11-09,Z4,P2,319.3,158.47,201.2,205.3,277.3,307.7
2025-11-10,Z4,P2,269.53,212.35,196.2,199.1,302.6,344.9
2025-11-11,Z4,P2,141.55,211.27,214.4,219.2,319.4,337.9
2025-11-12,Z4,P2,231.86,300.46,212.6,219.1,341.5,358.5
2025-11-13,Z4,P2,245.59,164.3,210.8,217.2,320.2,336.5
2025-11-14,Z4,P2,292.61,203.18,202.6,207.7,302.7,326.2
2025-11-15,Z4,P2,66.78,331.14,222.4,225.2,317.2,336.3
2025-11-16,Z4,P2,207.52,319.3,198.1,200.7,283.3,328.8
2025-11-17,Z4,P2,199.11,269.53,212.2,219.5,327.0,368.1
2025-11-18,Z4,P2,243.04,141.55,208.0,204.8,298.0,335.2
2025-11-19,Z4,P2,174.02,231.86,224.8,224.9,355.6,380.2
2025-11-20,Z4,P2,204.07,245.59,218.3,213.5,330.0,369.6
2025-11-21,Z4,P2,189.94,292.61,249.4,252.5,351.2,388.1
2025-11-22,Z4,P2,234.91,66.78,227.0,230.0,322.5,349.3
2025-11-23,Z4,P2,71.27,207.52,222.1,224.9,291.8,326.3
2025-11-24,Z4,P2,152.16,199.11,206.7,209.8,296.2,328.2
2025-11-25,Z4,P2,130.41,243.04,203.2,199.2,309.0,348.9
2025-11-26,Z4,P2,433.94,174.02,230.9,234.0,324.8,356.7
2025-11-27,Z4,P2,133.4,204.07,217.6,219.4,327.4,362.1
2025-11-28,Z4,P2,189.95,189.94,241.9,240.1,343.5,372.3
2025-11-29,Z4,P2,210.25,234.91,220.3,210.6,341.9,363.8
2025-11-30,Z4,P2,121.48,71.27,193.1,197.1,269.4,302.5
2025-12-01,Z4,P2,119.99,152.16,209.5,207.4,315.0,356.8
2025-12-02,Z4,P2,167.44,130.41,202.1,195.9,298.6,335.9
2025-12-03,Z4,P2,240.33,433.94,228.0,233.3,383.1,434.2
2025-12-04,Z4,P2,181.15,133.4,205.8,203.0,310.2,340.2
2025-12-05,Z4,P2,179.57,189.95,225.7,226.9,339.1,369.3
2025-12-06,Z4,P2,160.75,210.25,197.3,204.7,294.1,343.3
2025-12-07,Z4,P2,98.23,121.48,175.1,191.3,264.2,274.2
2025-12-08,Z4,P2,168.29,119.99,187.4,192.7,298.9,340.3
2025-12-09,Z4,P2,139.95,167.44,178.0,185.3,278.0,319.8
2025-12-10,Z4,P2,151.3,240.33,204.0,219.7,368.6,411.9
2025-12-11,Z4,P2,406.4,181.15,195.1,203.8,310.2,344.1
2025-12-12,Z4,P2,175.5,179.57,202.4,210.3,306.6,348.8
2025-12-13,Z4,P2,116.38,160.75,192.5,195.5,281.9,311.4
2025-12-14,Z4,P2,175.0,98.23,151.3,155.5,225.0,256.7
2025-12-15,Z4,P2,88.63,168.29,176.1,163.2,299.9,320.0
2025-12-16,Z4,P2,100.1,139.95,172.1,157.7,277.1,315.9
2025-12-17,Z4,P2,208.74,151.3,180.4,172.1,294.7,322.8
2025-12-18,Z4,P2,275.9,406.4,195.6,180.5,322.9,361.1
2025-12-19,Z4,P2,125.59,175.5,190.5,179.6,284.9,330.7
2025-12-20,Z4,P2,210.47,116.38,156.5,143.0,254.3,286.2
2025-12-21,Z4,P2,239.05,175.0,138.1,127.8,194.2,231.1
2025-12-22,Z4,P2,180.53,88.63,151.5,136.1,260.3,285.1
2025-12-23,Z4,P2,327.91,100.1,148.0,131.3,253.2,268.6
2025-12-24,Z4,P2,465.03,208.74,125.6,146.8,260.4,282.3
2025-12-25,Z4,P2,46.63,275.9,150.1,148.3,267.8,277.8
2025-12-26,Z4,P2,121.33,125.59,152.7,143.4,254.4,282.0
2025-12-27,Z4,P2,155.61,210.47,157.7,160.0,248.8,270.9
2025-12-28,Z4,P2,195.31,239.05,140.8,133.7,228.6,270.8
2025-12-29,Z4,P2,187.42,180.53,168.2,152.7,262.5,277.0
2025-12-30,Z4,P2,216.99,327.91,172.2,151.9,273.0,299.6
2025-12-31,Z4,P2,172.67,465.03,177.6,182.1,322.7,411.2
2026-01-01,Z4,P2,7.59,46.63,121.2,121.6,189.6,274.0
2026-01-02,Z4,P2,117.88,121.33,132.2,123.8,182.5,264.2
2026-01-03,Z4,P2,193.31,155.61,140.6,123.7,206.1,278.4
2026-01-04,Z4,P2,88.67,195.31,138.8,130.3,188.2,254.2
2026-01-05,Z4,P2,3.89,187.42,162.1,156.0,274.0,313.6
2026-01-06,Z4,P2,240.72,216.99,166.2,145.7,295.8,297.0
2026-01-07,Z4,P2,76.93,172.67,181.9,172.0,344.5,369.0
2026-01-08,Z4,P2,163.7,7.59,215.0,204.8,315.2,326.4
2026-01-09,Z4,P2,182.22,117.88,186.9,157.4,319.3,319.3
2026-01-10,Z4,P2,96.28,193.31,179.1,167.7,262.1,284.5
2026-01-11,Z4,P2,48.07,88.67,154.1,152.6,223.7,280.2
2026-01-12,Z4,P2,175.63,3.89,167.9,159.7,271.9,303.1
2026-01-13,Z4,P2,70.2,240.72,175.3,174.3,288.6,307.3
2026-01-14,Z4,P2,255.12,76.93,179.6,167.0,298.8,332.5
2026-01-15,Z4,P2,248.52,163.7,163.2,152.8,280.3,298.6
2026-01-16,Z4,P2,153.38,182.22,177.0,165.7,280.4,294.7
2026-01-17,Z4,P2,148.24,96.28,182.2,161.8,278.5,305.0
2026-01-18,Z4,P2,202.97,48.07,136.0,127.6,233.2,240.6
2026-01-19,Z4,P2,181.37,175.63,171.4,155.8,282.1,282.1
2026-01-20,Z4,P2,156.63,70.2,183.5,169.6,288.5,314.1
2026-01-21,Z4,P2,197.18,255.12,201.0,195.6,349.4,380.3
2026-01-22,Z4,P2,191.4,248.52,171.3,163.2,265.4,318.0
2026-01-23,Z4,P2,272.58,153.38,173.7,165.7,281.7,310.9
2026-01-24,Z4,P2,387.33,148.24,161.2,130.5,259.3,280.6
2026-01-25,Z4,P2,37.46,202.97,136.3,105.3,243.2,277.0
2026-01-26,Z4,P2,156.12,181.37,176.5,156.5,275.9,318.1
2026-01-27,Z4,P2,183.52,156.63,166.3,146.8,285.4,312.9
2026-01-28,Z4,P2,162.88,197.18,166.8,162.2,267.6,302.4
2026-03-01,Z4,P2,167.41,183.22,142.0,142.0,248.0,279.7
2026-03-02,Z4,P2,287.65,84.99,152.9,144.8,254.6,292.5
2026-03-03,Z4,P2,359.23,235.69,179.4,170.3,283.3,313.0
2026-03-04,Z4,P2,259.35,224.56,179.6,167.9,287.7,333.6
2026-03-05,Z4,P2,73.7,193.54,174.8,175.8,262.5,306.5
2026-03-06,Z4,P2,295.67,123.05,199.5,181.2,311.3,340.3
2026-03-07,Z4,P2,263.18,174.97,179.5,163.8,296.2,318.1
2026-03-08,Z4,P2,125.37,167.41,170.1,155.4,256.2,329.1
2026-03-09,Z4,P2,129.26,287.65,178.0,168.8,296.3,321.7
2026-03-10,Z4,P2,117.89,359.23,185.4,172.7,302.5,352.5
2026-03-11,Z4,P2,163.66,259.35,185.0,190.3,306.1,347.0
2026-03-12,Z4,P2,123.98,73.7,214.7,210.7,339.7,382.5
2026-03-13,Z4,P2,207.12,295.67,200.1,197.0,328.3,371.7
2026-03-14,Z4,P2,238.06,263.18,194.8,205.7,325.9,366.8
2026-03-15,Z4,P2,155.92,125.37,191.5,200.0,280.8,319.7
2026-03-16,Z4,P2,296.24,129.26,184.5,171.2,290.0,324.8
2026-03-17,Z4,P2,141.42,117.89,207.6,197.6,316.6,365.6
2026-03-18,Z4,P2,99.27,163.66,217.1,213.4,336.1,368.2
2026-03-19,Z4,P2,58.54,123.98,204.4,176.7,321.6,336.2
2026-03-20,Z4,P2,172.66,207.12,201.3,197.4,310.2,324.5
2026-03-21,Z4,P2,218.06,238.06,206.7,198.6,307.3,331.9
2026-03-22,Z4,P2,204.42,155.92,177.2,142.0,260.8,295.9
2026-03-23,Z4,P2,145.41,296.24,177.4,169.3,305.7,335.9
2026-03-24,Z4,P2,119.86,141.42,206.7,195.8,335.3,374.3
2026-03-25,Z4,P2,58.51,99.27,208.1,195.5,299.3,337.4
2026-03-26,Z4,P2,322.38,58.54,193.9,181.1,282.3,320.9
2026-03-27,Z4,P2,178.44,172.66,207.0,204.1,325.8,351.1
2026-03-28,Z4,P2,188.12,218.06,207.1,199.0,286.8,316.9
2026-03-29,Z4,P2,198.83,204.42,205.6,185.6,286.1,325.3
2026-03-30,Z4,P2,227.32,145.41,195.9,182.5,286.7,326.6
2026-03-31,Z4,P2,131.54,119.86,189.6,181.3,292.4,314.1
2026-04-01,Z4,P2,146.41,58.51,196.7,186.7,277.4,303.3
2026-04-02,Z4,P2,159.51,322.38,184.1,163.8,297.2,323.5
2026-04-03,Z4,P2,142.72,178.44,210.1,199.3,301.4,332.5
2026-04-04,Z4,P2,175.98,188.12,214.1,197.6,306.1,337.2
2026-04-05,Z4,P2,87.11,198.83,198.8,184.8,278.5,313.1
2026-04-06,Z4,P2,167.85,227.32,174.0,174.6,290.7,306.7
2026-04-07,Z4,P2,154.95,131.54,160.3,158.3,254.1,277.4
2026-04-08,Z4,P2,221.51,146.41,162.4,156.1,254.7,281.0
2026-04-09,Z4,P2,142.64,159.51,192.9,190.4,296.0,325.8
2026-04-10,Z4,P2,182.42,142.72,189.7,178.3,292.5,325.9
2026-04-11,Z4,P2,131.4,175.98,188.7,182.6,283.3,329.9
2026-04-12,Z4,P2,165.25,87.11,171.1,164.7,271.8,295.1
2026-04-13,Z4,P2,199.16,167.85,164.4,161.4,251.4,296.5
2026-04-14,Z4,P2,214.25,154.95,171.2,162.8,266.7,288.4
2026-04-15,Z4,P2,200.8,221.51,172.9,166.6,251.1,277.7
2026-04-16,Z4,P2,159.57,142.64,169.1,164.8,275.7,296.5
2026-04-17,Z4,P2,222.88,182.42,185.9,179.2,276.9,312.4
2026-04-18,Z4,P2,203.39,131.4,181.5,171.3,278.8,317.8
2026-04-19,Z4,P2,220.92,165.25,158.7,162.4,272.0,284.0
2026-04-20,Z4,P2,265.2,199.16,155.7,159.2,253.4,273.9
2026-04-21,Z4,P2,184.67,214.25,163.1,175.0,273.2,278.7
2026-04-22,Z4,P2,305.94,200.8,169.3,167.2,257.2,267.8
2026-04-23,Z4,P2,178.61,159.57,170.5,164.2,292.0,327.9
2026-04-24,Z4,P2,262.89,222.88,177.4,162.2,262.4,303.7
2026-04-25,Z4,P2,339.66,203.39,169.1,148.5,275.9,293.2
2026-04-26,Z4,P2,63.43,220.92,148.4,126.9,254.1,295.5
2026-04-27,Z4,P2,97.96,265.2,162.2,144.2,317.3,335.7
2026-04-28,Z4,P2,83.71,184.67,158.5,151.9,287.0,293.6
2026-04-29,Z4,P2,201.7,305.94,162.3,152.9,297.0,339.7
2026-04-30,Z4,P2,158.18,178.61,171.3,146.7,264.7,300.7
2025-10-01,Z4,P3,902.75,1164.93,872.7,852.4,1148.6,1200.9
2025-10-02,Z4,P3,677.49,843.66,861.4,848.4,1046.4,1133.8
2025-10-03,Z4,P3,839.1,827.37,872.5,889.7,1107.5,1180.5
2025-10-04,Z4,P3,868.05,867.84,813.7,798.4,1012.5,1037.2
2025-10-05,Z4,P3,689.92,552.69,744.3,715.2,907.5,1015.8
2025-10-06,Z4,P3,702.1,829.99,852.8,863.4,1065.6,1107.1
2025-10-07,Z4,P3,892.68,900.78,939.6,873.7,1146.9,1213.3
2025-10-08,Z4,P3,877.06,902.75,881.8,881.7,1111.3,1202.2
2025-10-09,Z4,P3,721.81,677.49,809.4,788.7,1021.1,1074.3
2025-10-10,Z4,P3,811.45,839.1,854.4,824.1,1140.0,1163.5
2025-10-11,Z4,P3,772.29,868.05,793.5,773.9,1049.3,1078.8
2025-10-12,Z4,P3,757.05,689.92,684.6,650.6,938.8,1036.1
2025-10-13,Z4,P3,518.43,702.1,846.8,817.8,1143.4,1225.5
2025-10-14,Z4,P3,1030.53,892.68,927.3,917.4,1302.3,1380.2
2025-10-15,Z4,P3,683.77,877.06,891.2,901.9,1180.9,1247.7
2025-10-16,Z4,P3,469.31,721.81,802.9,774.5,1046.2,1125.5
2025-10-17,Z4,P3,752.27,811.45,871.7,864.9,1115.0,1209.1
2025-10-18,Z4,P3,654.26,772.29,792.3,776.1,1064.8,1129.4
2025-10-19,Z4,P3,557.31,757.05,710.2,746.5,926.0,1050.8
2025-10-20,Z4,P3,876.02,518.43,766.2,736.9,965.0,987.2
2025-10-21,Z4,P3,995.92,1030.53,900.6,887.4,1297.1,1405.5
2025-10-22,Z4,P3,688.6,683.77,813.1,786.3,1076.4,1193.4
2025-10-23,Z4,P3,692.4,469.31,727.6,707.0,955.7,1021.1
2025-10-24,Z4,P3,1257.23,752.27,835.2,798.6,1054.5,1099.7
2025-10-25,Z4,P3,1023.65,654.26,739.7,727.0,984.9,1020.8
2025-10-26,Z4,P3,959.73,557.31,639.9,665.3,833.9,878.7
2025-10-27,Z4,P3,633.04,876.02,762.1,765.7,1026.9,1036.1
2025-10-28,Z4,P3,753.06,995.92,848.9,845.4,1175.1,1277.6
2025-10-29,Z4,P3,769.08,688.6,769.5,792.8,1049.6,1140.0
2025-10-30,Z4,P3,635.05,692.4,733.4,747.4,1040.3,1079.3
2025-10-31,Z4,P3,1210.33,1257.23,909.8,839.3,1279.1,1311.2
2025-11-01,Z4,P3,1125.71,1023.65,805.0,760.1,1128.1,1199.7
2025-11-02,Z4,P3,763.09,959.73,714.2,664.1,997.1,1148.2
2025-11-03,Z4,P3,861.83,633.04,741.9,716.6,956.4,984.1
2025-11-04,Z4,P3,859.31,753.06,821.5,809.5,1182.5,1246.8
2025-11-05,Z4,P3,948.34,769.08,779.5,783.2,1025.5,1037.3
2025-11-06,Z4,P3,808.07,635.05,751.5,731.2,969.1,997.3
2025-11-07,Z4,P3,1039.59,1210.33,926.3,966.3,1225.9,1297.2
2025-11-08,Z4,P3,798.73,1125.71,825.1,820.2,1194.2,1208.5
2025-11-09,Z4,P3,303.54,763.09,704.8,690.1,955.5,1011.3
2025-11-10,Z4,P3,612.67,861.83,789.0,778.5,1021.9,1134.1
2025-11-11,Z4,P3,956.38,859.31,844.0,850.1,1182.4,1288.5
2025-11-12,Z4,P3,692.51,948.34,796.3,776.1,1136.9,1209.9
2025-11-13,Z4,P3,1149.65,808.07,762.3,748.3,969.4,1004.1
2025-11-14,Z4,P3,834.61,1039.59,948.0,945.7,1337.6,1441.0
2025-11-15,Z4,P3,1007.98,798.73,841.6,825.2,1182.8,1238.4
2025-11-16,Z4,P3,691.01,303.54,645.1,646.3,929.7,1039.2
2025-11-17,Z4,P3,1084.05,612.67,776.4,767.3,1026.5,1026.5
2025-11-18,Z4,P3,1375.68,956.38,865.4,848.0,1339.3,1405.8
2025-11-19,Z4,P3,910.01,692.51,781.2,766.4,1077.4,1082.1
2025-11-20,Z4,P3,899.69,1149.65,842.9,808.0,1165.1,1219.3
2025-11-21,Z4,P3,1037.81,834.61,927.7,923.9,1321.0,1389.7
2025-11-22,Z4,P3,640.72,1007.98,916.8,890.2,1240.7,1356.9
2025-11-23,Z4,P3,716.15,691.01,625.5,650.3,872.7,960.6
2025-11-24,Z4,P3,893.29,1084.05,882.2,859.8,1171.3,1258.8
2025-11-25,Z4,P3,972.2,1375.68,933.4,963.5,1346.7,1346.7
2025-11-26,Z4,P3,877.69,910.01,872.6,869.4,1145.6,1267.0
2025-11-27,Z4,P3,1011.94,899.69,875.2,861.4,1150.2,1222.7
2025-11-28,Z4,P3,839.3,1037.81,968.8,918.3,1335.3,1441.2
2025-11-29,Z4,P3,1228.94,640.72,822.5,788.2,1062.2,1128.2
2025-11-30,Z4,P3,805.21,716.15,663.7,680.3,837.6,930.9
2025-12-01,Z4,P3,854.28,893.29,866.8,850.1,1155.4,1215.1
2025-12-02,Z4,P3,874.54,972.2,969.1,938.7,1291.3,1317.5
2025-12-03,Z4,P3,979.62,877.69,857.0,881.5,1133.8,1155.5
2025-12-04,Z4,P3,926.02,1011.94,930.0,912.0,1255.4,1331.0
2025-12-05,Z4,P3,860.23,839.3,920.0,908.9,1171.8,1292.3
2025-12-06,Z4,P3,787.74,1228.94,898.8,856.6,1203.6,1333.4
2025-12-07,Z4,P3,713.72,805.21,689.8,664.1,882.6,956.1
2025-12-08,Z4,P3,885.97,854.28,860.9,873.8,1157.1,1197.9
2025-12-09,Z4,P3,833.28,874.54,971.1,959.6,1351.7,1435.6
2025-12-10,Z4,P3,1311.39,979.62,872.5,870.1,1172.4,1262.0
2025-12-11,Z4,P3,939.67,926.02,910.1,893.6,1206.6,1338.7
2025-12-12,Z4,P3,792.8,860.23,902.3,863.4,1180.1,1231.6
2025-12-13,Z4,P3,969.84,787.74,849.7,810.4,1099.3,1183.1
2025-12-14,Z4,P3,1093.87,713.72,675.1,671.6,889.2,995.4
2025-12-15,Z4,P3,687.69,885.97,896.8,903.3,1120.9,1267.5
2025-12-16,Z4,P3,1491.8,833.28,927.2,954.7,1250.6,1313.5
2025-12-17,Z4,P3,1253.54,1311.39,984.2,1003.7,1345.8,1373.4
2025-12-18,Z4,P3,1016.07,939.67,928.8,940.0,1266.1,1367.2
2025-12-19,Z4,P3,1164.38,792.8,901.0,888.2,1208.0,1321.0
2025-12-20,Z4,P3,885.07,969.84,814.0,822.4,1046.2,1257.0
2025-12-21,Z4,P3,716.65,1093.87,770.4,792.3,893.4,1088.8
2025-12-22,Z4,P3,1359.39,687.69,726.6,682.4,947.6,990.8
2025-12-23,Z4,P3,781.93,1491.8,877.7,831.9,1173.8,1301.8
2025-12-24,Z4,P3,858.04,1253.54,792.0,845.3,1128.5,1234.2
2025-12-25,Z4,P3,280.79,1016.07,729.9,789.7,1004.8,1178.5
2025-12-26,Z4,P3,488.6,1164.38,801.8,828.0,1049.3,1132.1
2025-12-27,Z4,P3,887.08,885.07,804.1,807.7,1002.7,1071.1
2025-12-28,Z4,P3,397.5,716.65,688.5,651.9,812.8,970.7
2025-12-29,Z4,P3,982.13,1359.39,897.4,895.4,1167.8,1237.9
2025-12-30,Z4,P3,1021.19,781.93,845.4,785.7,1119.8,1130.9
2025-12-31,Z4,P3,868.98,858.04,903.4,829.0,1142.6,1296.9
2026-01-01,Z4,P3,377.92,280.79,531.4,552.0,853.8,977.5
2026-01-02,Z4,P3,550.51,488.6,665.3,658.6,939.8,996.6
2026-01-03,Z4,P3,820.89,887.08,800.5,833.6,954.4,1096.0
2026-01-04,Z4,P3,637.95,397.5,531.2,533.9,738.2,866.1
2026-01-05,Z4,P3,578.21,982.13,979.3,946.9,1306.4,1322.9
2026-01-06,Z4,P3,1101.19,1021.19,979.4,944.3,1371.0,1487.0
2026-01-07,Z4,P3,749.97,868.98,978.2,956.0,1307.3,1391.9
2026-01-08,Z4,P3,994.63,377.92,733.8,676.3,1065.4,1206.2
2026-01-09,Z4,P3,1246.52,550.51,808.1,783.0,1055.2,1161.5
2026-01-10,Z4,P3,828.88,820.89,906.5,955.1,1154.6,1188.9
2026-01-11,Z4,P3,604.02,637.95,673.9,669.2,894.9,903.9
2026-01-12,Z4,P3,905.07,578.21,863.1,859.1,1315.1,1358.2
2026-01-13,Z4,P3,902.78,1101.19,1044.8,1046.4,1502.7,1570.9
2026-01-14,Z4,P3,702.02,749.97,894.6,895.8,1195.3,1285.1
2026-01-15,Z4,P3,791.96,994.63,868.8,851.8,1100.9,1235.2
2026-01-16,Z4,P3,788.21,1246.52,948.6,885.6,1263.4,1295.0
2026-01-17,Z4,P3,650.26,828.88,868.3,865.9,1096.0,1099.7
2026-01-18,Z4,P3,635.7,604.02,669.4,699.6,768.3,846.7
2026-01-19,Z4,P3,796.66,905.07,945.3,903.8,1215.8,1317.0
2026-01-20,Z4,P3,871.58,902.78,942.2,919.6,1264.2,1328.9
2026-01-21,Z4,P3,558.49,702.02,813.7,834.0,1099.9,1185.1
2026-01-22,Z4,P3,879.53,791.96,834.4,864.2,1084.1,1147.8
2026-01-23,Z4,P3,707.27,788.21,901.2,870.7,1177.3,1240.3
2026-01-24,Z4,P3,641.13,650.26,805.2,827.6,1085.9,1144.3
2026-01-25,Z4,P3,633.95,635.7,601.9,581.4,761.4,852.2
2026-01-26,Z4,P3,588.09,796.66,851.3,891.0,1145.4,1291.4
2026-01-27,Z4,P3,659.39,871.58,879.3,913.2,1217.8,1304.6
2026-01-28,Z4,P3,810.74,558.49,774.8,768.9,1047.2,1112.9
2026-03-01,Z4,P3,853.37,756.85,578.6,625.5,835.4,838.5
2026-03-02,Z4,P3,975.19,773.01,744.0,736.8,924.1,974.8
2026-03-03,Z4,P3,1322.5,773.01,780.4,791.5,1027.5,1074.2
2026-03-04,Z4,P3,954.33,1157.57,834.5,815.3,1097.8,1190.5
2026-03-05,Z4,P3,657.86,748.75,786.1,797.3,1102.1,1171.0
2026-03-06,Z4,P3,777.08,700.3,807.7,829.6,1102.1,1187.6
2026-03-07,Z4,P3,816.99,809.46,770.8,761.6,999.1,1054.0
2026-03-08,Z4,P3,451.05,853.37,665.1,661.0,874.9,912.4
2026-03-09,Z4,P3,832.34,975.19,803.0,798.6,1116.9,1160.4
2026-03-10,Z4,P3,561.73,1322.5,863.2,824.0,1239.7,1239.7
2026-03-11,Z4,P3,588.06,954.33,849.1,901.8,1188.2,1264.1
2026-03-12,Z4,P3,697.49,657.86,780.1,791.8,957.3,1045.8
2026-03-13,Z4,P3,685.97,777.08,801.9,797.4,1005.4,1083.6
2026-03-14,Z4,P3,619.78,816.99,756.2,758.8,969.4,1021.6
2026-03-15,Z4,P3,501.56,451.05,552.0,548.1,807.6,834.7
2026-03-16,Z4,P3,636.67,832.34,805.9,819.0,1039.4,1099.5
2026-03-17,Z4,P3,481.71,561.73,828.4,789.0,1044.5,1133.9
2026-03-18,Z4,P3,788.45,588.06,791.9,772.9,1051.0,1136.4
2026-03-19,Z4,P3,801.36,697.49,769.1,764.1,951.0,1011.0
2026-03-20,Z4,P3,907.22,685.97,785.7,784.6,975.6,1017.0
2026-03-21,Z4,P3,752.76,619.78,737.5,718.6,908.5,959.4
2026-03-22,Z4,P3,489.52,501.56,625.1,646.2,774.7,859.4
2026-03-23,Z4,P3,935.04,636.67,782.6,752.7,1006.9,1065.0
2026-03-24,Z4,P3,719.8,481.71,759.4,737.4,1097.1,1206.4
2026-03-25,Z4,P3,792.61,788.45,808.5,821.8,1029.7,1168.2
2026-03-26,Z4,P3,608.15,801.36,776.9,774.1,965.7,986.1
2026-03-27,Z4,P3,946.09,907.22,800.7,792.8,1022.2,1073.9
2026-03-28,Z4,P3,610.62,752.76,742.4,752.5,948.7,975.8
2026-03-29,Z4,P3,447.35,489.52,565.5,582.4,718.3,745.4
2026-03-30,Z4,P3,852.29,935.04,805.3,784.6,1080.8,1201.6
2026-03-31,Z4,P3,610.4,719.8,786.8,806.5,1047.4,1192.9
2026-04-01,Z4,P3,674.75,792.61,781.7,771.2,968.7,1071.0
2026-04-02,Z4,P3,773.03,608.15,739.7,735.5,916.7,940.8
2026-04-03,Z4,P3,747.52,946.09,824.7,842.3,1135.7,1169.7
2026-04-04,Z4,P3,768.24,610.62,709.7,701.3,896.7,937.4
2026-04-05,Z4,P3,490.65,447.35,495.0,486.5,642.7,711.4
2026-04-06,Z4,P3,753.15,852.29,777.0,790.9,1023.8,1023.8
2026-04-07,Z4,P3,645.64,610.4,716.2,708.7,859.3,935.1
2026-04-08,Z4,P3,775.63,674.75,724.2,729.5,929.0,1000.4
2026-04-09,Z4,P3,740.97,773.03,767.4,781.4,1044.2,1072.5
2026-04-10,Z4,P3,645.59,747.52,775.6,767.1,1012.1,1076.5
2026-04-11,Z4,P3,434.96,768.24,687.9,692.4,917.1,947.0
2026-04-12,Z4,P3,808.16,490.65,480.7,481.6,654.7,734.8
2026-04-13,Z4,P3,532.22,753.15,754.2,766.1,980.6,1069.1
2026-04-14,Z4,P3,532.52,645.64,698.2,690.2,874.1,887.6
2026-04-15,Z4,P3,760.26,775.63,760.9,770.0,983.8,1041.8
2026-04-16,Z4,P3,736.84,740.97,742.8,741.8,945.4,1063.9
2026-04-17,Z4,P3,855.71,645.59,775.2,790.7,1019.7,1127.1
2026-04-18,Z4,P3,840.59,434.96,689.7,683.4,895.6,936.3
2026-04-19,Z4,P3,660.21,808.16,601.1,570.2,780.1,875.4
2026-04-20,Z4,P3,706.55,532.22,725.1,737.5,931.4,1043.0
2026-04-21,Z4,P3,608.41,532.52,685.7,698.7,871.0,889.0
2026-04-22,Z4,P3,602.03,760.26,757.7,772.8,992.7,1064.6
2026-04-23,Z4,P3,726.74,736.84,730.2,734.9,918.7,987.9
2026-04-24,Z4,P3,529.07,855.71,760.9,763.7,1002.9,1029.0
2026-04-25,Z4,P3,734.97,840.59,593.9,617.7,889.2,1006.3
2026-04-26,Z4,P3,349.48,660.21,568.2,582.1,818.9,890.7
2026-04-27,Z4,P3,505.59,706.55,646.7,680.6,969.2,1036.9
2026-04-28,Z4,P3,701.24,608.41,636.3,663.4,1029.8,1127.4
2026-04-29,Z4,P3,768.39,602.03,623.8,666.3,919.4,950.8
2026-04-30,Z4,P3,613.52,726.74,659.3,688.7,992.5,1000.7
2025-10-01,Z4,P5,0.0,418.65,77.6,140.7,293.0,354.8
2025-10-02,Z4,P5,0.0,0.0,27.5,37.2,137.0,176.8
2025-10-03,Z4,P5,0.0,157.24,89.1,87.3,281.2,286.2
2025-10-04,Z4,P5,0.0,94.54,13.1,17.0,64.4,117.5
2025-10-05,Z4,P5,1.87,0.0,2.0,0.0,30.7,91.1
2025-10-06,Z4,P5,0.0,137.0,76.7,75.0,219.4,274.4
2025-10-07,Z4,P5,408.2,100.0,109.5,119.4,274.2,324.3
2025-10-08,Z4,P5,39.72,0.0,66.2,75.1,272.3,272.3
2025-10-09,Z4,P5,0.0,0.0,31.2,35.8,143.5,185.8
2025-10-10,Z4,P5,41.02,0.0,69.8,90.2,224.1,251.7
2025-10-11,Z4,P5,0.0,0.0,8.9,0.0,69.9,120.7
2025-10-12,Z4,P5,0.0,1.87,5.3,0.7,42.6,76.1
2025-10-13,Z4,P5,0.0,0.0,56.4,64.9,211.3,260.7
2025-10-14,Z4,P5,83.0,408.2,142.8,147.1,366.8,379.2
2025-10-15,Z4,P5,0.0,39.72,98.5,104.5,245.3,289.4
2025-10-16,Z4,P5,0.0,0.0,39.6,50.5,143.6,176.4
2025-10-17,Z4,P5,0.0,41.02,60.6,79.9,204.9,243.5
2025-10-18,Z4,P5,0.0,0.0,10.9,5.2,97.5,138.1
2025-10-19,Z4,P5,0.0,0.0,4.0,5.2,11.7,46.8
2025-10-20,Z4,P5,273.51,0.0,107.4,111.5,244.0,285.0
2025-10-21,Z4,P5,30.56,83.0,90.8,100.9,279.6,313.3
2025-10-22,Z4,P5,0.0,0.0,80.5,110.6,284.0,318.3
2025-10-23,Z4,P5,0.0,0.0,29.1,34.7,129.6,169.9
2025-10-24,Z4,P5,194.7,0.0,44.3,62.0,193.6,215.6
2025-10-25,Z4,P5,0.0,0.0,8.0,5.9,42.8,85.9
2025-10-26,Z4,P5,0.0,0.0,1.3,0.0,11.4,57.8
2025-10-27,Z4,P5,362.01,273.51,61.9,75.6,235.5,313.6
2025-10-28,Z4,P5,131.2,30.56,104.1,85.8,257.9,293.3
2025-10-29,Z4,P5,0.0,0.0,28.9,39.5,133.9,179.6
2025-10-30,Z4,P5,0.0,0.0,28.2,35.7,139.1,171.0
2025-10-31,Z4,P5,0.0,194.7,68.6,90.8,228.8,278.1
2025-11-01,Z4,P5,0.0,0.0,3.6,0.0,36.2,80.5
2025-11-02,Z4,P5,0.0,0.0,2.2,0.0,25.8,60.6
2025-11-03,Z4,P5,155.04,362.01,92.7,135.5,334.8,391.3
2025-11-04,Z4,P5,215.01,131.2,132.1,139.5,301.0,316.8
2025-11-05,Z4,P5,43.32,0.0,35.5,50.9,152.0,190.6
2025-11-06,Z4,P5,0.0,0.0,33.5,48.0,144.0,192.2
2025-11-07,Z4,P5,0.0,0.0,56.7,78.8,211.3,236.9
2025-11-08,Z4,P5,0.0,0.0,4.1,0.0,37.3,78.9
2025-11-09,Z4,P5,58.21,0.0,1.7,0.0,16.5,55.4
2025-11-10,Z4,P5,0.0,155.04,82.5,99.9,300.5,351.8
2025-11-11,Z4,P5,227.14,215.01,117.3,112.2,256.3,297.3
2025-11-12,Z4,P5,0.0,43.32,35.4,43.1,138.9,176.8
2025-11-13,Z4,P5,0.0,0.0,32.7,46.8,179.1,219.1
2025-11-14,Z4,P5,0.0,0.0,77.9,96.1,232.0,256.2
2025-11-15,Z4,P5,10.16,0.0,4.2,0.0,38.1,74.3
2025-11-16,Z4,P5,0.0,58.21,3.3,4.9,29.6,55.0
2025-11-17,Z4,P5,75.94,0.0,124.8,141.5,308.0,379.9
2025-11-18,Z4,P5,0.0,227.14,67.3,90.1,258.8,325.1
2025-11-19,Z4,P5,0.0,0.0,70.8,93.7,222.8,234.8
2025-11-20,Z4,P5,0.0,0.0,38.3,49.6,158.9,211.0
2025-11-21,Z4,P5,158.0,0.0,95.3,108.4,262.7,304.6
2025-11-22,Z4,P5,0.0,10.16,11.1,7.3,52.7,80.6
2025-11-23,Z4,P5,0.0,0.0,2.2,0.0,26.6,76.9
2025-11-24,Z4,P5,172.74,75.94,103.3,129.7,264.2,312.1
2025-11-25,Z4,P5,310.16,0.0,99.3,129.0,249.3,312.7
2025-11-26,Z4,P5,0.0,0.0,25.8,29.6,120.8,168.4
2025-11-27,Z4,P5,0.0,0.0,24.7,26.2,123.8,160.2
2025-11-28,Z4,P5,16.13,158.0,30.8,32.1,173.5,205.2
2025-11-29,Z4,P5,0.0,0.0,2.8,0.0,32.3,74.9
2025-11-30,Z4,P5,0.0,0.0,2.0,0.0,62.0,116.0
2025-12-01,Z4,P5,150.12,172.74,69.6,80.4,202.8,236.3
2025-12-02,Z4,P5,210.0,310.16,144.9,139.3,354.5,377.1
2025-12-03,Z4,P5,0.0,0.0,32.9,46.3,144.6,174.6
2025-12-04,Z4,P5,0.0,0.0,29.4,37.2,134.2,165.2
2025-12-05,Z4,P5,183.91,16.13,46.2,54.7,168.0,205.8
2025-12-06,Z4,P5,0.0,0.0,6.3,0.0,45.0,74.8
2025-12-07,Z4,P5,8.24,0.0,3.2,0.0,25.6,58.6
2025-12-08,Z4,P5,0.0,150.12,65.7,71.9,223.6,277.7
2025-12-09,Z4,P5,58.77,210.0,97.1,109.9,277.1,279.4
2025-12-10,Z4,P5,0.0,0.0,20.0,28.9,113.6,151.4
2025-12-11,Z4,P5,9.92,0.0,20.7,27.2,111.1,149.6
2025-10-01,Z5,P1,1383.84,1698.83,1657.3,1593.7,2017.0,2188.0
2025-10-02,Z5,P1,1799.42,1330.26,1676.3,1669.1,1992.0,2086.1
2025-10-03,Z5,P1,1556.95,1855.9,1698.4,1654.7,2029.9,2114.2
2025-10-04,Z5,P1,911.03,1094.75,1022.6,1064.0,1345.4,1451.2
2025-10-05,Z5,P1,565.47,720.31,731.4,744.7,974.2,1076.8
2025-10-06,Z5,P1,1828.61,1742.91,1708.8,1682.6,2058.9,2192.0
2025-10-07,Z5,P1,2100.14,1427.34,1553.5,1555.7,1798.3,1965.7
2025-10-08,Z5,P1,1417.27,1383.84,1594.5,1595.1,1940.4,2044.3
2025-10-09,Z5,P1,1851.77,1799.42,1649.4,1579.4,2015.5,2144.7
2025-10-10,Z5,P1,2027.2,1556.95,1687.6,1711.4,2026.1,2123.1
2025-10-11,Z5,P1,726.71,911.03,980.6,1023.5,1368.6,1570.3
2025-10-12,Z5,P1,1162.41,565.47,688.3,731.1,925.7,956.1
2025-10-13,Z5,P1,1316.85,1828.61,1750.9,1696.2,2096.8,2291.7
2025-10-14,Z5,P1,1775.78,2100.14,1688.9,1600.9,2044.5,2230.0
2025-10-15,Z5,P1,1065.67,1417.27,1574.4,1557.5,1828.6,1978.8
2025-10-16,Z5,P1,1564.06,1851.77,1721.6,1714.8,2055.7,2230.8
2025-10-17,Z5,P1,1642.22,2027.2,1756.0,1724.1,2098.1,2235.4
2025-10-18,Z5,P1,751.09,726.71,907.2,889.0,1268.7,1378.9
2025-10-19,Z5,P1,1048.47,1162.41,749.1,756.7,1090.6,1201.9
2025-10-20,Z5,P1,2076.47,1316.85,1589.7,1554.8,1998.3,2063.1
2025-10-21,Z5,P1,2320.93,1775.78,1659.2,1615.3,2076.8,2222.5
2025-10-22,Z5,P1,1510.06,1065.67,1442.0,1448.1,1914.5,1977.0
2025-10-23,Z5,P1,1861.41,1564.06,1687.9,1666.4,2014.5,2130.6
2025-10-24,Z5,P1,1614.48,1642.22,1767.6,1780.5,2109.4,2282.3
2025-10-25,Z5,P1,1052.84,751.09,813.6,819.3,1135.1,1245.0
2025-10-26,Z5,P1,747.78,1048.47,866.9,917.0,1172.1,1283.2
2025-10-27,Z5,P1,1641.97,2076.47,1666.7,1665.3,2086.5,2220.7
2025-10-28,Z5,P1,1316.16,2320.93,1888.0,1879.4,2352.7,2666.0
2025-10-29,Z5,P1,1499.44,1510.06,1514.4,1522.9,1841.5,2020.3
2025-10-30,Z5,P1,1394.92,1861.41,1824.2,1857.4,2093.7,2256.4
2025-10-31,Z5,P1,2068.38,1614.48,1813.5,1821.9,2171.3,2294.0
2025-11-01,Z5,P1,1452.91,1052.84,978.9,990.0,1380.8,1417.0
2025-11-02,Z5,P1,469.94,747.78,818.7,795.7,1069.8,1238.8
2025-11-03,Z5,P1,2244.2,1641.97,1749.3,1758.8,2074.2,2234.8
2025-11-04,Z5,P1,1323.73,1316.16,1836.2,1835.9,2252.2,2303.4
2025-11-05,Z5,P1,1729.91,1499.44,1615.2,1641.8,1946.6,2005.6
2025-11-06,Z5,P1,1673.22,1394.92,1736.9,1760.1,2236.4,2249.9
2025-11-07,Z5,P1,1999.49,2068.38,1798.8,1829.3,2157.5,2301.6
2025-11-08,Z5,P1,710.69,1452.91,1024.1,1038.2,1480.4,1480.4
2025-11-09,Z5,P1,491.71,469.94,818.0,740.9,1004.5,1144.0
2025-11-10,Z5,P1,1798.78,2244.2,1867.4,1991.3,2207.8,2325.7
2025-11-11,Z5,P1,1085.25,1323.73,1613.3,1618.5,1824.5,2040.7
2025-11-12,Z5,P1,1996.02,1729.91,1718.8,1733.9,2005.7,2134.2
2025-11-13,Z5,P1,1218.95,1673.22,1736.4,1772.7,2056.8,2170.5
2025-11-14,Z5,P1,1906.88,1999.49,1818.6,1831.7,2162.7,2260.1
2025-11-15,Z5,P1,1185.46,710.69,963.6,911.1,1420.9,1493.8
2025-11-16,Z5,P1,610.33,491.71,698.8,660.1,912.5,1006.3
2025-11-17,Z5,P1,1588.91,1798.78,1839.9,1847.9,2162.8,2323.2
2025-11-18,Z5,P1,1497.87,1085.25,1480.6,1550.2,1894.1,2105.8
2025-11-19,Z5,P1,1852.93,1996.02,1768.0,1781.3,2124.3,2257.2
2025-11-20,Z5,P1,1814.31,1218.95,1593.8,1590.6,2009.6,2033.5
2025-11-21,Z5,P1,2262.4,1906.88,1861.4,1872.8,2171.2,2271.5
2025-11-22,Z5,P1,570.21,1185.46,1054.2,1131.4,1473.3,1615.6
2025-11-23,Z5,P1,1070.72,610.33,647.6,597.9,767.3,933.5
2025-11-24,Z5,P1,1856.59,1588.91,1769.7,1823.9,2068.1,2242.8
2025-11-25,Z5,P1,2155.91,1497.87,1478.6,1572.1,1837.6,2020.2
2025-11-26,Z5,P1,1986.94,1852.93,1804.3,1816.5,2113.3,2246.8
2025-11-27,Z5,P1,2076.12,1814.31,1613.6,1608.7,2051.5,2190.1
2025-11-28,Z5,P1,1805.38,2262.4,1912.8,1965.4,2366.1,2416.9
2025-11-29,Z5,P1,999.12,570.21,922.8,878.3,1318.9,1318.9
2025-11-30,Z5,P1,831.54,1070.72,691.3,702.8,1020.5,1160.1
2025-12-01,Z5,P1,1850.2,1856.59,1929.5,1976.4,2307.9,2598.7
2025-12-02,Z5,P1,1443.58,2155.91,1789.6,1817.5,2175.6,2271.9
2025-12-03,Z5,P1,1987.05,1986.94,1856.3,1980.9,2208.8,2417.4
2025-12-04,Z5,P1,1899.42,2076.12,1746.0,1813.6,2158.3,2287.7
2025-12-05,Z5,P1,1626.26,1805.38,1949.4,1968.5,2265.0,2334.4
2025-12-06,Z5,P1,1176.38,999.12,850.3,840.7,1148.3,1328.0
2025-12-07,Z5,P1,501.34,831.54,780.2,763.3,1042.1,1123.7
2025-12-08,Z5,P1,1249.04,1850.2,1773.5,1868.4,2261.5,2430.8
2025-12-09,Z5,P1,1056.82,1443.58,1644.8,1638.4,2105.7,2105.7
2025-12-10,Z5,P1,1302.53,1987.05,1819.6,1854.7,2208.6,2331.0
2025-12-11,Z5,P1,2199.91,1899.42,1792.1,1801.9,2187.5,2273.7
2025-12-12,Z5,P1,1582.96,1626.26,1911.3,2035.2,2233.1,2399.4
2025-12-13,Z5,P1,848.52,1176.38,983.1,991.2,1370.0,1439.8
2025-12-14,Z5,P1,659.68,501.34,747.6,753.2,978.9,1117.9
2025-12-15,Z5,P1,1720.48,1249.04,1710.1,1735.5,2047.9,2088.0
2025-12-16,Z5,P1,1435.5,1056.82,1599.7,1603.1,1842.1,2023.9
2025-12-17,Z5,P1,1502.56,1302.53,1762.6,1790.2,2060.0,2118.3
2025-12-18,Z5,P1,1579.5,2199.91,1877.2,1886.6,2282.4,2301.8
2025-12-19,Z5,P1,1651.16,1582.96,1838.0,1864.6,2317.5,2426.8
2025-12-20,Z5,P1,697.13,848.52,833.7,750.3,1025.5,1173.1
2025-12-21,Z5,P1,594.42,659.68,636.9,547.2,783.6,937.1
2025-12-22,Z5,P1,940.88,1720.48,1092.3,1109.7,1938.9,2043.4
2025-12-23,Z5,P1,802.14,1435.5,921.5,1075.1,1667.1,1928.4
2025-12-24,Z5,P1,980.64,1502.56,745.3,1056.7,1791.7,1880.4
2025-12-25,Z5,P1,300.21,1579.5,802.1,1143.9,1916.8,2103.9
2025-12-26,Z5,P1,338.07,1651.16,934.5,1119.9,1888.4,2032.7
2025-12-27,Z5,P1,586.61,697.13,723.2,670.3,1082.8,1315.8
2025-12-28,Z5,P1,267.42,594.42,559.1,491.8,629.4,800.9
2025-12-29,Z5,P1,545.13,940.88,1065.9,1151.8,1799.0,1854.5
2025-12-30,Z5,P1,603.13,802.14,951.8,911.2,1525.2,1552.9
2025-12-31,Z5,P1,696.34,980.64,930.6,1020.9,1664.7,1765.2
2026-01-01,Z5,P1,191.12,300.21,666.3,667.5,1482.5,1579.1
2026-01-02,Z5,P1,1104.61,338.07,731.4,698.2,1475.2,1641.0
2026-01-03,Z5,P1,434.33,586.61,671.2,673.7,788.2,913.8
2026-01-04,Z5,P1,531.58,267.42,448.8,416.2,540.8,651.9
2026-01-05,Z5,P1,1280.02,545.13,1237.5,1220.4,1625.8,1797.5
2026-01-06,Z5,P1,1333.15,603.13,1158.3,1084.5,1544.5,1697.3
2026-01-07,Z5,P1,1239.79,696.34,1326.4,1245.8,1691.6,1829.9
2026-01-08,Z5,P1,1494.7,191.12,1313.4,1121.2,2012.7,2012.7
2026-01-09,Z5,P1,1844.07,1104.61,1460.7,1328.9,1876.1,1927.5
2026-01-10,Z5,P1,672.58,434.33,718.1,698.6,962.2,981.3
2026-01-11,Z5,P1,442.49,531.58,562.0,545.7,724.2,800.1
2026-01-12,Z5,P1,1577.08,1280.02,1478.9,1418.8,1851.6,1983.6
2026-01-13,Z5,P1,1695.42,1333.15,1456.6,1225.9,1839.1,1957.5
2026-01-14,Z5,P1,1432.46,1239.79,1465.2,1408.9,1853.0,1961.3
2026-01-15,Z5,P1,1424.39,1494.7,1418.2,1188.1,1782.7,2044.8
2026-01-16,Z5,P1,1286.28,1844.07,1591.8,1563.4,2129.0,2191.7
2026-01-17,Z5,P1,670.16,672.58,627.9,609.9,942.6,998.6
2026-01-18,Z5,P1,496.47,442.49,558.5,538.7,774.7,881.9
2026-01-19,Z5,P1,1298.24,1577.08,1524.3,1455.8,3286.7,3286.7
2026-01-20,Z5,P1,1299.76,1695.42,1608.9,1538.0,2050.6,2123.7
2026-01-21,Z5,P1,1607.21,1432.46,1450.5,1317.8,1769.0,1903.7
2026-01-22,Z5,P1,1244.64,1424.39,1473.9,1348.6,1824.2,1824.2
2026-01-23,Z5,P1,1337.13,1286.28,1533.7,1454.5,2074.6,2084.0
2026-01-24,Z5,P1,708.1,670.16,723.3,721.4,1005.3,1112.7
2026-01-25,Z5,P1,646.86,496.47,546.4,496.7,718.6,897.8
2026-01-26,Z5,P1,1486.21,1298.24,1502.9,1444.1,1821.8,1999.3
2026-01-27,Z5,P1,1676.36,1299.76,1467.0,1423.1,1966.9,2006.4
2026-01-28,Z5,P1,1292.71,1607.21,1498.8,1485.1,1976.6,2077.5
2026-01-29,Z5,P1,1030.36,1244.64,1414.3,1373.4,1737.6,1884.6
2026-01-30,Z5,P1,2305.75,1337.13,1541.7,1527.5,2005.8,2028.5
2026-01-31,Z5,P1,819.33,708.1,742.8,736.0,983.6,1105.9
2026-02-01,Z5,P1,953.69,646.86,584.8,528.5,813.9,993.1
2026-02-02,Z5,P1,1299.38,1486.21,1472.8,1504.7,1831.0,2065.0
2026-02-03,Z5,P1,1319.41,1676.36,1507.1,1470.6,2035.3,2193.8
2026-02-04,Z5,P1,1347.96,1292.71,1458.6,1473.7,1836.0,2028.6
2026-02-05,Z5,P1,1621.63,1030.36,1380.9,1353.9,1816.9,1933.6
2026-02-06,Z5,P1,1550.72,2305.75,1649.8,1642.0,2263.3,2632.5
2026-02-07,Z5,P1,604.61,819.33,792.6,801.3,1077.1,1134.3
2026-02-08,Z5,P1,386.81,953.69,651.5,725.0,931.7,1147.3
2026-02-09,Z5,P1,1630.88,1299.38,1520.0,1577.3,1873.1,2016.5
2026-02-10,Z5,P1,1544.39,1319.41,1580.3,1609.1,2005.5,2094.1
2026-02-11,Z5,P1,1588.65,1347.96,1476.3,1500.9,1853.3,2035.8
2026-02-12,Z5,P1,1299.97,1621.63,1414.7,1382.7,2006.0,2226.7
2026-02-13,Z5,P1,1718.63,1550.72,1616.2,1639.9,2134.1,2313.8
2026-02-14,Z5,P1,816.26,604.61,689.3,710.0,1015.9,1015.9
2026-02-15,Z5,P1,843.05,386.81,610.5,556.7,858.0,858.0
2026-02-16,Z5,P1,1153.49,1630.88,1412.4,1417.9,1975.9,2100.6
2026-02-17,Z5,P1,1241.63,1544.39,1438.3,1490.5,1896.7,2012.9
2026-02-18,Z5,P1,1470.34,1588.65,1522.5,1525.9,2020.3,2112.2
2026-02-19,Z5,P1,1158.3,1299.97,1381.5,1395.6,1777.8,1862.1
2026-02-20,Z5,P1,1786.26,1718.63,1580.3,1616.1,2097.4,2231.0
2026-02-21,Z5,P1,803.13,816.26,741.3,751.2,1081.4,1081.4
2026-02-22,Z5,P1,467.71,843.05,691.5,673.8,919.0,1013.8
2026-02-23,Z5,P1,2093.73,1153.49,1352.0,1325.8,1744.1,1970.6
2026-02-24,Z5,P1,1239.68,1241.63,1415.4,1410.8,1815.1,1991.4
2026-02-25,Z5,P1,1229.81,1470.34,1467.7,1515.5,2103.0,2107.5
2026-02-26,Z5,P1,1202.41,1158.3,1307.2,1259.7,1613.0,1864.5
2026-02-27,Z5,P1,1772.16,1786.26,1691.8,1698.9,2199.9,2432.5
2026-02-28,Z5,P1,728.9,803.13,771.5,800.0,1078.0,1133.6
2026-03-01,Z5,P1,717.73,467.71,665.2,605.5,885.6,976.5
2026-03-02,Z5,P1,1733.11,2093.73,1489.5,1476.9,2054.4,2229.9
2026-03-03,Z5,P1,1605.13,1239.68,1379.3,1366.9,1784.5,1928.0
2026-03-04,Z5,P1,1658.68,1229.81,1444.2,1499.3,1775.8,1954.9
2026-03-05,Z5,P1,1644.6,1202.41,1452.6,1422.9,1790.4,1980.6
2026-03-06,Z5,P1,1508.9,1772.16,1658.6,1583.2,2069.1,2223.1
2026-03-07,Z5,P1,781.77,728.9,762.5,762.9,1079.0,1179.7
2026-03-08,Z5,P1,761.16,717.73,577.3,538.9,849.1,1006.7
2026-03-09,Z5,P1,1200.44,1733.11,1649.9,1620.2,2058.3,2220.3
2026-03-10,Z5,P1,1266.09,1605.13,1525.5,1462.2,1971.3,2142.7
2026-03-11,Z5,P1,1661.29,1658.68,1514.9,1464.5,2024.3,2187.7
2026-03-12,Z5,P1,1242.49,1644.6,1442.3,1378.8,1944.9,2152.1
2026-03-13,Z5,P1,1480.52,1508.9,1632.2,1611.6,2052.6,2100.6
2026-03-14,Z5,P1,519.92,781.77,814.3,806.3,1166.1,1195.0
2026-03-15,Z5,P1,402.87,761.16,693.2,710.7,944.1,999.5
2026-03-16,Z5,P1,1565.74,1200.44,1497.9,1516.7,1911.4,2047.8
2026-03-17,Z5,P1,1423.6,1266.09,1487.0,1526.8,1792.2,1909.3
2026-03-18,Z5,P1,1487.94,1661.29,1602.1,1561.8,2014.7,2173.1
2026-03-19,Z5,P1,1661.48,1242.49,1421.3,1456.1,1724.6,1906.4
2026-03-20,Z5,P1,1697.2,1480.52,1651.3,1681.6,1890.3,2036.1
2026-03-21,Z5,P1,696.75,519.92,750.7,776.1,1082.9,1089.7
2026-03-22,Z5,P1,306.66,402.87,629.5,578.0,856.7,877.0
2026-03-23,Z5,P1,1891.69,1565.74,1562.5,1577.7,1992.6,2233.7
2026-03-24,Z5,P1,2061.84,1423.6,1480.5,1488.4,1787.3,2039.9
2026-03-25,Z5,P1,1151.72,1487.94,1564.3,1569.1,1965.0,2091.7
2026-03-26,Z5,P1,1264.78,1661.48,1513.1,1442.5,1990.2,2190.3
2026-03-27,Z5,P1,1599.69,1697.2,1696.7,1665.2,2046.6,2202.5
2026-03-28,Z5,P1,845.5,696.75,745.5,688.4,1020.6,1160.1
2026-03-29,Z5,P1,641.68,306.66,667.2,616.8,806.8,930.3
2026-03-30,Z5,P1,1715.96,1891.69,1652.5,1620.9,2020.7,2261.7
2026-03-31,Z5,P1,1951.71,2061.84,1610.0,1597.0,2054.5,2221.3
2026-04-01,Z5,P1,1559.03,1151.72,1548.9,1554.6,1857.3,2004.0
2026-04-02,Z5,P1,1343.49,1264.78,1608.4,1610.6,1974.4,2020.4
2026-04-03,Z5,P1,1464.56,1599.69,1633.3,1591.5,2062.8,2174.5
2026-04-04,Z5,P1,576.42,845.5,803.6,813.2,1092.6,1178.7
2026-04-05,Z5,P1,457.5,641.68,583.3,542.9,757.9,866.0
2026-04-06,Z5,P1,460.92,1715.96,1604.7,1615.0,2030.4,2226.2
2026-04-07,Z5,P1,1396.09,1951.71,1654.3,1649.6,2131.0,2266.8
2026-04-08,Z5,P1,1205.6,1559.03,1532.8,1526.8,1919.4,2095.6
2026-04-09,Z5,P1,1782.44,1343.49,1438.3,1458.1,1786.5,1978.1
2026-04-10,Z5,P1,1716.87,1464.56,1617.9,1640.0,1905.2,2052.1
2026-04-11,Z5,P1,723.02,576.42,728.3,729.0,1061.5,1069.5
2026-04-12,Z5,P1,527.94,457.5,506.2,464.8,714.7,840.2
2026-04-13,Z5,P1,1438.53,460.92,1217.5,1144.9,2015.3,2033.8
2026-04-14,Z5,P1,1454.98,1396.09,1598.0,1616.0,2002.0,2123.1
2026-04-15,Z5,P1,1204.74,1205.6,1483.9,1526.2,1842.7,2004.5
2026-04-16,Z5,P1,1337.13,1782.44,1549.4,1468.6,1999.7,2118.6
2026-04-17,Z5,P1,1386.45,1716.87,1662.8,1613.8,2072.0,2253.5
2026-04-18,Z5,P1,675.65,723.02,763.1,715.9,998.5,1178.0
2026-04-19,Z5,P1,522.26,527.94,488.6,461.7,649.7,753.3
2026-04-20,Z5,P1,1942.58,1438.53,1502.0,1385.2,1858.2,2060.8
2026-04-21,Z5,P1,1407.83,1454.98,1529.1,1585.2,1908.9,2137.7
2026-04-22,Z5,P1,1505.66,1204.74,1382.1,1391.8,1694.8,1938.6
2026-04-23,Z5,P1,1408.2,1337.13,1473.1,1446.1,2012.3,2040.9
2026-04-24,Z5,P1,1801.52,1386.45,1547.6,1544.2,2016.3,2132.7
2026-04-25,Z5,P1,715.96,675.65,666.6,700.8,1030.9,1123.0
2026-04-26,Z5,P1,433.71,522.26,566.2,529.2,772.3,958.5
2026-04-27,Z5,P1,419.16,1942.58,1411.8,1441.8,2020.9,2230.1
2026-04-28,Z5,P1,1187.26,1407.83,1400.7,1461.0,1842.6,2039.2
2026-04-29,Z5,P1,1704.12,1505.66,1357.5,1397.7,1839.2,2042.5
2026-04-30,Z5,P1,1526.71,1408.2,1383.1,1452.9,1819.8,2027.9
2025-10-01,Z5,P2,204.51,72.99,177.1,150.0,325.9,348.4
2025-10-02,Z5,P2,285.28,196.07,174.9,164.7,304.0,331.4
2025-10-03,Z5,P2,243.76,201.48,218.9,213.5,391.0,407.3
2025-10-04,Z5,P2,313.04,250.98,202.7,192.4,319.5,353.2
2025-10-05,Z5,P2,73.18,233.22,157.9,136.4,259.1,300.3
2025-10-06,Z5,P2,134.91,230.8,167.0,155.7,283.8,308.9
2025-10-07,Z5,P2,198.66,246.12,182.0,174.3,317.9,343.5
2025-10-08,Z5,P2,154.24,204.51,171.0,158.9,287.0,303.6
2025-10-09,Z5,P2,170.44,285.28,185.5,184.5,351.9,376.7
2025-10-10,Z5,P2,132.05,243.76,221.8,225.4,374.5,397.0
2025-10-11,Z5,P2,257.08,313.04,217.8,219.6,337.2,368.1
2025-10-12,Z5,P2,323.84,73.18,162.6,165.0,274.8,308.0
2025-10-13,Z5,P2,267.97,134.91,188.8,187.1,308.3,338.9
2025-10-14,Z5,P2,234.4,198.66,206.0,212.9,357.8,377.4
2025-10-15,Z5,P2,111.67,154.24,190.8,182.3,327.1,368.9
2025-10-16,Z5,P2,102.86,170.44,201.6,198.3,329.4,354.7
2025-10-17,Z5,P2,180.13,132.05,238.5,225.6,361.8,375.1
2025-10-18,Z5,P2,221.75,257.08,216.2,219.4,350.7,375.9
2025-10-19,Z5,P2,200.93,323.84,182.1,189.9,284.0,316.6
2025-10-20,Z5,P2,115.99,267.97,196.6,190.9,327.6,355.1
2025-10-21,Z5,P2,261.08,234.4,194.5,195.9,324.0,363.8
2025-10-22,Z5,P2,235.67,111.67,193.4,188.6,318.1,342.8
2025-10-23,Z5,P2,177.37,102.86,205.9,212.8,355.4,381.7
2025-10-24,Z5,P2,211.47,180.13,221.9,221.2,340.9,370.0
2025-10-25,Z5,P2,193.61,221.75,215.2,218.6,334.4,378.8
2025-10-26,Z5,P2,172.37,200.93,205.6,213.0,314.8,345.4
2025-10-27,Z5,P2,136.84,115.99,198.6,199.2,316.0,364.3
2025-10-28,Z5,P2,293.16,261.08,198.7,198.0,337.7,363.4
2025-10-29,Z5,P2,195.12,235.67,197.4,204.8,315.7,356.0
2025-10-30,Z5,P2,216.07,177.37,199.4,206.2,313.8,362.2
2025-10-31,Z5,P2,81.05,211.47,206.5,210.0,321.8,356.7
2025-11-01,Z5,P2,160.43,193.61,221.2,221.0,333.5,368.8
2025-11-02,Z5,P2,133.06,172.37,200.8,198.1,312.4,348.0
2025-11-03,Z5,P2,280.88,136.84,177.2,186.7,277.4,325.4
2025-11-04,Z5,P2,166.25,293.16,197.7,201.1,328.1,346.7
2025-11-05,Z5,P2,186.05,195.12,191.5,193.7,301.2,336.6
2025-11-06,Z5,P2,198.75,216.07,201.0,212.3,328.2,361.2
2025-11-07,Z5,P2,260.59,81.05,196.9,187.0,306.7,334.7
2025-11-08,Z5,P2,228.43,160.43,198.6,192.1,313.6,326.5
2025-11-09,Z5,P2,147.8,133.06,199.2,187.8,299.0,308.0
2025-11-10,Z5,P2,138.51,280.88,178.5,178.8,330.2,362.1
2025-11-11,Z5,P2,181.21,166.25,198.1,196.2,340.4,356.8
2025-11-12,Z5,P2,231.54,186.05,185.8,184.0,304.6,322.5
2025-11-13,Z5,P2,273.22,198.75,198.9,204.9,303.3,330.7
2025-11-14,Z5,P2,125.03,260.59,213.5,216.9,355.3,382.7
2025-11-15,Z5,P2,175.48,228.43,215.3,224.4,337.7,368.7
2025-11-16,Z5,P2,60.97,147.8,180.0,183.0,273.9,308.3
2025-11-17,Z5,P2,214.87,138.51,173.0,158.7,284.8,311.0
2025-11-18,Z5,P2,186.43,181.21,182.1,182.1,317.3,326.3
2025-11-19,Z5,P2,214.64,231.54,186.4,175.5,298.9,328.5
2025-11-20,Z5,P2,234.31,273.22,196.9,205.9,328.0,356.1
2025-11-21,Z5,P2,205.37,125.03,196.8,175.6,309.3,349.7
2025-11-22,Z5,P2,182.54,175.48,215.6,208.4,323.1,347.5
2025-11-23,Z5,P2,53.27,60.97,171.0,155.7,263.8,304.1
2025-11-24,Z5,P2,182.84,214.87,185.0,167.8,302.2,320.9
2025-11-25,Z5,P2,304.81,186.43,179.7,174.4,303.1,316.5
2025-11-26,Z5,P2,276.88,214.64,190.7,178.7,300.3,310.0
2025-11-27,Z5,P2,221.8,234.31,200.6,196.5,335.9,368.5
2025-11-28,Z5,P2,317.87,205.37,202.7,181.4,281.8,305.7
2025-11-29,Z5,P2,174.4,182.54,201.8,197.8,308.4,324.7
2025-11-30,Z5,P2,174.53,53.27,142.5,140.1,223.4,245.5
2025-12-01,Z5,P2,123.53,182.84,179.3,173.6,306.1,318.9
2025-12-02,Z5,P2,207.75,304.81,181.0,173.7,305.4,330.6
2025-12-03,Z5,P2,264.81,276.88,187.9,171.0,310.4,329.5
2025-12-04,Z5,P2,214.04,221.8,193.2,185.3,316.9,335.7
2025-12-05,Z5,P2,106.2,317.87,212.5,213.6,347.5,375.1
2025-12-06,Z5,P2,83.22,174.4,209.5,218.1,330.1,364.4
2025-12-07,Z5,P2,72.53,174.53,161.3,175.6,252.0,289.4
2025-12-08,Z5,P2,165.68,123.53,183.2,182.8,305.2,333.9
2025-12-09,Z5,P2,168.57,207.75,198.0,201.6,328.4,329.2
2025-12-10,Z5,P2,184.52,264.81,202.8,203.5,341.8,357.1
2025-12-11,Z5,P2,178.74,214.04,216.3,214.0,353.0,365.3
2025-12-12,Z5,P2,233.13,106.2,198.5,194.8,304.7,333.1
2025-12-13,Z5,P2,175.12,83.22,189.0,176.3,293.9,311.1
2025-12-14,Z5,P2,165.81,72.53,145.6,141.9,226.3,275.7
2025-12-15,Z5,P2,171.16,165.68,171.3,165.4,277.9,306.2
2025-12-16,Z5,P2,59.83,168.57,181.5,172.6,313.5,322.5
2025-12-17,Z5,P2,192.57,184.52,190.7,184.9,319.1,322.1
2025-12-18,Z5,P2,408.2,178.74,193.8,203.9,317.7,373.2
2025-12-19,Z5,P2,344.89,233.13,191.8,180.7,307.6,326.8
2025-12-20,Z5,P2,258.68,175.12,159.7,142.0,228.5,258.6
2025-12-21,Z5,P2,82.55,165.81,138.8,120.1,202.8,228.8
2025-12-22,Z5,P2,223.82,171.16,167.2,152.5,278.7,278.7
2025-12-23,Z5,P2,303.44,59.83,161.5,132.3,266.2,266.2
2025-12-24,Z5,P2,188.34,192.57,140.7,142.6,248.1,264.0
2025-12-25,Z5,P2,114.02,408.2,152.6,160.0,290.7,326.8
2025-12-26,Z5,P2,78.2,344.89,168.1,161.5,298.8,340.0
2025-12-27,Z5,P2,110.96,258.68,154.0,157.5,267.8,318.2
2025-12-28,Z5,P2,77.57,82.55,132.4,139.1,202.7,258.4
2025-12-29,Z5,P2,206.71,223.82,177.6,179.9,301.8,304.3
2025-12-30,Z5,P2,188.47,303.44,179.0,174.7,314.2,317.4
2025-12-31,Z5,P2,218.37,188.34,160.7,164.2,278.5,295.3
2026-01-01,Z5,P2,136.76,114.02,128.6,154.3,200.9,286.6
2026-01-02,Z5,P2,107.17,78.2,142.8,147.0,209.2,246.9
2026-01-03,Z5,P2,267.39,110.96,136.1,128.2,263.6,263.6
2026-01-04,Z5,P2,113.84,77.57,121.2,106.8,171.2,187.7
2026-01-05,Z5,P2,217.92,206.71,172.0,159.2,268.7,292.2
2026-01-06,Z5,P2,194.55,188.47,157.9,139.5,271.5,274.7
2026-01-07,Z5,P2,242.87,218.37,174.7,155.6,291.3,291.3
2026-01-08,Z5,P2,185.4,136.76,186.6,187.6,301.6,314.8
2026-01-09,Z5,P2,138.77,107.17,190.1,186.6,301.6,320.8
2026-01-10,Z5,P2,180.86,267.39,192.8,186.8,292.2,298.3
2026-01-11,Z5,P2,89.08,113.84,135.8,137.1,203.1,219.6
2026-01-12,Z5,P2,138.18,217.92,181.7,186.2,280.2,297.5
2026-01-13,Z5,P2,206.24,194.55,178.8,170.9,277.6,282.5
2026-01-14,Z5,P2,201.77,242.87,189.0,185.0,301.5,316.6
2026-01-15,Z5,P2,142.67,185.4,207.0,207.1,308.2,319.6
2026-01-16,Z5,P2,121.67,138.77,184.6,172.6,279.0,286.2
2026-01-17,Z5,P2,281.24,180.86,194.5,184.3,298.6,312.1
2026-01-18,Z5,P2,193.18,89.08,134.6,140.1,192.3,216.0
2026-01-19,Z5,P2,356.12,138.18,177.5,163.9,292.1,300.3
2026-01-20,Z5,P2,159.48,206.24,197.4,186.4,316.9,327.2
2026-01-21,Z5,P2,99.39,201.77,186.1,178.4,289.1,307.0
2026-01-22,Z5,P2,210.61,142.67,177.0,172.1,285.5,296.4
2026-01-23,Z5,P2,220.97,121.67,176.4,169.5,273.4,297.2
2026-01-24,Z5,P2,261.7,281.24,192.5,186.9,295.8,308.9
2026-01-25,Z5,P2,14.9,193.18,152.3,150.6,228.8,247.9
2026-01-26,Z5,P2,175.73,356.12,174.7,170.2,300.6,348.7
2026-01-27,Z5,P2,142.94,159.48,177.7,175.9,288.0,308.3
2026-01-28,Z5,P2,331.13,99.39,178.5,165.6,289.2,303.5
2026-01-29,Z5,P2,204.72,210.61,171.1,173.0,273.6,290.5
2026-01-30,Z5,P2,124.46,220.97,189.0,180.1,266.0,282.2
2026-01-31,Z5,P2,212.44,261.7,198.4,182.0,323.0,333.3
2026-02-01,Z5,P2,73.52,14.9,152.3,136.2,254.2,275.1
2026-02-02,Z5,P2,214.78,175.73,181.1,175.7,307.2,326.7
2026-02-03,Z5,P2,251.77,142.94,172.5,161.6,277.6,299.3
2026-02-04,Z5,P2,103.23,331.13,181.6,171.6,305.1,342.3
2026-02-05,Z5,P2,204.41,204.72,188.6,176.8,286.6,313.7
2026-02-06,Z5,P2,218.56,124.46,201.7,184.8,313.6,324.4
2026-02-07,Z5,P2,230.86,212.44,192.9,184.1,293.9,321.4
2026-02-08,Z5,P2,219.11,73.52,151.5,150.9,237.9,237.9
2026-02-09,Z5,P2,265.96,214.78,168.6,169.8,279.5,312.2
2026-02-10,Z5,P2,133.45,251.77,169.9,162.0,277.8,319.8
2026-02-11,Z5,P2,107.58,103.23,175.1,166.1,294.6,316.5
2026-02-12,Z5,P2,167.23,204.41,187.9,176.0,306.0,319.8
2026-02-13,Z5,P2,56.79,218.56,197.1,192.5,290.5,303.6
2026-02-14,Z5,P2,185.36,230.86,183.7,164.1,312.2,348.6
2026-02-15,Z5,P2,50.5,219.11,157.5,148.3,217.1,251.4
2026-02-16,Z5,P2,239.98,265.96,198.8,204.1,341.9,352.8
2026-02-17,Z5,P2,94.1,133.45,188.8,176.4,308.3,333.9
2026-02-18,Z5,P2,283.24,107.58,185.4,171.7,280.6,299.5
2026-02-19,Z5,P2,146.78,167.23,189.0,177.6,289.7,327.1
2026-02-20,Z5,P2,275.36,56.79,201.6,183.7,295.5,320.1
2026-02-21,Z5,P2,148.91,185.36,201.2,186.5,296.4,320.7
2026-02-22,Z5,P2,281.51,50.5,137.8,137.1,232.7,276.0
2026-02-23,Z5,P2,61.14,239.98,191.3,187.0,318.0,344.4
2026-02-24,Z5,P2,165.31,94.1,176.8,169.5,273.1,302.1
2026-02-25,Z5,P2,250.48,283.24,183.6,179.3,320.0,337.8
2026-02-26,Z5,P2,293.06,146.78,183.1,175.7,290.8,336.0
2026-02-27,Z5,P2,132.96,275.36,189.5,185.8,287.7,309.9
2026-02-28,Z5,P2,253.59,148.91,196.3,183.9,319.6,350.3
2026-03-01,Z5,P2,103.28,281.51,168.5,147.5,270.0,281.0
2026-03-02,Z5,P2,255.02,61.14,209.0,194.2,323.7,359.9
2026-03-03,Z5,P2,86.16,165.31,178.3,174.8,289.8,318.5
2026-03-04,Z5,P2,25.3,250.48,183.3,171.9,292.8,322.7
2026-03-05,Z5,P2,161.44,293.06,189.3,174.7,308.0,344.0
2026-03-06,Z5,P2,208.27,132.96,202.6,184.7,292.8,347.1
2026-03-07,Z5,P2,166.0,253.59,208.3,193.2,305.3,348.3
2026-03-08,Z5,P2,115.36,103.28,184.2,160.2,266.1,328.3
2026-03-09,Z5,P2,239.25,255.02,190.7,184.1,297.2,336.5
2026-03-10,Z5,P2,190.34,86.16,168.1,160.6,266.8,309.0
2026-03-11,Z5,P2,118.92,25.3,187.1,167.6,302.7,333.6
2026-03-12,Z5,P2,108.67,161.44,185.1,176.6,295.8,333.4
2026-03-13,Z5,P2,210.67,208.27,190.8,185.4,277.7,298.1
2026-03-14,Z5,P2,145.11,166.0,197.8,186.5,310.5,353.6
2026-03-15,Z5,P2,161.5,115.36,169.2,162.4,271.2,289.7
2026-03-16,Z5,P2,73.94,239.25,199.9,185.8,324.6,363.3
2026-03-17,Z5,P2,105.56,190.34,185.4,177.2,269.7,298.1
2026-03-18,Z5,P2,104.91,118.92,194.8,193.8,301.6,315.1
2026-03-19,Z5,P2,145.88,108.67,219.0,191.8,355.7,372.5
2026-03-20,Z5,P2,129.21,210.67,209.0,198.1,316.5,343.8
2026-03-21,Z5,P2,109.56,145.11,194.5,187.7,295.2,334.8
2026-03-22,Z5,P2,83.44,161.5,171.4,167.2,253.1,291.2
2026-03-23,Z5,P2,127.9,73.94,185.9,181.7,268.3,314.8
2026-03-24,Z5,P2,106.47,105.56,187.0,184.6,288.8,321.0
2026-03-25,Z5,P2,114.73,104.91,188.3,184.7,284.0,307.3
2026-03-26,Z5,P2,196.46,145.88,223.3,230.2,321.2,371.7
2026-03-27,Z5,P2,208.35,129.21,203.5,189.2,295.9,331.6
2026-03-28,Z5,P2,135.5,109.56,194.7,187.0,278.2,318.7
2026-03-29,Z5,P2,328.71,83.44,185.6,166.1,277.8,306.1
2026-03-30,Z5,P2,148.35,127.9,203.3,181.5,322.2,332.6
2026-03-31,Z5,P2,183.42,106.47,176.3,168.4,266.2,284.9
2026-04-01,Z5,P2,69.39,114.73,165.9,152.4,257.9,258.1
2026-04-02,Z5,P2,135.86,196.46,184.1,177.1,295.7,326.8
2026-04-03,Z5,P2,76.03,208.35,200.5,191.4,319.6,320.8
2026-04-04,Z5,P2,160.16,135.5,187.4,174.5,274.1,293.8
2026-04-05,Z5,P2,27.87,328.71,189.0,172.6,291.9,344.6
2026-04-06,Z5,P2,200.2,148.35,186.3,168.4,293.1,314.1
2026-04-07,Z5,P2,203.83,183.42,155.5,153.1,262.1,291.3
2026-04-08,Z5,P2,87.69,69.39,166.9,170.3,263.5,287.3
2026-04-09,Z5,P2,116.96,135.86,182.0,173.8,283.6,308.3
2026-04-10,Z5,P2,90.17,76.03,205.1,181.4,395.8,395.8
2026-04-11,Z5,P2,280.09,160.16,168.0,160.1,254.9,287.5
2026-04-12,Z5,P2,246.93,27.87,161.0,138.1,286.8,314.6
2026-04-13,Z5,P2,340.06,200.2,153.5,148.1,256.8,290.2
2026-04-14,Z5,P2,171.62,203.83,150.6,150.2,267.0,291.3
2026-04-15,Z5,P2,51.59,87.69,149.0,146.3,263.0,289.5
2026-04-16,Z5,P2,194.52,116.96,157.1,154.2,256.3,288.7
2026-04-17,Z5,P2,58.74,90.17,214.9,206.5,311.8,342.9
2026-04-18,Z5,P2,62.12,280.09,170.2,162.1,292.0,318.0
2026-04-19,Z5,P2,256.58,246.93,161.3,158.5,279.2,301.4
2026-04-20,Z5,P2,171.25,340.06,188.1,170.2,304.7,363.5
2026-04-21,Z5,P2,125.64,171.62,188.6,175.6,315.5,333.8
2026-04-22,Z5,P2,44.28,51.59,156.7,149.0,241.9,266.9
2026-04-23,Z5,P2,288.01,194.52,174.3,166.3,296.1,324.7
2026-04-24,Z5,P2,214.44,58.74,189.1,179.0,280.0,313.5
2026-04-25,Z5,P2,259.61,62.12,156.0,130.2,283.2,309.7
2026-04-26,Z5,P2,103.18,256.58,155.4,113.7,282.4,344.0
2026-04-27,Z5,P2,152.74,171.25,187.4,156.0,331.8,352.8
2026-04-28,Z5,P2,233.0,125.64,163.8,136.9,302.7,324.7
2026-04-29,Z5,P2,166.06,44.28,139.2,108.3,229.4,265.2
2026-04-30,Z5,P2,118.51,288.01,151.6,142.5,303.7,321.3
2025-10-01,Z5,P3,1747.97,1344.5,1393.3,1409.5,1720.2,1895.6
2025-10-02,Z5,P3,1505.7,1975.57,1653.5,1688.3,2041.4,2163.0
2025-10-03,Z5,P3,1389.02,1571.44,1724.1,1724.8,2059.1,2072.7
2025-10-04,Z5,P3,1192.99,2025.27,1586.4,1599.7,1997.9,2088.6
2025-10-05,Z5,P3,1231.76,1343.83,1122.4,1101.2,1391.3,1504.2
2025-10-06,Z5,P3,1332.7,1368.15,1514.6,1524.1,1778.1,1903.5
2025-10-07,Z5,P3,1184.39,2346.11,1806.9,1714.8,2248.7,2525.9
2025-10-08,Z5,P3,971.57,1747.97,1602.0,1596.2,1977.1,2088.1
2025-10-09,Z5,P3,1636.94,1505.7,1628.9,1653.2,1990.9,2063.4
2025-10-10,Z5,P3,1758.84,1389.02,1723.9,1666.7,1875.8,1997.7
2025-10-11,Z5,P3,1383.75,1192.99,1531.0,1564.2,1919.9,2006.7
2025-10-12,Z5,P3,1213.59,1231.76,1162.8,1159.5,1453.7,1547.9
2025-10-13,Z5,P3,1504.98,1332.7,1543.7,1504.1,1765.4,1946.6
2025-10-14,Z5,P3,1648.12,1184.39,1577.9,1614.5,2134.4,2134.4
2025-10-15,Z5,P3,1585.6,971.57,1442.9,1374.4,1870.6,1989.6
2025-10-16,Z5,P3,1534.32,1636.94,1659.6,1695.1,2011.6,2077.2
2025-10-17,Z5,P3,1716.34,1758.84,1704.2,1713.8,2082.0,2114.8
2025-10-18,Z5,P3,1728.09,1383.75,1426.9,1399.4,2075.9,2075.9
2025-10-19,Z5,P3,1405.16,1213.59,1192.6,1177.5,1424.8,1616.0
2025-10-20,Z5,P3,1458.16,1504.98,1571.4,1560.2,1824.3,1948.5
2025-10-21,Z5,P3,1311.13,1648.12,1632.0,1629.5,2008.9,2139.8
2025-10-22,Z5,P3,1556.35,1585.6,1442.1,1386.8,1849.9,1927.2
2025-10-23,Z5,P3,1974.94,1534.32,1683.5,1663.0,1884.0,2063.2
2025-10-24,Z5,P3,2108.31,1716.34,1657.7,1645.7,2039.0,2157.8
2025-10-25,Z5,P3,1412.74,1728.09,1599.5,1458.8,1973.1,1973.1
2025-10-26,Z5,P3,1245.71,1405.16,1226.8,1239.8,1486.7,1670.3
2025-10-27,Z5,P3,1603.04,1458.16,1520.3,1546.8,1889.7,1938.2
2025-10-28,Z5,P3,1227.33,1311.13,1578.4,1521.8,1921.4,2185.9
2025-10-29,Z5,P3,1808.12,1556.35,1576.4,1527.4,1824.6,1985.7
2025-10-30,Z5,P3,1891.73,1974.94,1656.3,1659.8,2037.4,2156.2
2025-10-31,Z5,P3,1866.7,2108.31,1728.1,1789.7,2111.4,2215.4
2025-11-01,Z5,P3,1491.96,1412.74,1437.2,1409.6,1889.9,1941.3
2025-11-02,Z5,P3,930.16,1245.71,1194.5,1233.8,1514.2,1602.3
2025-11-03,Z5,P3,1524.69,1603.04,1568.0,1604.1,1924.2,2008.4
2025-11-04,Z5,P3,1544.56,1227.33,1426.1,1423.8,1679.5,1828.3
2025-11-05,Z5,P3,1709.54,1808.12,1622.4,1627.6,1970.2,2060.1
2025-11-06,Z5,P3,1483.84,1891.73,1732.2,1752.7,2091.5,2185.7
2025-11-07,Z5,P3,1988.19,1866.7,1834.0,1843.7,2110.8,2155.8
2025-11-08,Z5,P3,1589.98,1491.96,1459.3,1530.4,1766.6,1875.0
2025-11-09,Z5,P3,1146.84,930.16,1119.3,1166.3,1452.1,1602.3
2025-11-10,Z5,P3,1741.82,1524.69,1520.0,1550.2,1813.8,1967.8
2025-11-11,Z5,P3,1971.7,1544.56,1489.9,1495.5,1817.1,1903.9
2025-11-12,Z5,P3,1540.87,1709.54,1644.3,1707.6,2013.4,2135.5
2025-11-13,Z5,P3,1803.58,1483.84,1644.2,1684.5,1988.2,2011.5
2025-11-14,Z5,P3,1817.72,1988.19,1819.0,1898.5,2114.7,2183.2
2025-11-15,Z5,P3,1385.92,1589.98,1533.5,1585.9,1922.9,2011.1
2025-11-16,Z5,P3,1176.16,1146.84,1154.2,1131.8,1433.9,1532.8
2025-11-17,Z5,P3,1564.08,1741.82,1601.3,1648.9,1987.0,2051.4
2025-11-18,Z5,P3,2123.43,1971.7,1603.8,1675.5,1971.1,2105.6
2025-11-19,Z5,P3,1780.02,1540.87,1568.1,1584.5,1950.8,1998.2
2025-11-20,Z5,P3,2073.59,1803.58,1717.0,1771.3,2049.3,2146.8
2025-11-21,Z5,P3,2114.74,1817.72,1836.4,1824.4,2121.9,2238.0
2025-11-22,Z5,P3,1254.81,1385.92,1484.2,1501.1,1756.0,1925.8
2025-11-23,Z5,P3,1120.67,1176.16,1136.0,1117.0,1447.2,1556.3
2025-11-24,Z5,P3,2402.84,1564.08,1607.5,1598.1,1979.8,2054.2
2025-11-25,Z5,P3,2177.38,2123.43,1737.1,1834.6,2069.5,2156.1
2025-11-26,Z5,P3,2004.94,1780.02,1651.4,1670.3,2006.8,2083.6
2025-11-27,Z5,P3,1785.53,2073.59,1669.3,1754.2,2103.5,2210.6
2025-11-28,Z5,P3,1189.65,2114.74,1780.5,1822.3,2157.9,2203.0
2025-11-29,Z5,P3,1585.07,1254.81,1399.8,1415.6,1713.8,1747.1
2025-11-30,Z5,P3,1232.21,1120.67,1112.9,1122.0,1365.4,1588.8
2025-12-01,Z5,P3,1614.03,2402.84,1797.0,1713.2,2313.5,2619.3
2025-12-02,Z5,P3,1633.39,2177.38,1809.8,1803.9,2233.8,2233.8
2025-12-03,Z5,P3,1591.5,2004.94,1649.6,1684.8,2054.2,2196.4
2025-12-04,Z5,P3,1815.6,1785.53,1711.1,1739.3,2043.7,2147.7
2025-12-05,Z5,P3,1489.61,1189.65,1707.1,1747.1,2061.0,2065.2
2025-12-06,Z5,P3,1374.45,1585.07,1427.8,1482.9,1822.9,1873.4
2025-12-07,Z5,P3,932.97,1232.21,1118.9,1148.1,1367.7,1530.1
2025-12-08,Z5,P3,1316.93,1614.03,1724.0,1741.9,2204.6,2358.1
2025-12-09,Z5,P3,1857.71,1633.39,1818.4,1821.6,2137.4,2206.3
2025-12-10,Z5,P3,1580.76,1591.5,1707.9,1702.0,2048.8,2124.2
2025-12-11,Z5,P3,1528.85,1815.6,1702.7,1737.4,2070.3,2163.6
2025-12-12,Z5,P3,1644.34,1489.61,1674.7,1730.4,1868.4,1998.3
2025-12-13,Z5,P3,1564.35,1374.45,1463.4,1480.4,1695.1,1843.8
2025-12-14,Z5,P3,1078.82,932.97,1105.6,1119.6,1397.0,1646.4
2025-12-15,Z5,P3,1730.64,1316.93,1606.6,1615.9,1823.3,2082.6
2025-12-16,Z5,P3,2184.17,1857.71,1739.0,1750.8,2081.8,2230.5
2025-12-17,Z5,P3,1805.85,1580.76,1637.1,1646.3,1914.8,2030.5
2025-12-18,Z5,P3,1395.53,1528.85,1759.0,1802.4,2053.4,2177.0
2025-12-19,Z5,P3,1875.95,1644.34,1819.0,1819.0,2066.4,2235.2
2025-12-20,Z5,P3,1425.18,1564.35,1372.3,1383.1,1627.9,1734.4
2025-12-21,Z5,P3,681.25,1078.82,1036.5,1028.8,1140.9,1428.8
2025-12-22,Z5,P3,1009.09,1730.64,1284.1,1226.5,2017.2,2046.6
2025-12-23,Z5,P3,1211.34,2184.17,1302.9,1246.7,2056.5,2114.8
2025-12-24,Z5,P3,972.76,1805.85,1048.9,1141.3,1862.5,1971.6
2025-12-25,Z5,P3,679.77,1395.53,1054.0,1203.5,1630.6,1738.4
2025-12-26,Z5,P3,1066.3,1875.95,1100.6,1201.5,1945.9,1988.7
2025-12-27,Z5,P3,1126.45,1425.18,1110.5,1098.7,1570.8,1727.1
2025-12-28,Z5,P3,769.64,681.25,801.3,737.4,937.7,1189.9
2025-12-29,Z5,P3,1264.76,1009.09,1176.8,1200.9,1759.3,1815.0
2025-12-30,Z5,P3,724.21,1211.34,1337.6,1366.3,1806.2,1842.7
2025-12-31,Z5,P3,879.17,972.76,1106.7,1196.7,1709.6,1779.0
2026-01-01,Z5,P3,559.8,679.77,1069.8,1106.7,1401.1,1546.1
2026-01-02,Z5,P3,1119.14,1066.3,1377.3,1404.8,1706.9,1790.2
2026-01-03,Z5,P3,498.91,1126.45,1243.8,1279.3,1409.2,1568.0
2026-01-04,Z5,P3,924.77,769.64,840.9,820.7,875.4,1158.2
2026-01-05,Z5,P3,1116.59,1264.76,1464.8,1418.1,1769.1,1882.0
2026-01-06,Z5,P3,959.22,724.21,1340.4,1329.6,1673.7,1803.6
2026-01-07,Z5,P3,759.2,879.17,1320.5,1260.8,1679.3,1772.5
2026-01-08,Z5,P3,1334.21,559.8,1284.5,1156.6,1675.8,1719.0
2026-01-09,Z5,P3,1429.04,1119.14,1510.2,1443.2,1824.1,1926.5
2026-01-10,Z5,P3,759.09,498.91,1124.0,1031.6,1551.1,1582.8
2026-01-11,Z5,P3,826.84,924.77,915.5,954.8,1145.7,1286.2
2026-01-12,Z5,P3,1176.55,1116.59,1405.2,1404.1,1736.5,1872.5
2026-01-13,Z5,P3,1767.39,959.22,1459.2,1413.9,1850.9,2052.6
2026-01-14,Z5,P3,1618.23,759.2,1293.7,1225.8,1682.1,1864.8
2026-01-15,Z5,P3,1212.52,1334.21,1354.1,1139.6,1668.9,1838.6
2026-01-16,Z5,P3,1542.94,1429.04,1538.1,1455.4,1803.9,1902.1
2026-01-17,Z5,P3,974.02,759.09,948.9,904.7,1308.0,1406.0
2026-01-18,Z5,P3,1004.54,826.84,876.4,893.8,1074.3,1149.8
2026-01-19,Z5,P3,1169.6,1176.55,1318.1,1304.7,1680.7,1848.3
2026-01-20,Z5,P3,1621.9,1767.39,1538.4,1389.5,1907.4,2044.6
2026-01-21,Z5,P3,1581.16,1618.23,1392.0,1337.7,1782.4,2039.3
2026-01-22,Z5,P3,1471.49,1212.52,1344.1,1311.8,1607.4,1785.1
2026-01-23,Z5,P3,941.36,1542.94,1397.1,1367.8,1702.9,1702.9
2026-01-24,Z5,P3,1364.04,974.02,1013.1,1017.5,1381.1,1546.6
2026-01-25,Z5,P3,757.71,1004.54,961.0,969.2,1230.7,1421.0
2026-01-26,Z5,P3,1491.95,1169.6,1301.5,1298.3,1647.4,1818.9
2026-01-27,Z5,P3,1409.66,1621.9,1547.5,1449.0,1858.2,2074.7
2026-01-28,Z5,P3,1255.65,1581.16,1437.3,1283.7,1751.1,2006.3
2026-01-29,Z5,P3,1376.36,1471.49,1382.7,1304.4,1701.4,1857.3
2026-01-30,Z5,P3,1535.8,941.36,1359.7,1322.3,1726.8,1925.5
2026-01-31,Z5,P3,1087.14,1364.04,1130.9,993.7,1531.8,1611.1
2026-02-01,Z5,P3,833.72,757.71,897.9,856.9,1102.9,1253.1
2026-02-02,Z5,P3,1738.54,1491.95,1331.2,1313.6,1664.7,1806.5
2026-02-03,Z5,P3,1064.99,1409.66,1487.3,1441.3,1779.6,2015.7
2026-02-04,Z5,P3,1166.99,1255.65,1448.3,1434.4,1747.9,1919.1
2026-02-05,Z5,P3,998.04,1376.36,1460.7,1433.4,1703.5,1903.1
2026-02-06,Z5,P3,1316.68,1535.8,1391.6,1317.6,1819.0,1925.4
2026-02-07,Z5,P3,1228.5,1087.14,1221.1,1170.7,1524.7,1648.1
2026-02-08,Z5,P3,1284.16,833.72,881.4,897.2,1122.6,1276.7
2026-02-09,Z5,P3,1451.81,1738.54,1516.8,1480.2,1913.7,2007.6
2026-02-10,Z5,P3,1165.45,1064.99,1463.9,1491.1,1758.4,1870.1
2026-02-11,Z5,P3,1279.88,1166.99,1439.7,1426.9,1755.5,1879.8
2026-02-12,Z5,P3,1162.66,998.04,1293.4,1218.5,1695.7,1872.8
2026-02-13,Z5,P3,1499.53,1316.68,1453.2,1446.6,1727.6,1831.3
2026-02-14,Z5,P3,1058.64,1228.5,1203.9,1239.3,1642.3,1762.2
2026-02-15,Z5,P3,947.89,1284.16,986.7,965.5,1377.0,1390.8
2026-02-16,Z5,P3,922.04,1451.81,1494.1,1451.8,1936.6,1936.6
2026-02-17,Z5,P3,1299.86,1165.45,1378.0,1319.1,1681.7,1876.3
2026-02-18,Z5,P3,1237.02,1279.88,1338.0,1348.6,1670.2,1837.7
2026-02-19,Z5,P3,855.57,1162.66,1273.4,1205.2,1649.7,1845.2
2026-02-20,Z5,P3,1402.53,1499.53,1411.1,1400.3,1707.4,1783.3
2026-02-21,Z5,P3,814.25,1058.64,1189.1,1157.7,1515.4,1613.5
2026-02-22,Z5,P3,1238.83,947.89,989.4,974.8,1230.2,1365.7
2026-02-23,Z5,P3,1264.17,922.04,1369.2,1357.3,1703.9,1876.2
2026-02-24,Z5,P3,1418.42,1299.86,1242.8,1250.4,1586.8,1796.7
2026-02-25,Z5,P3,1301.21,1237.02,1262.8,1283.5,1548.9,1772.6
2026-02-26,Z5,P3,1444.17,855.57,1120.1,1110.3,1518.9,1724.5
2026-02-27,Z5,P3,1590.07,1402.53,1462.9,1438.5,1765.6,1867.3
2026-02-28,Z5,P3,1257.76,814.25,1044.1,1014.9,1293.6,1499.0
2026-03-01,Z5,P3,746.57,1238.83,1048.3,1056.0,1401.2,1496.6
2026-03-02,Z5,P3,1611.11,1264.17,1259.3,1261.9,1690.9,1785.8
2026-03-03,Z5,P3,1723.97,1418.42,1287.1,1253.0,1547.0,1714.1
2026-03-04,Z5,P3,1282.56,1301.21,1265.2,1204.5,1591.4,1708.8
2026-03-05,Z5,P3,1198.29,1444.17,1224.1,1163.5,1612.5,1739.7
2026-03-06,Z5,P3,1154.48,1590.07,1511.7,1487.0,1934.1,2064.0
2026-03-07,Z5,P3,895.77,1257.76,1091.4,1113.4,1505.6,1562.5
2026-03-08,Z5,P3,1142.62,746.57,1000.4,922.2,1223.7,1383.6
2026-03-09,Z5,P3,880.73,1611.11,1319.4,1291.5,1752.9,1970.9
2026-03-10,Z5,P3,1251.43,1723.97,1528.9,1506.3,1934.0,2054.9
2026-03-11,Z5,P3,903.78,1282.56,1368.4,1376.9,1699.9,1879.0
2026-03-12,Z5,P3,1428.91,1198.29,1278.7,1317.4,1495.0,1576.1
2026-03-13,Z5,P3,1457.8,1154.48,1463.5,1417.5,1791.7,1928.4
2026-03-14,Z5,P3,1228.71,895.77,1104.1,1042.6,1313.2,1426.4
2026-03-15,Z5,P3,1008.92,1142.62,1058.3,991.7,1355.1,1527.2
2026-03-16,Z5,P3,1297.15,880.73,1218.0,1139.6,1488.5,1748.7
2026-03-17,Z5,P3,1267.14,1251.43,1447.1,1386.5,1902.4,1983.5
2026-03-18,Z5,P3,1206.31,903.78,1304.8,1252.8,1635.8,1805.0
2026-03-19,Z5,P3,1356.23,1428.91,1352.1,1292.7,1692.2,1868.1
2026-03-20,Z5,P3,1404.42,1457.8,1372.7,1319.1,1755.2,1816.0
2026-03-21,Z5,P3,835.47,1228.71,1137.8,1108.9,1526.5,1679.4
2026-03-22,Z5,P3,767.13,1008.92,996.2,1031.8,1319.0,1441.5
2026-03-23,Z5,P3,1186.56,1297.15,1362.5,1365.9,1758.0,1957.0
2026-03-24,Z5,P3,1030.37,1267.14,1406.5,1365.1,1750.4,1898.1
2026-03-25,Z5,P3,1354.16,1206.31,1247.7,1245.2,1663.3,1756.3
2026-03-26,Z5,P3,1265.34,1356.23,1416.8,1435.7,1722.8,1874.1
2026-03-27,Z5,P3,1476.92,1404.42,1502.8,1479.9,1747.4,1898.0
2026-03-28,Z5,P3,1055.61,835.47,1120.4,1083.5,1403.7,1446.0
2026-03-29,Z5,P3,915.15,767.13,913.8,847.1,1187.3,1314.5
2026-03-30,Z5,P3,1210.69,1186.56,1390.6,1434.8,1647.1,1806.6
2026-03-31,Z5,P3,1347.45,1030.37,1313.2,1322.4,1562.2,1673.4
2026-04-01,Z5,P3,1565.92,1354.16,1322.8,1281.0,1548.7,1636.2
2026-04-02,Z5,P3,1336.81,1265.34,1334.5,1326.0,1703.0,1733.3
2026-04-03,Z5,P3,1173.03,1476.92,1449.9,1455.2,1752.3,1822.1
2026-04-04,Z5,P3,1131.2,1055.61,1128.3,1074.3,1469.9,1651.7
2026-04-05,Z5,P3,885.67,915.15,1025.3,1016.7,1351.1,1551.1
2026-04-06,Z5,P3,1041.48,1210.69,1282.4,1217.4,1644.3,1786.9
2026-04-07,Z5,P3,1141.55,1347.45,1265.4,1201.9,1626.9,2734.6
2026-04-08,Z5,P3,1330.29,1565.92,1372.6,1313.0,1782.2,1862.0
2026-04-09,Z5,P3,1019.86,1336.81,1342.9,1326.7,1713.3,2821.1
2026-04-10,Z5,P3,1029.86,1173.03,1429.4,1419.4,1795.0,1891.5
2026-04-11,Z5,P3,1012.27,1131.2,1152.2,1163.2,1452.1,1500.6
2026-04-12,Z5,P3,768.87,885.67,911.1,916.0,1171.4,1290.0
2026-04-13,Z5,P3,1648.52,1041.48,1212.4,1196.6,1495.4,1638.2
2026-04-14,Z5,P3,1280.24,1141.55,1275.6,1263.7,1673.2,1721.9
2026-04-15,Z5,P3,1414.32,1330.29,1436.8,1429.2,1757.0,1889.1
2026-04-16,Z5,P3,1337.49,1019.86,1289.5,1283.7,1597.5,1783.6
2026-04-17,Z5,P3,1244.3,1029.86,1334.5,1307.8,1744.0,1864.1
2026-04-18,Z5,P3,964.3,1012.27,1042.4,1069.1,1365.9,1491.2
2026-04-19,Z5,P3,584.37,768.87,844.4,845.6,1166.2,1344.9
2026-04-20,Z5,P3,1277.22,1648.52,1309.2,1270.5,1878.0,1917.6
2026-04-21,Z5,P3,1079.79,1280.24,1329.8,1316.8,1688.4,1853.6
2026-04-22,Z5,P3,1451.6,1414.32,1373.8,1339.2,1723.1,1859.6
2026-04-23,Z5,P3,1366.8,1337.49,1319.9,1254.0,1699.4,1880.1
2026-04-24,Z5,P3,1080.09,1244.3,1323.1,1265.8,1740.2,1869.0
2026-04-25,Z5,P3,1144.34,964.3,981.2,1021.0,1484.1,1618.1
2026-04-26,Z5,P3,758.27,584.37,745.0,775.9,1031.5,1165.2
2026-04-27,Z5,P3,1124.66,1277.22,1281.7,1335.3,1721.7,1941.9
2026-04-28,Z5,P3,1125.21,1079.79,1211.7,1311.1,1677.0,1844.2
2026-04-29,Z5,P3,1197.18,1451.6,1268.0,1323.5,1737.1,1839.6
2026-04-30,Z5,P3,1597.92,1366.8,1191.6,1233.6,1663.8,1683.5
2025-10-01,Z5,P5,33.54,0.0,18.5,18.0,67.2,88.4
2025-10-02,Z5,P5,0.0,0.0,24.4,23.1,99.9,152.0
2025-10-03,Z5,P5,0.0,0.0,22.8,19.3,71.5,115.4
2025-10-04,Z5,P5,40.22,79.18,13.4,21.5,86.0,131.3
2025-10-05,Z5,P5,0.0,86.13,6.8,7.4,58.3,87.8
2025-10-06,Z5,P5,30.97,81.68,24.7,7.4,84.9,105.6
2025-10-07,Z5,P5,61.54,11.38,29.6,12.1,73.0,119.9
2025-10-08,Z5,P5,79.97,33.54,25.8,13.2,73.7,93.0
2025-10-09,Z5,P5,22.37,0.0,31.5,29.8,86.2,114.0
2025-10-10,Z5,P5,65.39,0.0,23.9,27.5,71.7,91.0
2025-10-11,Z5,P5,144.47,40.22,16.3,12.7,65.7,106.1
2025-10-12,Z5,P5,0.0,0.0,6.4,3.1,49.1,85.1
2025-10-13,Z5,P5,71.81,30.97,24.5,6.8,75.6,101.9
2025-10-14,Z5,P5,0.0,61.54,32.6,20.5,112.5,163.1
2025-10-15,Z5,P5,58.78,79.97,33.9,24.8,95.6,122.1
2025-10-16,Z5,P5,0.0,22.37,32.7,35.9,107.5,124.4
2025-10-17,Z5,P5,39.53,65.39,27.2,32.7,94.7,105.9
2025-10-18,Z5,P5,0.0,144.47,22.5,16.6,116.4,156.9
2025-10-19,Z5,P5,0.0,0.0,8.2,5.2,80.9,103.2
2025-10-20,Z5,P5,0.0,71.81,30.0,15.3,107.9,145.1
2025-10-21,Z5,P5,100.91,0.0,26.2,21.6,93.5,114.4
2025-10-22,Z5,P5,5.58,58.78,26.9,13.8,81.0,118.8
2025-10-23,Z5,P5,68.37,0.0,22.0,7.3,74.2,104.5
2025-10-24,Z5,P5,11.34,39.53,27.6,9.7,76.8,101.6
2025-10-25,Z5,P5,34.69,0.0,22.4,25.3,91.5,152.3
2025-10-26,Z5,P5,0.0,0.0,6.4,5.6,48.1,59.4
2025-10-27,Z5,P5,21.02,0.0,26.9,24.3,87.2,120.8
2025-10-28,Z5,P5,69.25,100.91,33.9,17.6,97.6,131.5
2025-10-29,Z5,P5,62.81,5.58,23.1,18.7,106.2,145.4
2025-10-30,Z5,P5,20.46,68.37,31.9,20.5,82.1,125.0
2025-10-31,Z5,P5,98.53,11.34,34.7,16.6,94.9,155.7
2025-11-01,Z5,P5,49.53,34.69,34.4,48.3,140.5,140.5
2025-11-02,Z5,P5,5.53,0.0,5.3,2.9,31.8,54.6
2025-11-03,Z5,P5,44.64,21.02,26.6,11.9,110.1,133.7
2025-11-04,Z5,P5,147.2,69.25,28.3,14.1,93.9,132.1
2025-11-05,Z5,P5,0.0,62.81,32.1,31.4,99.5,124.6
2025-11-06,Z5,P5,117.43,20.46,40.2,32.6,110.8,149.3
2025-11-07,Z5,P5,11.05,98.53,43.5,34.6,107.2,146.2
2025-11-08,Z5,P5,26.9,49.53,15.1,17.7,64.6,99.8
2025-11-09,Z5,P5,62.13,5.53,4.5,2.2,29.4,52.6
2025-11-10,Z5,P5,104.15,44.64,22.4,9.9,75.4,110.6
2025-11-11,Z5,P5,73.84,147.2,37.2,20.8,115.9,164.3
2025-11-12,Z5,P5,148.83,0.0,24.1,13.4,75.8,100.4
2025-11-13,Z5,P5,56.45,117.43,39.6,22.9,111.2,150.6
2025-11-14,Z5,P5,57.86,11.05,37.5,19.2,87.2,115.7
2025-11-15,Z5,P5,0.0,26.9,15.5,7.1,56.4,98.6
2025-11-16,Z5,P5,0.0,62.13,8.1,8.3,37.0,59.9
2025-11-17,Z5,P5,0.0,104.15,26.9,14.9,93.8,129.4
2025-11-18,Z5,P5,63.05,73.84,49.9,37.6,149.4,194.7
2025-11-19,Z5,P5,11.03,148.83,33.4,19.3,99.5,137.3
2025-11-20,Z5,P5,91.56,56.45,42.2,25.0,95.3,121.8
2025-11-21,Z5,P5,0.0,57.86,49.1,28.4,106.6,136.8
2025-11-22,Z5,P5,36.23,0.0,19.4,14.2,56.7,92.4
2025-11-23,Z5,P5,38.28,0.0,11.0,14.5,48.2,82.4
2025-11-24,Z5,P5,34.63,0.0,37.9,26.6,85.3,122.8
2025-11-25,Z5,P5,231.63,63.05,44.7,41.4,140.8,166.7
2025-11-26,Z5,P5,196.77,11.03,34.5,17.2,106.7,142.7
2025-11-27,Z5,P5,91.94,91.56,44.7,32.7,131.9,154.2
2025-11-28,Z5,P5,132.23,0.0,40.4,29.8,91.3,110.4
2025-11-29,Z5,P5,133.45,36.23,22.5,19.5,63.6,89.8
2025-11-30,Z5,P5,0.0,38.28,14.9,14.5,89.8,119.6
2025-12-01,Z5,P5,36.65,34.63,39.9,24.1,118.2,144.6
2025-12-02,Z5,P5,100.09,231.63,47.5,46.4,160.3,206.6
2025-12-03,Z5,P5,0.0,196.77,34.7,43.7,137.4,161.6
2025-12-04,Z5,P5,106.11,91.94,55.0,57.6,128.6,156.1
2025-12-05,Z5,P5,61.77,132.23,48.1,56.7,122.9,147.7
2025-12-06,Z5,P5,85.26,133.45,44.8,60.0,122.5,135.6
2025-12-07,Z5,P5,0.0,0.0,8.8,8.6,33.6,64.2
2025-12-08,Z5,P5,110.12,36.65,52.1,46.7,110.0,123.5
2025-12-09,Z5,P5,48.41,100.09,58.8,49.9,164.0,200.2
2025-12-10,Z5,P5,128.17,0.0,53.7,49.7,158.8,194.0
2025-12-11,Z5,P5,220.0,106.11,53.9,55.2,125.1,166.1
2025-10-01,Z6,P1,4111.16,2615.14,3657.6,3282.5,4110.7,5915.4
2025-10-02,Z6,P1,2712.7,4303.81,4091.3,3719.1,5101.8,5251.9
2025-10-03,Z6,P1,4603.77,3984.96,4147.2,3850.1,5273.6,5310.0
2025-10-04,Z6,P1,1024.14,1252.68,1382.7,1476.7,2057.7,2351.8
2025-10-05,Z6,P1,958.44,1147.02,1129.8,1118.5,2032.5,2102.0
2025-10-06,Z6,P1,4072.74,3708.6,4020.6,3918.2,5136.8,5633.1
2025-10-07,Z6,P1,1943.15,3759.52,4038.6,3856.3,5373.7,5540.4
2025-10-08,Z6,P1,3281.03,4111.16,3691.4,3516.6,5026.3,5213.7
2025-10-09,Z6,P1,3935.64,2712.7,3919.5,3795.9,4358.4,5036.2
2025-10-10,Z6,P1,4410.51,4603.77,4329.6,4141.0,5439.2,5813.2
2025-10-11,Z6,P1,958.12,1024.14,1294.2,1275.0,1865.9,2224.0
2025-10-12,Z6,P1,666.44,958.44,990.8,1068.1,1653.0,1950.9
2025-10-13,Z6,P1,5561.9,4072.74,4193.3,4086.7,5320.1,5594.0
2025-10-14,Z6,P1,3482.03,1943.15,3287.3,2986.9,5168.6,5168.6
2025-10-15,Z6,P1,2918.69,3281.03,3700.2,3824.6,5065.4,5078.0
2025-10-16,Z6,P1,3384.78,3935.64,3845.3,3623.1,4361.5,5107.9
2025-10-17,Z6,P1,4138.08,4410.51,4366.5,4222.1,5716.3,5875.9
2025-10-18,Z6,P1,672.14,958.12,1122.9,1162.2,1688.6,2142.7
2025-10-19,Z6,P1,589.47,666.44,1134.5,1121.5,1830.7,2181.1
2025-10-20,Z6,P1,4478.9,5561.9,4298.5,4073.4,5694.4,5861.3
2025-10-21,Z6,P1,4016.35,3482.03,3728.9,3612.6,5128.7,5133.2
2025-10-22,Z6,P1,3561.09,2918.69,3436.2,3578.8,4093.4,4479.3
2025-10-23,Z6,P1,4731.45,3384.78,3658.3,3771.9,4937.9,5120.3
2025-10-24,Z6,P1,4210.52,4138.08,4342.3,4025.3,5733.5,5892.4
2025-10-25,Z6,P1,1248.72,672.14,1063.9,1052.0,1635.0,2084.1
2025-10-26,Z6,P1,733.23,589.47,847.9,857.9,1085.8,1580.2
2025-10-27,Z6,P1,3451.73,4478.9,4403.6,4221.3,5650.8,5979.8
2025-10-28,Z6,P1,4820.74,4016.35,3794.1,3762.1,5045.0,5181.3
2025-10-29,Z6,P1,3651.8,3561.09,3769.8,3796.3,5065.6,5140.3
2025-10-30,Z6,P1,3707.54,4731.45,3873.2,3773.5,4404.6,5157.3
2025-10-31,Z6,P1,3487.09,4210.52,4204.3,4113.8,5521.0,5817.2
2025-11-01,Z6,P1,1224.59,1248.72,1032.4,1102.8,1617.3,1940.8
2025-11-02,Z6,P1,988.86,733.23,717.3,697.5,1073.4,1491.2
2025-11-03,Z6,P1,4121.14,3451.73,4215.7,3929.3,5388.6,5616.7
2025-11-04,Z6,P1,2928.64,4820.74,4208.3,3982.6,5020.8,5801.1
2025-11-05,Z6,P1,3720.72,3651.8,3541.9,3676.8,4999.0,5344.0
2025-11-06,Z6,P1,2872.76,3707.54,3747.1,4019.8,5042.9,5583.4
2025-11-07,Z6,P1,3246.92,3487.09,4269.2,4082.7,5351.1,5677.3
2025-11-08,Z6,P1,677.67,1224.59,1161.8,1136.5,1745.0,2073.8
2025-11-09,Z6,P1,801.29,988.86,749.0,787.2,1212.3,1590.5
2025-11-10,Z6,P1,2755.51,4121.14,3911.6,3949.1,5072.8,5521.3
2025-11-11,Z6,P1,4534.17,2928.64,3023.7,3842.1,4989.8,5162.1
2025-11-12,Z6,P1,4332.75,3720.72,3755.1,3785.8,5052.9,5395.9
2025-11-13,Z6,P1,4816.8,2872.76,3372.8,3365.7,4048.6,4903.7
2025-11-14,Z6,P1,5388.8,3246.92,3893.2,3913.9,5240.2,5841.7
2025-11-15,Z6,P1,926.23,677.67,1002.0,972.9,1602.4,2043.3
2025-11-16,Z6,P1,1104.88,801.29,754.0,859.7,1368.1,1728.4
2025-11-17,Z6,P1,4350.51,2755.51,3869.8,3866.8,4276.5,5011.8
2025-11-18,Z6,P1,4380.57,4534.17,4039.6,3920.5,5233.3,5322.8
2025-11-19,Z6,P1,2681.09,4332.75,4022.7,3914.3,5477.5,5705.0
2025-11-20,Z6,P1,4313.7,4816.8,4102.1,4048.5,5224.5,5429.2
2025-11-21,Z6,P1,5275.45,5388.8,4131.7,3997.1,5326.0,5752.2
2025-11-22,Z6,P1,1117.05,926.23,1048.3,1132.9,1617.6,2018.1
2025-11-23,Z6,P1,642.81,1104.88,884.1,925.0,1383.8,1705.5
2025-11-24,Z6,P1,1757.91,4350.51,4053.0,4000.6,5251.4,5251.4
2025-11-25,Z6,P1,1322.48,4380.57,3892.0,3952.9,5107.0,5564.6
2025-11-26,Z6,P1,1808.91,2681.09,3759.6,3704.0,4255.3,5247.3
2025-11-27,Z6,P1,2296.12,4313.7,3969.8,3992.7,5439.8,5440.5
2025-11-28,Z6,P1,3234.73,5275.45,4134.0,4176.6,5522.4,5955.3
2025-11-29,Z6,P1,1366.63,1117.05,1025.4,1004.0,1588.2,1875.6
2025-11-30,Z6,P1,726.22,642.81,876.1,842.4,1285.9,1653.4
2025-12-01,Z6,P1,3763.62,1757.91,3710.5,3315.1,5194.0,5194.0
2025-12-02,Z6,P1,3443.66,1322.48,3363.0,2882.3,3997.1,4774.9
2025-12-03,Z6,P1,3113.37,1808.91,3110.8,2962.6,3488.9,4293.3
2025-12-04,Z6,P1,3017.12,2296.12,3618.6,3341.8,4404.9,5155.5
2025-12-05,Z6,P1,4587.69,3234.73,4110.7,3894.4,5509.3,5509.3
2025-12-06,Z6,P1,1734.67,1366.63,1066.7,1118.8,1850.3,1903.6
2025-12-07,Z6,P1,985.16,726.22,791.6,777.0,1099.1,1590.1
2025-12-08,Z6,P1,3722.14,3763.62,3686.2,3495.2,4267.7,5088.6
2025-12-09,Z6,P1,3419.49,3443.66,3839.4,3495.3,5176.6,5345.3
2025-12-10,Z6,P1,3923.65,3113.37,3407.0,3300.9,5053.7,5053.7
2025-12-11,Z6,P1,3444.03,3017.12,3658.6,3700.9,4336.2,6089.8
2025-12-12,Z6,P1,4248.76,4587.69,4301.4,4913.4,5526.4,5691.2
2025-12-13,Z6,P1,890.2,1734.67,1473.7,1447.9,2381.8,2681.8
2025-12-14,Z6,P1,1107.01,985.16,802.2,839.1,1264.5,1645.2
2025-12-15,Z6,P1,4604.91,3722.14,4033.4,3810.9,5287.5,5590.6
2025-12-16,Z6,P1,3331.83,3419.49,3882.2,3589.9,5201.4,5305.3
2025-12-17,Z6,P1,3343.5,3923.65,3820.4,3618.7,4344.0,5102.3
2025-12-18,Z6,P1,3404.14,3444.03,3770.0,3653.0,5123.4,5128.0
2025-12-19,Z6,P1,2698.3,4248.76,3928.6,3884.0,5182.4,5743.4
2025-12-20,Z6,P1,991.68,890.2,1153.6,1114.6,1683.5,2084.9
2025-12-21,Z6,P1,1064.97,1107.01,718.7,738.0,1125.7,1552.3
2025-12-22,Z6,P1,2568.38,4604.91,2330.0,2594.5,4318.3,4970.5
2025-12-23,Z6,P1,1898.63,3331.83,2032.3,2422.0,3694.9,4686.3
2025-12-24,Z6,P1,1918.52,3343.5,1590.8,2303.3,3837.2,5044.0
2025-12-25,Z6,P1,92.86,3404.14,1619.3,2203.6,3750.5,4859.9
2025-12-26,Z6,P1,871.1,2698.3,2035.5,2506.3,3856.4,4535.0
2025-12-27,Z6,P1,420.12,991.68,830.6,844.7,1485.6,1947.4
2025-12-28,Z6,P1,199.76,1064.97,768.1,703.9,1182.0,1661.7
2025-12-29,Z6,P1,2277.17,2568.38,2213.7,2758.5,3914.1,4488.2
2025-12-30,Z6,P1,3103.96,1898.63,1943.4,2207.9,3185.7,4000.8
2025-12-31,Z6,P1,848.15,1918.52,1557.4,2029.6,3237.2,3966.1
2026-01-01,Z6,P1,133.92,92.86,904.6,1121.3,3003.3,3584.1
2026-01-02,Z6,P1,1669.02,871.1,2010.2,2545.4,2746.8,3550.1
2026-01-03,Z6,P1,603.71,420.12,681.0,626.2,1105.4,1592.5
2026-01-04,Z6,P1,588.11,199.76,702.1,537.6,1032.4,1517.0
2026-01-05,Z6,P1,3307.97,2277.17,3057.2,3181.1,3587.5,4293.6
2026-01-06,Z6,P1,2980.72,3103.96,3428.2,3459.3,5150.8,5959.4
2026-01-07,Z6,P1,1572.23,848.15,2969.1,2823.0,5580.0,5580.0
2026-01-08,Z6,P1,2562.03,133.92,2332.5,1819.3,6174.5,6633.7
2026-01-09,Z6,P1,3739.9,1669.02,2834.3,2669.0,5960.6,5960.6
2026-01-10,Z6,P1,1702.76,603.71,841.3,782.8,1197.8,1610.5
2026-01-11,Z6,P1,1160.23,588.11,764.7,787.9,1061.3,1583.5
2026-01-12,Z6,P1,3000.1,3307.97,3495.0,3668.9,4017.6,4585.0
2026-01-13,Z6,P1,3972.95,2980.72,3400.5,3578.7,4220.6,4407.7
2026-01-14,Z6,P1,3358.47,1572.23,2536.3,2570.3,6617.5,6617.5
2026-01-15,Z6,P1,3901.48,2562.03,2917.7,2618.4,4377.4,5189.5
2026-01-16,Z6,P1,3645.81,3739.9,3279.1,3038.1,4133.4,4541.7
2026-01-17,Z6,P1,772.71,1702.76,1153.5,1018.5,2010.3,2498.6
2026-01-18,Z6,P1,369.72,1160.23,739.0,764.5,1244.7,1606.5
2026-01-19,Z6,P1,4167.95,3000.1,3036.5,3192.0,4207.0,4314.3
2026-01-20,Z6,P1,3421.64,3972.95,3071.9,3261.9,4297.1,4542.4
2026-01-21,Z6,P1,2724.92,3358.47,2889.2,2590.3,3978.6,4475.7
2026-01-22,Z6,P1,3512.37,3901.48,2687.9,2211.3,4163.7,4428.4
2026-01-23,Z6,P1,2887.21,3645.81,3249.4,3159.0,4312.0,4585.5
2026-01-24,Z6,P1,909.91,772.71,945.8,765.9,1693.0,1950.0
2026-01-25,Z6,P1,1362.89,369.72,546.3,444.4,1117.1,1417.7
2026-01-26,Z6,P1,3925.09,4167.95,3321.8,3612.0,4232.8,4665.0
2026-01-27,Z6,P1,3438.35,3421.64,3404.0,3696.3,4048.1,4941.5
2026-01-28,Z6,P1,2911.37,2724.92,3036.3,2964.5,4210.2,4210.2
2026-01-29,Z6,P1,3966.05,3512.37,3042.7,3025.4,4000.5,4558.7
2026-01-30,Z6,P1,5408.72,2887.21,3456.8,3532.3,4656.6,5791.0
2026-01-31,Z6,P1,1028.45,909.91,1037.9,1080.5,1620.5,2037.0
2026-02-01,Z6,P1,968.84,1362.89,905.6,887.2,1545.4,1721.2
2026-02-02,Z6,P1,3723.69,3925.09,3802.0,3702.4,4324.3,4950.0
2026-02-03,Z6,P1,3334.74,3438.35,3490.3,3589.2,3963.0,4696.4
2026-02-04,Z6,P1,5902.62,2911.37,3061.2,3211.0,4146.0,4146.0
2026-02-05,Z6,P1,3456.63,3966.05,3445.4,3533.6,4284.4,4669.7
2026-02-06,Z6,P1,4609.2,5408.72,3694.2,3694.8,4159.2,5014.2
2026-02-07,Z6,P1,922.14,1028.45,1052.2,1085.3,1645.0,1950.0
2026-02-08,Z6,P1,984.35,968.84,1016.8,999.9,1460.5,1719.5
2026-02-09,Z6,P1,3816.38,3723.69,3814.4,3801.3,4142.2,5073.5
2026-02-10,Z6,P1,3415.27,3334.74,3350.1,3509.5,3835.9,4535.7
2026-02-11,Z6,P1,3112.62,5902.62,3680.8,3834.8,4435.4,4746.4
2026-02-12,Z6,P1,2965.72,3456.63,3585.9,3833.6,4204.6,5135.8
2026-02-13,Z6,P1,4384.44,4609.2,3602.8,3681.6,4156.0,5190.9
2026-02-14,Z6,P1,543.67,922.14,961.5,996.3,1516.7,1818.5
2026-02-15,Z6,P1,905.15,984.35,884.0,939.8,1399.7,1790.1
2026-02-16,Z6,P1,4098.16,3816.38,3468.0,3664.1,4059.2,5173.6
2026-02-17,Z6,P1,2934.56,3415.27,3293.1,3528.2,3753.4,4706.4
2026-02-18,Z6,P1,2281.88,3112.62,3313.0,3361.8,4258.3,4761.1
2026-02-19,Z6,P1,3964.93,2965.72,3066.7,3140.5,3839.4,4310.9
2026-02-20,Z6,P1,4309.11,4384.44,3534.9,3441.0,4330.9,5004.6
2026-02-21,Z6,P1,636.54,543.67,849.5,811.4,1336.9,1640.6
2026-02-22,Z6,P1,553.1,905.15,979.5,990.1,1366.9,1774.2
2026-02-23,Z6,P1,2365.62,4098.16,3659.0,3753.6,4145.3,5572.4
2026-02-24,Z6,P1,3821.96,2934.56,3461.1,3588.0,4072.7,5781.1
2026-02-25,Z6,P1,4648.64,2281.88,2965.2,2806.9,5171.8,5723.9
2026-02-26,Z6,P1,4009.42,3964.93,3265.5,3278.6,3756.3,5117.7
2026-02-27,Z6,P1,3471.88,4309.11,3827.2,3878.0,5430.1,5430.1
2026-02-28,Z6,P1,1551.05,636.54,799.6,760.9,1211.8,1578.0
2026-03-01,Z6,P1,474.45,553.1,846.2,822.1,1196.5,1547.6
2026-03-02,Z6,P1,3238.85,2365.62,3569.9,3594.0,4328.7,5127.0
2026-03-03,Z6,P1,4152.61,3821.96,3476.1,3595.3,4872.9,4960.4
2026-03-04,Z6,P1,3521.31,4648.64,3619.4,3646.3,5109.8,5109.8
2026-03-05,Z6,P1,3824.27,4009.42,3661.6,3716.9,5071.8,5426.9
2026-03-06,Z6,P1,3587.94,3471.88,4022.4,3973.6,5285.9,5569.7
2026-03-07,Z6,P1,769.27,1551.05,1104.5,1101.2,1944.3,2217.4
2026-03-08,Z6,P1,804.67,474.45,820.6,769.4,1044.8,1506.0
2026-03-09,Z6,P1,2384.9,3238.85,3566.9,3605.0,5067.6,6084.3
2026-03-10,Z6,P1,3143.23,4152.61,3701.3,3733.9,4954.7,5369.9
2026-03-11,Z6,P1,2473.26,3521.31,3553.2,3555.3,4961.5,5040.6
2026-03-12,Z6,P1,3286.76,3824.27,3764.3,3714.4,4986.3,5226.5
2026-03-13,Z6,P1,2640.36,3587.94,4076.5,3838.8,5237.3,5237.3
2026-03-14,Z6,P1,648.32,769.27,838.4,740.4,1473.0,1741.1
2026-03-15,Z6,P1,1106.62,804.67,646.1,660.8,1070.4,1433.5
2026-03-16,Z6,P1,2732.53,2384.9,3585.0,3445.4,4137.5,4689.5
2026-03-17,Z6,P1,3230.79,3143.23,3700.4,3628.0,5296.9,5296.9
2026-03-18,Z6,P1,2960.08,2473.26,3186.4,3046.3,3944.4,4660.2
2026-03-19,Z6,P1,3111.26,3286.76,3778.8,3659.6,5045.8,5148.0
2026-03-20,Z6,P1,3488.47,2640.36,3740.3,3531.3,4190.7,6250.2
2026-03-21,Z6,P1,882.72,648.32,899.2,923.9,1442.9,1848.3
2026-03-22,Z6,P1,1009.42,1106.62,792.5,817.3,1350.3,1674.7
2026-03-23,Z6,P1,2167.17,2732.53,3308.4,3125.0,3987.8,5455.9
2026-03-24,Z6,P1,3213.98,3230.79,3750.8,3672.1,5083.5,5964.3
2026-03-25,Z6,P1,3692.28,2960.08,3555.7,3611.7,4149.7,5774.6
2026-03-26,Z6,P1,2730.08,3111.26,3831.8,3691.6,5388.2,5974.7
2026-03-27,Z6,P1,3015.07,3488.47,3715.3,3675.2,5003.1,5003.1
2026-03-28,Z6,P1,648.25,882.72,1025.7,1021.2,1579.7,1895.3
2026-03-29,Z6,P1,895.82,1009.42,846.7,885.1,1341.0,1665.6
2026-03-30,Z6,P1,3322.9,2167.17,3229.7,3074.0,3845.7,4501.5
2026-03-31,Z6,P1,3692.26,3213.98,3621.2,3562.6,4979.4,4979.4
2026-04-01,Z6,P1,2963.6,3692.28,3671.8,3745.3,5199.7,5199.7
2026-04-02,Z6,P1,2917.86,2730.08,3503.0,3428.1,4099.2,4560.3
2026-04-03,Z6,P1,1731.42,3015.07,3693.5,3544.0,4290.1,4694.3
2026-04-04,Z6,P1,616.68,648.25,812.3,786.6,1478.4,1709.7
2026-04-05,Z6,P1,1067.67,895.82,946.6,969.4,1310.7,1667.6
2026-04-06,Z6,P1,785.87,3322.9,3405.9,3238.8,4173.7,4654.7
2026-04-07,Z6,P1,2935.77,3692.26,3683.9,3629.9,5094.3,5094.3
2026-04-08,Z6,P1,3208.4,2963.6,3296.3,3236.8,4155.1,4752.5
2026-04-09,Z6,P1,2942.35,2917.86,3211.7,3275.7,4108.0,4465.8
2026-04-10,Z6,P1,2562.56,1731.42,2910.7,2710.6,4634.5,5249.4
2026-04-11,Z6,P1,1231.74,616.68,795.9,753.5,1279.0,1697.9
2026-04-12,Z6,P1,1232.82,1067.67,1023.0,1013.1,1401.3,1770.0
2026-04-13,Z6,P1,3404.61,785.87,2381.0,2183.7,3327.7,4020.2
2026-04-14,Z6,P1,3889.18,2935.77,3327.5,3329.5,4285.4,6099.5
2026-04-15,Z6,P1,3707.7,3208.4,3200.6,3210.7,3846.5,4356.3
2026-04-16,Z6,P1,2144.98,2942.35,3199.3,3229.1,3972.3,4263.9
2026-04-17,Z6,P1,2386.36,2562.56,3155.4,3048.3,3921.4,5614.7
2026-04-18,Z6,P1,681.01,1231.74,851.4,914.3,1420.1,1818.7
2026-04-19,Z6,P1,392.79,1232.82,948.8,1037.6,1457.2,1794.3
2026-04-20,Z6,P1,2781.26,3404.61,2915.1,2664.4,3907.2,4429.1
2026-04-21,Z6,P1,3180.31,3889.18,3437.3,3530.6,3856.4,4634.4
2026-04-22,Z6,P1,2855.01,3707.7,3442.3,3488.3,3811.5,4743.0
2026-04-23,Z6,P1,3941.61,2144.98,2730.7,2706.1,3289.6,3820.7
2026-04-24,Z6,P1,2919.49,2386.36,3097.9,3000.5,3515.6,4132.4
2026-04-25,Z6,P1,1343.35,681.01,793.2,760.3,1509.1,1856.8
2026-04-26,Z6,P1,685.46,392.79,731.1,602.8,1256.8,1608.6
2026-04-27,Z6,P1,1066.59,2781.26,2852.9,2537.9,3938.3,4098.5
2026-04-28,Z6,P1,3240.72,3180.31,3169.7,3265.7,3863.8,4690.3
2026-04-29,Z6,P1,3190.5,2855.01,2806.2,2980.2,3869.2,4214.9
2026-04-30,Z6,P1,2519.2,3941.61,2995.8,3104.1,3693.1,4646.1
2025-10-01,Z6,P2,149.95,264.36,237.9,240.5,348.1,391.6
2025-10-02,Z6,P2,471.0,132.49,214.3,202.3,331.0,382.1
2025-10-03,Z6,P2,239.36,288.77,259.0,243.0,377.6,403.1
2025-10-04,Z6,P2,294.2,553.27,312.7,305.9,463.9,516.9
2025-10-05,Z6,P2,284.04,175.48,243.4,244.4,327.5,350.3
2025-10-06,Z6,P2,223.72,206.85,244.6,243.4,414.4,451.4
2025-10-07,Z6,P2,233.93,129.19,227.5,216.6,373.8,410.4
2025-10-08,Z6,P2,213.33,149.95,230.7,225.3,358.5,402.2
2025-10-09,Z6,P2,223.79,471.0,257.6,270.2,446.6,536.9
2025-10-10,Z6,P2,139.12,239.36,303.6,295.3,508.5,564.9
2025-10-11,Z6,P2,275.32,294.2,268.8,279.6,410.0,441.6
2025-10-12,Z6,P2,289.58,284.04,220.0,220.5,353.0,373.8
2025-10-13,Z6,P2,178.91,223.72,242.2,239.4,390.6,451.6
2025-10-14,Z6,P2,192.71,233.93,223.4,204.5,356.3,417.7
2025-10-15,Z6,P2,132.81,213.33,245.6,227.6,370.7,434.6
2025-10-16,Z6,P2,254.61,223.79,249.3,243.1,400.0,441.2
2025-10-17,Z6,P2,229.46,139.12,251.2,233.7,406.0,437.4
2025-10-18,Z6,P2,239.5,275.32,230.6,222.0,390.9,444.8
2025-10-19,Z6,P2,170.19,289.58,245.6,238.5,364.3,387.0
2025-10-20,Z6,P2,102.16,178.91,238.2,237.6,382.7,432.4
2025-10-21,Z6,P2,308.15,192.71,249.3,249.7,379.8,437.6
2025-10-22,Z6,P2,174.39,132.81,246.4,228.5,387.7,438.7
2025-10-23,Z6,P2,189.54,254.61,235.4,233.2,370.5,420.1
2025-10-24,Z6,P2,304.19,229.46,245.4,233.8,384.8,425.7
2025-10-25,Z6,P2,175.98,239.5,286.9,283.4,449.7,521.0
2025-10-26,Z6,P2,198.95,170.19,219.5,215.8,337.2,362.5
2025-10-27,Z6,P2,233.87,102.16,228.5,213.3,384.2,412.4
2025-10-28,Z6,P2,121.55,308.15,239.8,247.9,388.4,423.7
2025-10-29,Z6,P2,138.15,174.39,221.6,207.1,338.8,374.2
2025-10-30,Z6,P2,315.7,189.54,264.8,262.7,387.2,410.4
2025-10-31,Z6,P2,406.22,304.19,245.8,235.0,370.9,395.9
2025-11-01,Z6,P2,279.79,175.98,276.1,255.2,411.0,455.6
2025-11-02,Z6,P2,235.69,198.95,238.5,228.0,359.1,384.2
2025-11-03,Z6,P2,172.82,233.87,214.7,198.4,349.4,387.8
2025-11-04,Z6,P2,83.49,121.55,223.6,210.8,350.2,373.2
2025-11-05,Z6,P2,269.04,138.15,217.4,198.4,357.0,384.1
2025-11-06,Z6,P2,345.84,315.7,233.6,235.9,367.6,408.8
2025-11-07,Z6,P2,278.18,406.22,273.9,268.3,407.9,440.4
2025-11-08,Z6,P2,165.62,279.79,258.7,243.3,365.6,443.5
2025-11-09,Z6,P2,48.38,235.69,239.6,230.2,338.1,359.9
2025-11-10,Z6,P2,248.71,172.82,212.4,200.8,335.8,375.6
2025-11-11,Z6,P2,205.64,83.49,199.9,182.4,345.3,374.0
2025-11-12,Z6,P2,239.57,269.04,214.9,197.5,352.0,374.5
2025-11-13,Z6,P2,164.7,345.84,226.1,227.3,369.7,393.5
2025-11-14,Z6,P2,245.4,278.18,246.8,260.2,390.8,397.1
2025-11-15,Z6,P2,163.8,165.62,241.0,231.0,354.1,373.7
2025-11-16,Z6,P2,132.82,48.38,194.9,173.3,303.3,313.9
2025-11-17,Z6,P2,172.88,248.71,200.1,198.5,323.6,361.6
2025-11-18,Z6,P2,341.77,205.64,215.0,202.6,338.1,367.0
2025-11-19,Z6,P2,363.43,239.57,221.6,211.3,358.4,382.0
2025-11-20,Z6,P2,169.06,164.7,227.8,223.1,348.8,385.3
2025-11-21,Z6,P2,153.2,245.4,242.9,241.5,384.7,412.6
2025-11-22,Z6,P2,237.93,163.8,222.8,216.1,359.6,388.8
2025-11-23,Z6,P2,139.4,132.82,164.7,150.4,274.0,286.1
2025-11-24,Z6,P2,108.0,172.88,209.7,210.1,341.3,375.3
2025-11-25,Z6,P2,82.21,341.77,219.5,208.4,342.0,375.2
2025-11-26,Z6,P2,101.8,363.43,238.7,222.5,350.5,379.1
2025-11-27,Z6,P2,313.33,169.06,249.0,246.5,385.3,427.1
2025-11-28,Z6,P2,172.93,153.2,244.0,238.4,366.4,375.5
2025-11-29,Z6,P2,226.97,237.93,237.6,236.1,345.6,390.4
2025-11-30,Z6,P2,47.84,139.4,186.3,184.5,238.5,270.4
2025-12-01,Z6,P2,170.83,108.0,201.6,193.8,322.2,351.8
2025-12-02,Z6,P2,61.01,82.21,199.4,194.3,308.6,347.6
2025-12-03,Z6,P2,169.69,101.8,216.7,222.1,337.6,387.1
2025-12-04,Z6,P2,151.67,313.33,204.2,206.0,350.8,389.9
2025-12-05,Z6,P2,178.87,172.93,215.6,210.5,326.9,374.9
2025-12-06,Z6,P2,218.43,226.97,210.3,213.9,322.2,363.8
2025-12-07,Z6,P2,241.04,47.84,139.8,152.0,248.3,269.3
2025-12-08,Z6,P2,208.54,170.83,187.6,183.3,316.7,350.6
2025-12-09,Z6,P2,289.97,61.01,193.0,182.2,325.8,362.7
2025-12-10,Z6,P2,149.17,169.69,190.5,185.1,317.6,358.0
2025-12-11,Z6,P2,214.83,151.67,188.1,185.3,313.1,330.1
2025-12-12,Z6,P2,291.41,178.87,210.0,201.0,336.8,364.8
2025-12-13,Z6,P2,114.51,218.43,207.8,193.8,297.8,327.7
2025-12-14,Z6,P2,132.63,241.04,154.6,151.1,251.8,276.8
2025-12-15,Z6,P2,364.95,208.54,182.6,170.8,287.2,328.4
2025-12-16,Z6,P2,410.26,289.97,187.4,193.6,338.1,367.6
2025-12-17,Z6,P2,256.0,149.17,185.3,173.1,302.9,334.7
2025-12-18,Z6,P2,251.99,214.83,194.3,184.7,314.1,341.4
2025-12-19,Z6,P2,151.48,291.41,214.2,205.4,334.0,383.5
2025-12-20,Z6,P2,107.78,114.51,168.4,154.5,290.4,290.4
2025-12-21,Z6,P2,102.77,132.63,138.3,121.8,213.9,258.5
2025-12-22,Z6,P2,347.92,364.95,166.4,165.0,305.8,339.1
2025-12-23,Z6,P2,260.16,410.26,179.1,168.0,328.5,341.6
2025-12-24,Z6,P2,130.7,256.0,141.1,130.0,278.4,307.4
2025-12-25,Z6,P2,130.98,251.99,171.7,180.2,312.2,344.4
2025-12-26,Z6,P2,62.33,151.48,179.8,164.3,325.9,325.9
2025-12-27,Z6,P2,327.01,107.78,156.9,134.3,261.0,284.2
2025-12-28,Z6,P2,309.72,102.77,122.7,92.6,217.2,243.4
2025-12-29,Z6,P2,149.73,347.92,199.1,192.9,328.6,351.9
2025-12-30,Z6,P2,144.36,260.16,193.9,175.1,343.7,343.7
2025-12-31,Z6,P2,166.61,130.7,164.0,146.1,285.0,315.9
2026-01-01,Z6,P2,88.23,130.98,148.5,151.8,234.7,295.7
2026-01-02,Z6,P2,203.88,62.33,152.6,148.6,215.1,289.5
2026-01-03,Z6,P2,156.76,327.01,165.6,161.2,314.3,340.4
2026-01-04,Z6,P2,105.09,309.72,136.5,128.0,281.2,281.2
2026-01-05,Z6,P2,44.55,149.73,186.0,185.7,346.2,380.5
2026-01-06,Z6,P2,177.36,144.36,193.7,180.6,345.2,363.8
2026-01-07,Z6,P2,72.06,166.61,182.9,159.8,306.9,336.6
2026-01-08,Z6,P2,174.38,88.23,202.5,202.6,318.5,351.4
2026-01-09,Z6,P2,108.19,203.88,215.7,209.7,343.4,369.3
2026-01-10,Z6,P2,162.71,156.76,195.9,192.8,300.4,328.0
2026-01-11,Z6,P2,225.33,105.09,171.4,172.3,252.8,289.3
2026-01-12,Z6,P2,153.83,44.55,193.7,190.8,334.4,368.7
2026-01-13,Z6,P2,319.14,177.36,215.2,207.1,351.9,361.7
2026-01-14,Z6,P2,246.88,72.06,204.9,181.5,327.5,338.3
2026-01-15,Z6,P2,146.58,174.38,183.5,169.4,301.0,330.4
2026-01-16,Z6,P2,85.61,108.19,205.7,189.4,320.7,353.2
2026-01-17,Z6,P2,248.53,162.71,184.8,179.1,296.2,316.7
2026-01-18,Z6,P2,241.16,225.33,172.8,143.9,267.7,296.0
2026-01-19,Z6,P2,238.33,153.83,172.2,162.4,290.5,305.4
2026-01-20,Z6,P2,387.41,319.14,183.2,178.8,316.5,348.3
2026-01-21,Z6,P2,184.37,246.88,172.5,143.4,286.6,304.4
2026-01-22,Z6,P2,190.96,146.58,171.1,164.6,291.4,322.5
2026-01-23,Z6,P2,310.74,85.61,183.6,169.1,291.5,316.7
2026-01-24,Z6,P2,81.99,248.53,212.7,193.4,326.9,368.0
2026-01-25,Z6,P2,136.53,241.16,177.0,160.3,283.7,333.2
2026-01-26,Z6,P2,289.71,238.33,162.9,150.2,281.2,331.1
2026-01-27,Z6,P2,116.2,387.41,198.5,185.8,349.6,358.8
2026-01-28,Z6,P2,259.31,184.37,176.7,157.4,292.4,318.7
2026-01-29,Z6,P2,125.48,190.96,185.4,165.0,284.6,318.2
2026-01-30,Z6,P2,124.42,310.74,200.8,180.2,340.5,367.3
2026-01-31,Z6,P2,306.09,81.99,203.4,183.1,311.5,324.4
2026-02-01,Z6,P2,201.8,136.53,180.4,177.5,284.1,303.4
2026-02-02,Z6,P2,234.37,289.71,181.4,168.3,297.1,320.8
2026-02-03,Z6,P2,148.03,116.2,194.3,192.6,353.7,357.6
2026-02-04,Z6,P2,274.9,259.31,186.5,170.6,301.6,322.2
2026-02-05,Z6,P2,235.23,125.48,175.0,167.9,290.0,321.8
2026-02-06,Z6,P2,191.46,124.42,192.6,177.5,313.7,338.7
2026-02-07,Z6,P2,109.47,306.09,193.6,153.8,292.3,331.8
2026-02-08,Z6,P2,85.45,201.8,190.2,159.5,288.1,310.5
2026-02-09,Z6,P2,229.15,234.37,206.4,213.0,355.2,367.4
2026-02-10,Z6,P2,135.89,148.03,208.3,198.5,382.6,407.0
2026-02-11,Z6,P2,244.38,274.9,204.7,201.7,351.7,370.8
2026-02-12,Z6,P2,128.58,235.23,178.1,168.5,294.2,335.7
2026-02-13,Z6,P2,140.96,191.46,200.2,172.7,319.2,343.3
2026-02-14,Z6,P2,133.23,109.47,186.8,185.8,326.8,346.5
2026-02-15,Z6,P2,163.97,85.45,194.1,189.6,292.2,310.1
2026-02-16,Z6,P2,254.07,229.15,216.8,215.2,378.2,395.7
2026-02-17,Z6,P2,204.06,135.89,212.2,225.0,334.7,356.7
2026-02-18,Z6,P2,301.82,244.38,206.3,201.0,322.8,347.4
2026-02-19,Z6,P2,283.38,128.58,206.1,197.1,321.5,364.7
2026-02-20,Z6,P2,145.46,140.96,207.5,206.8,325.4,355.1
2026-02-21,Z6,P2,240.72,133.23,196.2,197.2,318.4,318.4
2026-02-22,Z6,P2,111.65,163.97,192.5,200.7,269.4,279.4
2026-02-23,Z6,P2,107.56,254.07,204.0,194.9,330.8,387.0
2026-02-24,Z6,P2,70.0,204.06,178.3,170.6,271.5,298.4
2026-02-25,Z6,P2,304.53,301.82,216.3,205.6,372.7,393.1
2026-02-26,Z6,P2,216.23,283.38,215.3,208.6,332.6,373.8
2026-02-27,Z6,P2,386.16,145.46,215.5,190.6,310.4,345.7
2026-02-28,Z6,P2,80.76,240.72,210.7,221.5,319.9,361.4
2026-03-01,Z6,P2,261.58,111.65,187.4,177.3,271.7,327.8
2026-03-02,Z6,P2,293.96,107.56,192.5,172.9,293.7,337.7
2026-03-03,Z6,P2,320.41,70.0,199.8,177.2,295.6,328.6
2026-03-04,Z6,P2,189.88,304.53,209.9,194.5,333.2,373.8
2026-03-05,Z6,P2,345.85,216.23,211.7,209.0,332.6,385.7
2026-03-06,Z6,P2,263.63,386.16,215.2,229.3,358.0,412.9
2026-03-07,Z6,P2,223.84,80.76,213.4,200.7,326.2,352.2
2026-03-08,Z6,P2,180.91,261.58,211.3,194.6,299.5,313.4
2026-03-09,Z6,P2,193.81,293.96,202.9,203.1,336.2,375.5
2026-03-10,Z6,P2,154.06,320.41,196.8,205.6,339.7,368.3
2026-03-11,Z6,P2,161.14,189.88,211.5,213.9,356.8,392.4
2026-03-12,Z6,P2,197.79,345.85,203.8,202.4,337.9,385.2
2026-03-13,Z6,P2,70.14,263.63,220.8,209.4,353.0,360.9
2026-03-14,Z6,P2,169.58,223.84,206.8,212.7,308.5,333.9
2026-03-15,Z6,P2,247.81,180.91,227.1,233.8,313.4,375.0
2026-03-16,Z6,P2,151.99,193.81,230.7,226.2,368.1,401.9
2026-03-17,Z6,P2,105.9,154.06,220.8,218.2,367.2,409.5
2026-03-18,Z6,P2,199.1,161.14,240.6,223.4,376.9,412.8
2026-03-19,Z6,P2,337.91,197.79,235.7,231.2,356.8,399.0
2026-03-20,Z6,P2,173.3,70.14,241.3,219.9,372.9,404.3
2026-03-21,Z6,P2,80.17,169.58,236.0,231.1,363.0,397.1
2026-03-22,Z6,P2,242.28,247.81,215.1,217.7,320.0,346.0
2026-03-23,Z6,P2,64.68,151.99,220.3,216.1,365.1,383.4
2026-03-24,Z6,P2,143.06,105.9,215.8,197.9,338.5,375.6
2026-03-25,Z6,P2,362.05,199.1,234.4,238.1,372.6,394.1
2026-03-26,Z6,P2,106.68,337.91,227.7,221.7,380.7,418.8
2026-03-27,Z6,P2,117.28,173.3,234.5,241.5,360.1,377.6
2026-03-28,Z6,P2,133.12,80.17,227.9,232.6,319.4,389.4
2026-03-29,Z6,P2,228.68,242.28,230.0,226.6,340.4,370.7
2026-03-30,Z6,P2,174.1,64.68,239.0,223.0,354.1,387.4
2026-03-31,Z6,P2,43.74,143.06,226.0,222.0,354.2,368.4
2026-04-01,Z6,P2,204.49,362.05,214.5,213.3,361.9,410.3
2026-04-02,Z6,P2,98.75,106.68,237.0,242.3,349.8,393.1
2026-04-03,Z6,P2,119.32,117.28,239.6,238.8,376.2,390.7
2026-04-04,Z6,P2,187.46,133.12,232.5,220.3,360.8,391.0
2026-04-05,Z6,P2,144.49,228.68,214.1,211.5,319.3,351.3
2026-04-06,Z6,P2,149.9,174.1,196.8,187.5,321.5,357.9
2026-04-07,Z6,P2,81.09,43.74,186.2,163.8,290.3,328.6
2026-04-08,Z6,P2,74.48,204.49,194.9,195.8,296.8,327.6
2026-04-09,Z6,P2,227.07,98.75,178.9,179.0,299.7,356.2
2026-04-10,Z6,P2,168.52,119.32,189.0,183.0,295.9,299.0
2026-04-11,Z6,P2,123.67,187.46,228.1,208.8,293.4,370.0
2026-04-12,Z6,P2,209.01,144.49,195.9,188.2,308.3,354.8
2026-04-13,Z6,P2,204.83,149.9,193.6,186.4,295.6,342.8
2026-04-14,Z6,P2,80.78,81.09,176.4,173.0,285.8,306.6
2026-04-15,Z6,P2,81.98,74.48,192.8,180.1,335.4,369.2
2026-04-16,Z6,P2,240.91,227.07,196.2,188.6,327.8,367.9
2026-04-17,Z6,P2,199.07,168.52,193.4,188.9,291.7,321.2
2026-04-18,Z6,P2,145.94,123.67,180.0,175.0,280.9,306.3
2026-04-19,Z6,P2,280.76,209.01,183.0,183.7,278.8,322.3
2026-04-20,Z6,P2,100.71,204.83,181.9,170.2,279.5,305.5
2026-04-21,Z6,P2,161.57,80.78,159.1,159.5,253.4,304.5
2026-04-22,Z6,P2,170.55,81.98,185.2,180.9,308.4,329.0
2026-04-23,Z6,P2,180.82,240.91,186.5,172.3,295.9,331.1
2026-04-24,Z6,P2,197.12,199.07,208.1,175.7,328.7,328.7
2026-04-25,Z6,P2,141.64,145.94,175.7,152.2,279.1,292.3
2026-04-26,Z6,P2,81.36,280.76,177.5,150.5,315.0,342.5
2026-04-27,Z6,P2,374.65,100.71,158.7,149.6,312.3,333.3
2026-04-28,Z6,P2,165.27,161.57,169.8,143.0,277.7,288.1
2026-04-29,Z6,P2,93.67,170.55,163.0,143.2,287.6,327.6
2026-04-30,Z6,P2,209.23,180.82,181.7,158.4,303.7,321.0
2025-10-01,Z6,P3,1771.51,1551.77,1566.5,1561.4,1837.8,1977.0
2025-10-02,Z6,P3,1662.46,1620.69,1712.9,1744.6,2023.7,2129.0
2025-10-03,Z6,P3,1555.05,1711.61,1759.0,1745.2,2072.0,2219.8
2025-10-04,Z6,P3,1360.53,1310.22,1321.5,1304.1,1653.6,1744.6
2025-10-05,Z6,P3,1010.86,981.11,1090.2,1088.0,1338.6,1491.8
2025-10-06,Z6,P3,1550.49,1316.05,1615.9,1642.7,1826.2,1951.5
2025-10-07,Z6,P3,1625.12,1689.26,1683.4,1688.2,2036.1,2157.7
2025-10-08,Z6,P3,1521.38,1771.51,1679.2,1686.6,2013.0,2071.1
2025-10-09,Z6,P3,1285.77,1662.46,1646.2,1620.1,1991.4,2109.6
2025-10-10,Z6,P3,1617.19,1555.05,1693.1,1710.7,2013.2,2017.9
2025-10-11,Z6,P3,1397.61,1360.53,1336.2,1391.4,1622.9,1706.2
2025-10-12,Z6,P3,636.95,1010.86,1055.8,1099.3,1392.8,1553.6
2025-10-13,Z6,P3,1272.4,1550.49,1495.5,1509.2,1830.4,1944.4
2025-10-14,Z6,P3,1484.11,1625.12,1688.2,1699.2,2036.9,2133.3
2025-10-15,Z6,P3,1143.7,1521.38,1644.2,1615.1,1978.2,2033.0
2025-10-16,Z6,P3,882.34,1285.77,1590.5,1553.7,1914.7,1996.0
2025-10-17,Z6,P3,1286.61,1617.19,1792.0,1797.9,2057.8,2149.5
2025-10-18,Z6,P3,811.69,1397.61,1286.2,1316.5,1670.4,1739.3
2025-10-19,Z6,P3,874.36,636.95,938.3,911.7,1169.6,1295.0
2025-10-20,Z6,P3,1364.11,1272.4,1494.1,1497.1,1755.5,1900.3
2025-10-21,Z6,P3,1731.31,1484.11,1623.4,1641.7,1846.9,2007.6
2025-10-22,Z6,P3,1511.62,1143.7,1472.8,1417.6,1769.3,1878.4
2025-10-23,Z6,P3,1191.01,882.34,1368.5,1316.1,1718.2,1847.3
2025-10-24,Z6,P3,1717.53,1286.61,1629.1,1617.7,1821.8,2007.8
2025-10-25,Z6,P3,990.94,811.69,1275.3,1242.4,1637.0,1735.8
2025-10-26,Z6,P3,1170.02,874.36,932.5,914.7,1213.1,1382.9
2025-10-27,Z6,P3,1097.99,1364.11,1416.4,1425.8,1709.2,1859.2
2025-10-28,Z6,P3,1593.52,1731.31,1638.1,1665.7,2016.3,2079.9
2025-10-29,Z6,P3,1328.93,1511.62,1449.5,1470.5,1756.6,1842.1
2025-10-30,Z6,P3,1518.0,1191.01,1460.5,1416.2,1754.3,1896.1
2025-10-31,Z6,P3,1674.86,1717.53,1668.2,1653.8,2052.0,2097.9
2025-11-01,Z6,P3,1046.06,990.94,1174.9,1153.8,1669.5,1803.4
2025-11-02,Z6,P3,944.83,1170.02,1042.4,1036.8,1324.0,1407.1
2025-11-03,Z6,P3,1764.52,1097.99,1424.6,1396.2,1707.8,1849.8
2025-11-04,Z6,P3,1428.04,1593.52,1657.2,1687.1,2043.3,2123.3
2025-11-05,Z6,P3,1405.89,1328.93,1483.6,1449.7,1744.4,1868.1
2025-11-06,Z6,P3,1574.77,1518.0,1443.8,1426.2,1696.0,1864.0
2025-11-07,Z6,P3,1521.59,1674.86,1668.5,1634.7,2007.9,2129.6
2025-11-08,Z6,P3,1242.99,1046.06,1129.3,1118.5,1573.5,1574.3
2025-11-09,Z6,P3,970.96,944.83,977.2,1012.8,1238.7,1351.6
2025-11-10,Z6,P3,1625.39,1764.52,1471.1,1491.4,1947.7,2028.7
2025-11-11,Z6,P3,1574.65,1428.04,1577.0,1530.4,1800.1,1947.7
2025-11-12,Z6,P3,1485.12,1405.89,1470.5,1404.9,1726.4,1849.9
2025-11-13,Z6,P3,1968.68,1574.77,1463.5,1488.4,1787.4,1888.9
2025-11-14,Z6,P3,1647.36,1521.59,1636.3,1620.6,1957.2,1975.2
2025-11-15,Z6,P3,1019.74,1242.99,1146.9,1140.9,1481.4,1517.8
2025-11-16,Z6,P3,863.14,970.96,1028.3,1058.2,1406.4,1551.2
2025-11-17,Z6,P3,1597.87,1625.39,1523.8,1543.4,1974.9,2110.0
2025-11-18,Z6,P3,1711.59,1574.65,1604.4,1615.8,1905.6,1971.6
2025-11-19,Z6,P3,2100.33,1485.12,1483.4,1559.8,1754.1,1895.0
2025-11-20,Z6,P3,2078.72,1968.68,1655.3,1704.8,2013.7,2168.8
2025-11-21,Z6,P3,1474.2,1647.36,1707.8,1728.9,2046.5,2086.1
2025-11-22,Z6,P3,1219.68,1019.74,1154.7,1132.7,1505.1,1605.1
2025-11-23,Z6,P3,1224.23,863.14,994.6,996.6,1184.7,1340.3
2025-11-24,Z6,P3,718.42,1597.87,1607.2,1661.3,1931.2,2066.1
2025-11-25,Z6,P3,455.48,1711.59,1658.1,1690.6,1995.3,2100.9
2025-11-26,Z6,P3,718.68,2100.33,1610.3,1706.7,2014.0,2108.7
2025-11-27,Z6,P3,744.93,2078.72,1723.0,1768.5,2082.8,2190.8
2025-11-28,Z6,P3,1170.67,1474.2,1638.3,1688.5,1839.7,1982.6
2025-11-29,Z6,P3,1017.58,1219.68,1232.9,1256.4,1578.5,1682.3
2025-11-30,Z6,P3,968.5,1224.23,1064.7,1016.1,1309.4,1399.6
2025-12-01,Z6,P3,1859.29,718.42,1326.6,1301.0,1721.3,1902.0
2025-12-02,Z6,P3,1339.87,455.48,1241.1,1006.2,2008.7,2008.7
2025-12-03,Z6,P3,2090.1,718.68,1311.5,1325.9,1928.1,1972.9
2025-12-04,Z6,P3,1729.18,744.93,1320.6,1339.8,1924.0,2006.9
2025-12-05,Z6,P3,1620.29,1170.67,1491.4,1510.6,1843.1,1931.6
2025-12-06,Z6,P3,1115.37,1017.58,1189.3,1157.1,1590.4,1690.0
2025-12-07,Z6,P3,1010.3,968.5,989.2,1000.3,1200.3,1383.6
2025-12-08,Z6,P3,1264.95,1859.29,1449.8,1377.7,1982.2,2093.7
2025-12-09,Z6,P3,1286.95,1339.87,1399.8,1331.2,1830.1,1963.4
2025-12-10,Z6,P3,1748.11,2090.1,1543.8,1439.7,2067.6,2211.4
2025-12-11,Z6,P3,1572.43,1729.18,1587.0,1590.6,2097.3,2216.5
2025-12-12,Z6,P3,1204.32,1620.29,1514.8,1503.7,1969.3,2116.3
2025-12-13,Z6,P3,1045.39,1115.37,1116.3,1114.2,1380.3,1514.0
2025-12-14,Z6,P3,759.44,1010.3,1007.0,1066.6,1206.7,1415.4
2025-12-15,Z6,P3,1327.05,1264.95,1435.5,1438.7,1904.8,1904.8
2025-12-16,Z6,P3,1661.17,1286.95,1466.3,1455.8,1705.5,1886.8
2025-12-17,Z6,P3,1746.12,1748.11,1618.7,1487.6,2036.7,2228.2
2025-12-18,Z6,P3,1384.24,1572.43,1538.2,1479.2,2079.5,2208.0
2025-12-19,Z6,P3,1435.59,1204.32,1525.1,1557.6,1814.6,2008.5
2025-12-20,Z6,P3,1041.87,1045.39,1041.9,1019.1,1277.9,1357.1
2025-12-21,Z6,P3,882.53,759.44,870.4,825.1,988.5,1119.0
2025-12-22,Z6,P3,1352.19,1327.05,1052.3,1110.2,1604.4,1649.8
2025-12-23,Z6,P3,1563.37,1661.17,1003.5,1073.0,1858.2,1858.2
2025-12-24,Z6,P3,1344.08,1746.12,902.3,1039.6,1986.3,1991.0
2025-12-25,Z6,P3,706.75,1384.24,941.8,1079.4,1564.3,1773.1
2025-12-26,Z6,P3,761.37,1435.59,1038.4,1091.1,1762.1,1762.1
2025-12-27,Z6,P3,921.6,1041.87,924.9,857.0,1196.5,1370.4
2025-12-28,Z6,P3,741.51,882.53,805.3,778.2,925.9,1141.5
2025-12-29,Z6,P3,1046.32,1352.19,1190.1,1260.6,1627.0,1725.0
2025-12-30,Z6,P3,1151.04,1563.37,1239.1,1238.3,1685.6,1840.7
2025-12-31,Z6,P3,663.36,1344.08,1166.4,1324.2,1833.0,1907.8
2026-01-01,Z6,P3,891.28,706.75,1088.7,1096.4,1399.6,1557.3
2026-01-02,Z6,P3,993.92,761.37,1092.5,1098.6,1458.1,1551.6
2026-01-03,Z6,P3,741.6,921.6,979.6,1019.1,1153.0,1361.9
2026-01-04,Z6,P3,820.98,741.51,751.8,768.5,843.3,997.5
2026-01-05,Z6,P3,916.9,1046.32,1325.5,1286.1,1712.6,1847.5
2026-01-06,Z6,P3,1402.66,1151.04,1447.3,1393.3,1783.6,1878.6
2026-01-07,Z6,P3,845.87,663.36,1260.2,1176.0,1649.1,1760.4
2026-01-08,Z6,P3,1435.51,891.28,1310.4,1263.9,1758.3,1809.5
2026-01-09,Z6,P3,1215.92,993.92,1265.4,1219.6,1717.9,1821.3
2026-01-10,Z6,P3,1395.35,741.6,979.7,926.2,1239.2,1338.6
2026-01-11,Z6,P3,992.26,820.98,841.2,878.7,1047.5,1099.5
2026-01-12,Z6,P3,1236.25,916.9,1288.8,1254.6,1697.1,1850.5
2026-01-13,Z6,P3,1606.29,1402.66,1511.3,1460.0,1769.3,1871.9
2026-01-14,Z6,P3,1053.34,845.87,1302.0,1214.3,1650.2,1743.6
2026-01-15,Z6,P3,1374.34,1435.51,1350.0,1230.7,1664.7,1824.7
2026-01-16,Z6,P3,1276.43,1215.92,1285.5,1189.7,1632.8,1749.6
2026-01-17,Z6,P3,608.55,1395.35,1123.7,1074.4,1459.8,1495.7
2026-01-18,Z6,P3,941.15,992.26,910.6,936.3,1267.9,1267.9
2026-01-19,Z6,P3,1443.32,1236.25,1210.3,1146.4,1565.5,1638.7
2026-01-20,Z6,P3,1729.56,1606.29,1460.9,1391.6,1861.9,1965.5
2026-01-21,Z6,P3,1443.8,1053.34,1155.0,1122.9,1494.4,1660.8
2026-01-22,Z6,P3,1544.07,1374.34,1368.6,1328.0,1540.9,1540.9
2026-01-23,Z6,P3,1084.54,1276.43,1293.6,1249.4,1517.4,1599.4
2026-01-24,Z6,P3,1150.35,608.55,942.4,859.6,1284.0,1285.2
2026-01-25,Z6,P3,857.5,941.15,954.6,945.3,1182.6,1293.0
2026-01-26,Z6,P3,1038.76,1443.32,1366.6,1299.3,1588.5,1766.5
2026-01-27,Z6,P3,1571.43,1729.56,1497.6,1438.9,1901.0,2062.7
2026-01-28,Z6,P3,1597.28,1443.8,1354.4,1260.2,1579.4,1773.0
2026-01-29,Z6,P3,1634.49,1544.07,1449.9,1418.2,1782.8,1859.6
2026-01-30,Z6,P3,1242.04,1084.54,1338.5,1334.3,1650.7,1807.5
2026-01-31,Z6,P3,899.4,1150.35,1057.3,976.8,1450.0,1627.5
2026-02-01,Z6,P3,776.88,857.5,934.4,936.1,1119.7,1226.5
2026-02-02,Z6,P3,1378.95,1038.76,1267.3,1288.6,1582.0,1711.4
2026-02-03,Z6,P3,1197.23,1571.43,1509.3,1463.1,1960.4,2034.2
2026-02-04,Z6,P3,1655.51,1597.28,1493.1,1434.9,1847.8,1944.8
2026-02-05,Z6,P3,1191.99,1634.49,1479.4,1424.4,1961.3,2042.5
2026-02-06,Z6,P3,1428.77,1242.04,1328.1,1312.3,1637.9,1761.1
2026-02-07,Z6,P3,993.46,899.4,1072.8,1057.2,1346.6,1416.2
2026-02-08,Z6,P3,723.02,776.88,898.2,860.0,1113.2,1210.6
2026-02-09,Z6,P3,852.25,1378.95,1351.6,1334.8,1682.8,1838.4
2026-02-10,Z6,P3,1374.33,1197.23,1529.0,1579.1,1773.6,1907.4
2026-02-11,Z6,P3,1328.83,1655.51,1518.9,1503.3,1932.8,2087.8
2026-02-12,Z6,P3,1329.45,1191.99,1423.3,1464.9,1762.3,1934.5
2026-02-13,Z6,P3,1626.72,1428.77,1350.7,1313.7,1673.3,1858.5
2026-02-14,Z6,P3,1046.95,993.46,972.5,986.8,1345.0,1454.8
2026-02-15,Z6,P3,624.08,723.02,846.7,833.6,1050.2,1196.2
2026-02-16,Z6,P3,1220.26,852.25,1266.2,1181.4,1658.9,1695.9
2026-02-17,Z6,P3,1270.43,1374.33,1432.4,1376.2,1764.0,1885.3
2026-02-18,Z6,P3,1480.77,1328.83,1509.9,1511.8,1783.7,1967.4
2026-02-19,Z6,P3,826.01,1329.45,1413.7,1395.5,1752.5,1935.9
2026-02-20,Z6,P3,1342.83,1626.72,1465.3,1442.8,1864.4,1920.5
2026-02-21,Z6,P3,694.01,1046.95,1079.4,1048.4,1345.2,1432.1
2026-02-22,Z6,P3,824.0,624.08,775.2,774.9,983.8,1047.7
2026-02-23,Z6,P3,1380.17,1220.26,1224.8,1154.8,1624.1,1753.9
2026-02-24,Z6,P3,972.18,1270.43,1361.0,1389.4,1669.7,1714.6
2026-02-25,Z6,P3,1503.34,1480.77,1338.2,1358.0,1749.5,1858.4
2026-02-26,Z6,P3,1557.87,826.01,1213.3,1129.2,1720.9,1768.0
2026-02-27,Z6,P3,1289.14,1342.83,1436.2,1361.2,1755.8,1929.8
2026-02-28,Z6,P3,1062.59,694.01,949.5,894.1,1220.2,1326.5
2026-03-01,Z6,P3,495.87,824.0,796.9,805.9,1030.3,1090.1
2026-03-02,Z6,P3,1487.53,1380.17,1249.7,1208.9,1559.3,1660.4
2026-03-03,Z6,P3,997.7,972.18,1224.3,1203.8,1647.9,1814.8
2026-03-04,Z6,P3,1297.69,1503.34,1391.5,1402.7,1772.6,1805.8
2026-03-05,Z6,P3,1084.33,1557.87,1276.5,1212.4,1779.2,1857.6
2026-03-06,Z6,P3,1392.04,1289.14,1412.8,1394.9,1764.6,1849.7
2026-03-07,Z6,P3,890.0,1062.59,1075.4,1029.2,1501.9,1677.6
2026-03-08,Z6,P3,379.89,495.87,750.1,694.0,963.5,1066.1
2026-03-09,Z6,P3,1081.63,1487.53,1316.9,1285.3,1664.2,1699.4
2026-03-10,Z6,P3,980.66,997.7,1235.5,1204.7,1651.6,1827.5
2026-03-11,Z6,P3,1233.05,1297.69,1351.6,1351.2,1738.8,1846.5
2026-03-12,Z6,P3,1169.29,1084.33,1272.7,1273.3,1676.1,1818.3
2026-03-13,Z6,P3,978.99,1392.04,1420.3,1396.7,1708.6,1860.0
2026-03-14,Z6,P3,857.27,890.0,959.6,914.0,1257.5,1319.0
2026-03-15,Z6,P3,777.92,379.89,697.6,661.1,879.9,1024.9
2026-03-16,Z6,P3,1202.44,1081.63,1313.1,1325.7,1699.4,1833.7
2026-03-17,Z6,P3,1205.53,980.66,1211.9,1237.6,1592.9,1764.6
2026-03-18,Z6,P3,1322.36,1233.05,1414.5,1382.1,1731.7,1907.5
2026-03-19,Z6,P3,1096.07,1169.29,1265.5,1268.9,1646.8,1795.6
2026-03-20,Z6,P3,1459.72,978.99,1327.7,1303.3,1593.8,1817.9
2026-03-21,Z6,P3,1066.71,857.27,980.8,946.7,1232.2,1305.2
2026-03-22,Z6,P3,1130.05,777.92,730.7,696.2,921.4,1073.8
2026-03-23,Z6,P3,1840.39,1202.44,1292.5,1268.0,1597.8,1751.7
2026-03-24,Z6,P3,1072.22,1205.53,1227.0,1190.8,1542.1,1753.4
2026-03-25,Z6,P3,1523.0,1322.36,1340.9,1302.4,1674.1,1865.2
2026-03-26,Z6,P3,1042.51,1096.07,1286.0,1308.4,1642.1,1826.9
2026-03-27,Z6,P3,1416.55,1459.72,1299.1,1279.4,1686.8,1865.3
2026-03-28,Z6,P3,1126.32,1066.71,1082.6,1033.1,1365.0,1424.1
2026-03-29,Z6,P3,817.44,1130.05,821.7,813.4,1135.4,1217.9
2026-03-30,Z6,P3,865.18,1840.39,1382.7,1281.7,1898.5,2034.3
2026-03-31,Z6,P3,1387.56,1072.22,1207.5,1201.1,1397.3,1578.6
2026-04-01,Z6,P3,1161.57,1523.0,1337.5,1356.5,1706.4,1878.6
2026-04-02,Z6,P3,1175.03,1042.51,1159.8,1170.7,1431.1,1600.5
2026-04-03,Z6,P3,1090.45,1416.55,1383.4,1406.2,1671.7,1862.0
2026-04-04,Z6,P3,717.93,1126.32,1093.3,1098.6,1370.6,1404.5
2026-04-05,Z6,P3,558.21,817.44,813.7,772.5,1083.2,1112.6
2026-04-06,Z6,P3,853.06,865.18,1206.0,1175.1,1586.7,1732.0
2026-04-07,Z6,P3,1711.66,1387.56,1262.7,1260.5,1618.7,1802.9
2026-04-08,Z6,P3,1176.4,1161.57,1348.2,1364.7,1714.3,1840.1
2026-04-09,Z6,P3,1222.78,1175.03,1200.4,1223.1,1538.9,1688.2
2026-04-10,Z6,P3,1163.17,1090.45,1347.8,1392.1,1670.7,1845.6
2026-04-11,Z6,P3,930.63,717.93,964.8,897.7,1292.6,1365.3
2026-04-12,Z6,P3,982.53,558.21,823.6,798.8,1070.6,1185.4
2026-04-13,Z6,P3,1025.51,853.06,1201.8,1160.0,1557.6,1670.0
2026-04-14,Z6,P3,1269.88,1711.66,1413.4,1428.6,1895.9,1929.0
2026-04-15,Z6,P3,1265.3,1176.4,1298.1,1290.1,1701.7,1880.2
2026-04-16,Z6,P3,998.89,1222.78,1160.6,1157.7,1450.7,1609.7
2026-04-17,Z6,P3,1608.33,1163.17,1333.1,1327.6,1712.9,1861.6
2026-04-18,Z6,P3,660.28,930.63,997.2,986.9,1331.8,1490.0
2026-04-19,Z6,P3,827.38,982.53,838.2,864.8,1199.4,1278.2
2026-04-20,Z6,P3,1310.59,1025.51,1184.4,1148.0,1606.1,1854.8
2026-04-21,Z6,P3,844.23,1269.88,1383.5,1391.0,1835.7,1956.4
2026-04-22,Z6,P3,1495.23,1265.3,1272.6,1266.0,1660.7,1854.6
2026-04-23,Z6,P3,1310.43,998.89,1175.2,1161.2,1545.0,1764.7
2026-04-24,Z6,P3,1502.84,1608.33,1322.7,1289.9,1841.7,1988.8
2026-04-25,Z6,P3,753.77,660.28,764.7,790.8,1148.3,1209.1
2026-04-26,Z6,P3,761.69,827.38,757.6,789.3,1072.1,1156.5
2026-04-27,Z6,P3,646.77,1310.59,1049.2,1083.2,1545.3,1711.3
2026-04-28,Z6,P3,997.08,844.23,1104.3,1107.3,1635.7,1842.0
2026-04-29,Z6,P3,938.91,1495.23,1143.4,1255.8,1578.2,1711.4
2026-04-30,Z6,P3,936.09,1310.43,1129.5,1186.2,1523.3,1679.2
2025-10-01,Z6,P4,272.24,384.63,396.4,328.4,742.9,858.4
2025-10-02,Z6,P4,397.53,243.2,316.9,295.6,753.1,995.8
2025-10-03,Z6,P4,270.35,204.5,373.4,336.8,731.8,872.8
2025-10-04,Z6,P4,121.13,306.82,173.0,150.9,421.2,521.3
2025-10-05,Z6,P4,0.0,0.0,10.2,10.5,125.5,173.5
2025-10-06,Z6,P4,207.07,242.8,341.1,271.6,692.7,863.8
2025-10-07,Z6,P4,525.94,336.08,340.8,307.2,691.8,782.4
2025-10-08,Z6,P4,109.74,272.24,336.8,290.4,752.8,878.1
2025-10-09,Z6,P4,452.07,397.53,374.4,328.5,789.1,908.2
2025-10-10,Z6,P4,193.85,270.35,330.2,310.8,715.5,850.4
2025-10-11,Z6,P4,122.99,121.13,141.8,135.3,414.3,492.0
2025-10-12,Z6,P4,77.7,0.0,11.7,3.4,79.7,137.1
2025-10-13,Z6,P4,98.93,207.07,354.1,322.1,755.0,892.0
2025-10-14,Z6,P4,710.6,525.94,383.6,338.5,689.3,849.1
2025-10-15,Z6,P4,210.48,109.74,328.1,281.7,729.7,897.8
2025-10-16,Z6,P4,601.76,452.07,380.2,321.7,741.7,854.9
2025-10-17,Z6,P4,141.68,193.85,312.3,273.1,661.8,787.1
2025-10-18,Z6,P4,343.57,122.99,124.4,94.4,359.4,437.6
2025-10-19,Z6,P4,59.61,77.7,7.9,7.5,110.2,188.4
2025-10-20,Z6,P4,358.15,98.93,290.6,227.5,666.4,788.1
2025-10-21,Z6,P4,79.08,710.6,389.7,353.9,823.7,982.1
2025-10-22,Z6,P4,267.3,210.48,333.2,314.5,785.9,975.1
2025-10-23,Z6,P4,846.03,601.76,401.0,388.6,785.8,872.1
2025-10-24,Z6,P4,212.8,141.68,325.2,254.0,708.3,830.9
2025-10-25,Z6,P4,71.26,343.57,182.6,171.3,401.9,493.3
2025-10-26,Z6,P4,0.0,59.61,10.8,15.1,118.1,175.6
2025-10-27,Z6,P4,342.6,358.15,298.8,274.8,698.2,850.9
2025-10-28,Z6,P4,487.24,79.08,321.2,268.4,723.5,896.1
2025-10-29,Z6,P4,387.61,267.3,310.1,269.2,685.8,811.6
2025-10-30,Z6,P4,515.39,846.03,369.1,361.0,817.4,963.1
2025-10-31,Z6,P4,435.14,212.8,322.3,264.9,686.2,854.6
2025-11-01,Z6,P4,39.18,71.26,147.2,135.2,448.4,500.7
2025-11-02,Z6,P4,24.89,0.0,11.5,1.0,144.3,242.6
2025-11-03,Z6,P4,54.11,342.6,290.5,271.5,645.0,792.7
2025-11-04,Z6,P4,238.21,487.24,342.6,317.6,696.3,849.5
2025-11-05,Z6,P4,398.0,387.61,302.7,270.7,638.8,757.4
2025-11-06,Z6,P4,729.48,515.39,417.8,366.1,902.5,992.9
2025-11-07,Z6,P4,53.96,435.14,358.3,322.8,686.6,843.4
2025-11-08,Z6,P4,124.21,39.18,89.1,77.5,354.8,432.4
2025-11-09,Z6,P4,49.49,24.89,16.6,20.2,156.6,187.6
2025-11-10,Z6,P4,244.4,54.11,259.5,229.5,626.9,772.2
2025-11-11,Z6,P4,150.72,238.21,386.8,335.7,769.2,905.8
2025-11-12,Z6,P4,229.83,398.0,364.5,326.8,731.9,825.3
2025-11-13,Z6,P4,567.29,729.48,388.6,352.1,746.5,925.5
2025-11-14,Z6,P4,447.66,53.96,279.8,237.3,586.7,620.1
2025-11-15,Z6,P4,132.93,124.21,126.4,106.4,288.3,349.5
2025-11-16,Z6,P4,0.0,49.49,28.3,0.5,84.8,133.5
2025-11-17,Z6,P4,670.28,244.4,266.2,250.8,549.1,671.0
2025-11-18,Z6,P4,404.44,150.72,282.1,256.4,517.9,636.5
2025-11-19,Z6,P4,477.79,229.83,297.7,272.1,590.4,679.9
2025-11-20,Z6,P4,903.17,567.29,376.1,365.4,770.6,800.2
2025-11-21,Z6,P4,337.31,447.66,278.8,246.4,532.4,650.9
2025-11-22,Z6,P4,146.88,132.93,99.6,81.3,271.7,359.5
2025-11-23,Z6,P4,24.3,0.0,13.3,0.0,66.2,144.2
2025-11-24,Z6,P4,335.76,670.28,366.4,315.7,639.2,775.2
2025-11-25,Z6,P4,129.17,404.44,348.1,314.2,634.1,741.2
2025-11-26,Z6,P4,136.95,477.79,349.5,313.5,600.1,711.2
2025-11-27,Z6,P4,528.84,903.17,343.7,379.1,894.9,1044.6
2025-11-28,Z6,P4,334.68,337.31,346.3,315.9,704.4,803.7
2025-11-29,Z6,P4,238.49,146.88,126.4,78.1,317.0,430.4
2025-11-30,Z6,P4,41.13,24.3,20.6,4.3,152.0,225.5
2025-12-01,Z6,P4,309.19,335.76,329.1,280.8,676.3,776.2
2025-12-02,Z6,P4,369.37,129.17,296.6,247.7,707.4,838.9
2025-12-03,Z6,P4,460.18,136.95,308.9,281.7,675.6,761.3
2025-12-04,Z6,P4,957.67,528.84,433.1,367.2,955.8,1002.6
2025-12-05,Z6,P4,253.18,334.68,307.9,272.0,587.3,732.7
2025-12-06,Z6,P4,189.31,238.49,132.6,107.1,373.4,461.2
2025-12-07,Z6,P4,0.0,41.13,32.9,19.3,175.7,206.1
2025-12-08,Z6,P4,282.49,309.19,303.4,285.3,660.8,766.1
2025-12-09,Z6,P4,241.24,369.37,302.9,290.5,709.8,876.8
2025-12-10,Z6,P4,266.78,460.18,349.7,298.3,670.6,846.8
2025-12-11,Z6,P4,760.16,957.67,327.1,406.2,950.9,1142.8
2025-12-12,Z6,P4,192.9,253.18,352.9,333.8,683.5,801.2
2025-12-13,Z6,P4,235.93,189.31,179.9,220.9,453.4,502.9
2025-12-14,Z6,P4,87.85,0.0,30.8,32.5,129.2,196.5
2025-12-15,Z6,P4,370.03,282.49,331.9,346.8,747.0,890.5
2025-12-16,Z6,P4,169.95,241.24,257.8,301.7,626.2,722.7
2025-12-17,Z6,P4,518.55,266.78,344.8,344.9,762.0,838.5
2025-12-18,Z6,P4,984.82,760.16,458.6,503.5,1049.5,1146.7
2025-12-19,Z6,P4,532.86,192.9,339.8,323.1,692.4,834.7
2025-12-20,Z6,P4,69.55,235.93,166.3,176.6,363.8,440.9
2025-12-21,Z6,P4,6.16,87.85,39.3,55.7,156.1,192.5
2025-12-22,Z6,P4,149.84,370.03,252.4,288.6,677.9,760.3
2025-12-23,Z6,P4,282.09,169.95,205.4,195.9,633.9,724.1
2025-12-24,Z6,P4,227.3,518.55,183.0,264.8,639.6,774.9
2025-12-25,Z6,P4,15.17,984.82,197.6,344.3,844.9,1085.3
2025-12-26,Z6,P4,0.0,532.86,310.4,312.5,668.3,806.5
2025-12-27,Z6,P4,116.44,69.55,148.9,170.3,421.5,430.4
2025-12-28,Z6,P4,0.0,6.16,22.7,46.2,123.3,201.3
2025-12-29,Z6,P4,273.2,149.84,195.1,226.1,622.2,699.3
2025-12-30,Z6,P4,638.91,282.09,259.3,271.1,638.7,776.4
2025-12-31,Z6,P4,376.89,227.3,230.3,237.5,618.2,723.4
2026-01-01,Z6,P4,0.0,15.17,245.9,272.2,704.0,884.2
2026-01-02,Z6,P4,241.65,0.0,99.5,224.7,504.5,631.9
2026-01-03,Z6,P4,280.42,116.44,85.2,56.2,310.4,425.0
2026-01-04,Z6,P4,0.0,0.0,4.3,0.0,97.6,190.3
2026-01-05,Z6,P4,314.3,273.2,286.0,262.1,661.9,830.7
2026-01-06,Z6,P4,47.46,638.91,307.4,306.3,696.0,854.2
2026-01-07,Z6,P4,157.98,376.89,316.5,282.3,704.0,846.4
2026-01-08,Z6,P4,263.86,0.0,347.3,359.9,799.8,1031.1
2026-01-09,Z6,P4,352.7,241.65,303.9,272.2,683.2,821.6
2026-01-10,Z6,P4,69.11,280.42,162.5,139.7,416.4,494.5
2026-01-11,Z6,P4,0.0,0.0,19.1,11.2,134.2,161.2
2026-01-12,Z6,P4,816.38,314.3,344.0,321.5,725.1,823.7
2026-01-13,Z6,P4,225.19,47.46,285.4,246.8,721.6,800.0
2026-01-14,Z6,P4,157.78,157.98,321.3,277.9,747.5,843.5
2026-01-15,Z6,P4,328.42,263.86,366.2,346.1,809.1,1011.5
2026-01-16,Z6,P4,443.48,352.7,356.9,316.4,715.0,863.2
2026-01-17,Z6,P4,0.0,69.11,123.1,114.0,388.1,446.8
2026-01-18,Z6,P4,73.18,0.0,14.2,0.0,102.5,161.8
2026-01-19,Z6,P4,470.77,816.38,322.5,335.5,744.6,942.0
2026-01-20,Z6,P4,206.0,225.19,265.8,241.5,698.5,823.9
2026-01-21,Z6,P4,444.46,157.78,284.7,250.8,697.9,835.4
2026-01-22,Z6,P4,175.58,328.42,354.6,303.1,641.5,769.0
2026-01-23,Z6,P4,72.1,443.48,321.3,290.6,626.1,795.5
2026-01-24,Z6,P4,56.64,0.0,42.6,58.8,368.5,421.2
2026-01-25,Z6,P4,9.28,73.18,9.1,0.0,118.7,177.7
2026-01-26,Z6,P4,418.64,470.77,314.1,295.1,818.2,921.4
2026-01-27,Z6,P4,186.54,206.0,292.5,289.3,681.4,832.0
2026-01-28,Z6,P4,303.46,444.46,340.5,303.7,700.9,860.7
2026-01-29,Z6,P4,830.78,175.58,293.4,281.5,686.7,860.1
2026-01-30,Z6,P4,184.85,72.1,308.9,262.8,698.4,810.1
2026-01-31,Z6,P4,116.41,56.64,102.2,83.6,323.9,452.6
2026-02-01,Z6,P4,0.0,9.28,5.3,0.0,110.4,172.0
2026-02-02,Z6,P4,200.54,418.64,311.4,300.5,759.6,923.2
2026-02-03,Z6,P4,205.97,186.54,215.7,230.7,563.7,696.9
2026-02-04,Z6,P4,315.35,303.46,281.4,263.0,691.8,766.8
2026-02-05,Z6,P4,578.7,830.78,274.7,393.0,761.4,976.4
2026-02-06,Z6,P4,377.31,184.85,251.5,235.7,644.9,788.4
2026-02-07,Z6,P4,133.43,116.41,48.7,48.2,271.0,376.3
2026-02-08,Z6,P4,0.0,0.0,21.8,7.9,146.1,221.7
2026-02-09,Z6,P4,357.72,200.54,320.3,328.1,811.6,924.8
2026-02-10,Z6,P4,320.34,205.97,267.7,278.8,724.1,844.3
2026-02-11,Z6,P4,408.44,315.35,289.4,276.7,702.2,802.8
2026-02-12,Z6,P4,86.4,578.7,321.7,352.1,884.5,974.7
2026-02-13,Z6,P4,827.22,377.31,316.3,304.6,730.0,848.2
2026-02-14,Z6,P4,102.66,133.43,56.9,53.4,229.5,313.6
2026-02-15,Z6,P4,0.0,0.0,21.9,2.3,141.6,153.3
2026-02-16,Z6,P4,346.5,357.72,307.4,280.4,678.8,801.4
2026-02-17,Z6,P4,172.47,320.34,288.8,265.5,702.2,827.1
2026-02-18,Z6,P4,310.66,408.44,301.9,278.1,678.3,779.6
2026-02-19,Z6,P4,438.57,86.4,262.7,257.3,584.6,655.7
2026-02-20,Z6,P4,731.27,827.22,260.8,323.8,641.0,810.9
2026-02-21,Z6,P4,0.0,102.66,113.1,95.9,255.0,356.4
2026-02-22,Z6,P4,0.0,0.0,18.8,0.0,39.5,91.8
2026-02-23,Z6,P4,206.96,346.5,301.0,279.0,594.6,682.2
2026-02-24,Z6,P4,146.22,172.47,284.0,268.3,618.3,689.7
2026-02-25,Z6,P4,261.53,310.66,301.7,298.2,622.9,704.6
2026-02-26,Z6,P4,429.76,438.57,343.0,305.6,677.9,711.8
2026-02-27,Z6,P4,376.65,731.27,345.9,322.7,753.6,909.7
2026-02-28,Z6,P4,194.59,0.0,87.1,78.4,336.5,436.2
2026-03-01,Z6,P4,68.15,0.0,24.8,0.0,57.5,112.6
2026-03-02,Z6,P4,315.03,206.96,296.1,265.3,653.3,785.3
2026-03-03,Z6,P4,132.44,146.22,256.6,231.4,559.8,672.2
2026-03-04,Z6,P4,336.37,261.53,295.5,263.6,612.5,728.2
2026-03-05,Z6,P4,400.19,429.76,303.2,317.2,703.5,806.8
2026-03-06,Z6,P4,364.34,376.65,327.6,306.1,739.1,833.1
2026-03-07,Z6,P4,117.97,194.59,120.2,98.0,286.9,322.9
2026-03-08,Z6,P4,127.74,68.15,36.0,1.8,73.2,114.7
2026-03-09,Z6,P4,367.8,315.03,329.4,338.7,693.2,817.5
2026-03-10,Z6,P4,0.0,132.44,277.7,232.4,568.7,663.8
2026-03-11,Z6,P4,394.87,336.37,320.2,278.4,581.9,634.7
2026-03-12,Z6,P4,236.6,400.19,294.1,290.3,567.3,600.6
2026-03-13,Z6,P4,812.85,364.34,355.3,342.8,666.1,714.2
2026-03-14,Z6,P4,109.49,117.97,107.6,88.0,255.9,306.3
2026-03-15,Z6,P4,0.0,127.74,49.3,12.8,114.6,179.3
2026-03-16,Z6,P4,145.64,367.8,325.0,302.9,601.4,677.7
2026-03-17,Z6,P4,224.76,0.0,272.7,194.5,556.2,630.9
2026-03-18,Z6,P4,318.57,394.87,317.8,302.7,597.5,670.0
2026-03-19,Z6,P4,84.52,236.6,355.8,306.7,602.8,683.2
2026-03-20,Z6,P4,306.53,812.85,283.0,329.0,721.2,792.6
2026-03-21,Z6,P4,318.08,109.49,86.8,78.1,241.6,306.8
2026-03-22,Z6,P4,35.09,0.0,20.4,24.9,108.4,196.1
2026-03-23,Z6,P4,779.11,145.64,299.9,260.9,600.3,682.7
2026-03-24,Z6,P4,294.37,224.76,236.6,210.7,597.3,645.2
2026-03-25,Z6,P4,342.19,318.57,318.4,320.1,633.7,690.0
2026-03-26,Z6,P4,249.14,84.52,310.9,293.0,663.5,822.0
2026-03-27,Z6,P4,551.35,306.53,312.5,282.5,712.5,756.5
2026-03-28,Z6,P4,50.89,318.08,138.3,116.2,350.0,441.1
2026-03-29,Z6,P4,0.0,35.09,28.5,21.3,162.4,194.3
2026-03-30,Z6,P4,371.38,779.11,349.4,306.3,705.1,894.8
2026-03-31,Z6,P4,421.43,294.37,262.9,235.1,527.6,638.1
2026-04-01,Z6,P4,153.45,342.19,329.2,287.1,632.1,732.7
2026-04-02,Z6,P4,596.0,249.14,306.0,301.4,585.4,686.4
2026-04-03,Z6,P4,182.17,551.35,365.7,341.9,644.6,745.3
2026-04-04,Z6,P4,0.0,50.89,136.7,130.1,354.1,414.1
2026-04-05,Z6,P4,0.0,0.0,27.9,13.3,113.5,139.7
2026-04-06,Z6,P4,0.0,371.38,317.8,296.6,713.9,772.8
2026-04-07,Z6,P4,233.42,421.43,314.6,290.6,497.5,646.7
2026-04-08,Z6,P4,369.33,153.45,292.7,275.8,584.3,650.0
2026-04-09,Z6,P4,393.95,596.0,310.3,296.7,552.3,663.6
2026-04-10,Z6,P4,276.64,182.17,317.2,330.7,765.2,853.6
2026-04-11,Z6,P4,271.23,0.0,48.9,69.7,287.8,369.8
2026-04-12,Z6,P4,0.0,0.0,18.2,0.0,59.9,111.8
2026-04-13,Z6,P4,271.44,0.0,259.0,275.7,647.4,732.7
2026-04-14,Z6,P4,175.9,233.42,281.2,275.3,622.2,660.3
2026-04-15,Z6,P4,336.82,369.33,290.8,268.7,609.9,678.3
2026-04-16,Z6,P4,426.4,393.95,312.1,301.2,619.8,629.4
2026-04-17,Z6,P4,137.04,276.64,291.3,270.8,619.6,727.0
2026-04-18,Z6,P4,110.92,271.23,129.5,115.8,273.9,326.1
2026-04-19,Z6,P4,0.0,0.0,31.6,7.2,47.7,95.7
2026-04-20,Z6,P4,236.64,271.44,281.3,279.9,656.5,738.8
2026-04-21,Z6,P4,125.11,175.9,268.3,251.4,551.7,671.2
2026-04-22,Z6,P4,266.64,336.82,293.3,260.0,568.9,664.3
2026-04-23,Z6,P4,339.81,426.4,302.5,269.5,612.4,694.0
2026-04-24,Z6,P4,146.43,137.04,284.0,254.7,587.1,672.6
2026-04-25,Z6,P4,0.0,110.92,111.1,99.3,297.0,388.5
2026-04-26,Z6,P4,10.03,0.0,22.8,0.0,88.0,102.3
2026-04-27,Z6,P4,18.18,236.64,255.6,220.5,511.8,610.3
2026-04-28,Z6,P4,98.58,125.11,254.6,210.3,554.5,599.2
2026-04-29,Z6,P4,248.58,266.64,247.0,214.5,574.0,608.7
2026-04-30,Z6,P4,451.2,339.81,271.3,269.5,651.5,709.0
2025-10-01,Z7,P1,794.05,1167.47,1102.7,1112.7,1452.7,1660.2
2025-10-02,Z7,P1,966.5,1010.77,1149.5,1194.3,1759.8,1946.7
2025-10-03,Z7,P1,619.21,973.78,1090.6,1081.4,1578.3,1733.2
2025-10-04,Z7,P1,246.75,406.16,536.6,527.0,790.5,880.2
2025-10-05,Z7,P1,590.55,391.28,368.0,365.1,507.4,661.6
2025-10-06,Z7,P1,1093.05,724.86,1013.8,1000.6,1515.6,1673.0
2025-10-07,Z7,P1,766.0,1135.29,989.8,944.6,1325.4,1502.3
2025-10-08,Z7,P1,1074.48,794.05,1020.8,1045.2,1482.2,1633.7
2025-10-09,Z7,P1,1091.84,966.5,1129.9,1087.5,1617.7,1846.1
2025-10-10,Z7,P1,999.17,619.21,942.7,951.5,1290.9,1451.6
2025-10-11,Z7,P1,182.07,246.75,465.3,498.3,727.5,764.8
2025-10-12,Z7,P1,320.67,590.55,416.8,460.7,656.0,757.7
2025-10-13,Z7,P1,641.89,1093.05,1097.6,1047.2,1566.2,1746.4
2025-10-14,Z7,P1,796.11,766.0,908.5,865.5,1289.2,1396.8
2025-10-15,Z7,P1,596.61,1074.48,1165.9,1110.0,1802.7,1920.5
2025-10-16,Z7,P1,989.69,1091.84,1109.3,1092.8,1555.5,1679.8
2025-10-17,Z7,P1,1199.77,999.17,1004.9,967.5,1516.7,1645.0
2025-10-18,Z7,P1,306.11,182.07,391.3,374.3,658.3,757.9
2025-10-19,Z7,P1,147.59,320.67,395.7,403.2,608.8,710.5
2025-10-20,Z7,P1,1009.36,641.89,896.1,898.3,1262.7,1388.3
2025-10-21,Z7,P1,1052.87,796.11,907.5,920.9,1324.1,1393.6
2025-10-22,Z7,P1,1226.62,596.61,955.8,1069.1,2004.0,2177.9
2025-10-23,Z7,P1,798.62,989.69,994.3,1018.8,1460.0,1663.1
2025-10-24,Z7,P1,1192.42,1199.77,1011.7,996.8,1318.3,1462.6
2025-10-25,Z7,P1,408.46,306.11,396.7,365.6,652.4,733.0
2025-10-26,Z7,P1,193.04,147.59,330.8,298.8,491.9,624.4
2025-10-27,Z7,P1,1057.76,1009.36,948.2,855.2,1354.2,1492.3
2025-10-28,Z7,P1,1245.83,1052.87,994.3,918.0,1476.3,1692.8
2025-10-29,Z7,P1,865.94,1226.62,1074.1,1011.7,2062.2,2821.5
2025-10-30,Z7,P1,1166.11,798.62,917.1,909.7,1289.8,1485.5
2025-10-31,Z7,P1,1211.18,1192.42,1091.9,1067.8,1495.4,1714.4
2025-11-01,Z7,P1,447.48,408.46,368.4,377.4,640.9,695.4
2025-11-02,Z7,P1,34.31,193.04,331.0,317.2,508.3,632.2
2025-11-03,Z7,P1,875.52,1057.76,993.8,933.3,1400.4,1560.0
2025-11-04,Z7,P1,1095.41,1245.83,983.5,942.3,1423.1,1521.8
2025-11-05,Z7,P1,644.56,865.94,1017.8,1007.6,1439.0,1697.6
2025-11-06,Z7,P1,863.68,1166.11,999.4,912.8,1484.7,1681.0
2025-11-07,Z7,P1,588.87,1211.18,1021.6,1009.0,1430.3,1637.6
2025-11-08,Z7,P1,280.33,447.48,395.8,415.3,666.1,698.3
2025-11-09,Z7,P1,236.66,34.31,232.5,228.3,454.4,550.7
2025-11-10,Z7,P1,1133.94,875.52,982.4,963.7,1569.9,1708.9
2025-11-11,Z7,P1,1134.56,1095.41,986.7,971.4,1412.3,1575.8
2025-11-12,Z7,P1,693.64,644.56,924.8,878.6,1715.6,1743.7
2025-11-13,Z7,P1,752.48,863.68,936.6,926.7,1448.5,1655.3
2025-11-14,Z7,P1,688.08,588.87,910.5,895.0,1359.7,1466.6
2025-11-15,Z7,P1,458.82,280.33,411.5,402.9,681.6,697.5
2025-11-16,Z7,P1,226.31,236.66,223.2,222.7,440.8,484.3
2025-11-17,Z7,P1,1229.2,1133.94,995.5,996.0,1482.0,1627.0
2025-11-18,Z7,P1,814.71,1134.56,979.8,968.3,1454.7,1657.6
2025-11-19,Z7,P1,763.48,693.64,938.1,976.5,1475.4,1697.4
2025-11-20,Z7,P1,1173.28,752.48,866.9,837.8,1283.7,1297.9
2025-11-21,Z7,P1,787.4,688.08,903.2,880.2,1405.3,1500.1
2025-11-22,Z7,P1,233.85,458.82,411.2,412.6,626.5,685.6
2025-11-23,Z7,P1,41.6,226.31,247.3,249.4,442.8,558.7
2025-11-24,Z7,P1,1084.59,1229.2,976.4,1003.5,1428.4,1594.1
2025-11-25,Z7,P1,1153.96,814.71,976.2,1032.3,1571.6,1583.6
2025-11-26,Z7,P1,1005.39,763.48,848.6,835.8,1701.7,1701.7
2025-11-27,Z7,P1,1081.23,1173.28,920.7,858.8,1338.9,1475.6
2025-11-28,Z7,P1,765.66,787.4,769.9,820.6,1273.2,1287.1
2025-11-29,Z7,P1,442.88,233.85,373.6,380.1,614.5,648.2
2025-11-30,Z7,P1,416.66,41.6,167.7,215.2,451.8,494.8
2025-12-01,Z7,P1,1175.27,1084.59,956.1,962.1,1409.7,1539.3
2025-12-02,Z7,P1,1278.49,1153.96,1009.1,1019.4,1492.4,1761.2
2025-12-03,Z7,P1,633.36,1005.39,899.3,830.7,1360.0,1436.1
2025-12-04,Z7,P1,919.0,1081.23,900.0,947.1,1337.0,1442.7
2025-12-05,Z7,P1,1444.09,765.66,820.0,827.0,1225.9,1225.9
2025-12-06,Z7,P1,215.23,442.88,333.3,352.7,530.5,617.5
2025-12-07,Z7,P1,76.32,416.66,277.1,287.1,463.9,498.0
2025-12-08,Z7,P1,1152.92,1175.27,915.1,948.2,1361.1,1571.7
2025-12-09,Z7,P1,1098.41,1278.49,953.9,974.6,1502.8,1626.6
2025-12-10,Z7,P1,1245.64,633.36,826.1,785.3,1250.4,1269.3
2025-12-11,Z7,P1,1019.81,919.0,905.7,885.9,1430.3,1568.9
2025-12-12,Z7,P1,831.76,1444.09,942.1,870.9,1442.2,1513.6
2025-12-13,Z7,P1,236.99,215.23,396.0,385.3,642.9,647.4
2025-12-14,Z7,P1,69.26,76.32,237.6,243.7,482.5,530.6
2025-12-17,Z7,P1,270.77,1245.64,926.5,888.1,1464.8,1604.6
2025-12-18,Z7,P1,936.81,1019.81,909.8,910.4,1399.4,1589.6
2025-12-19,Z7,P1,996.23,831.76,918.8,892.3,1406.8,1406.8
2025-12-20,Z7,P1,602.1,236.99,302.8,269.8,536.0,574.1
2025-12-21,Z7,P1,198.03,69.26,166.0,151.6,349.5,429.1
2025-12-24,Z7,P1,301.95,270.77,405.6,402.0,926.3,1143.8
2025-12-25,Z7,P1,135.53,936.81,412.5,576.1,1153.2,1379.8
2025-12-26,Z7,P1,90.11,996.23,465.7,626.2,1294.3,1466.4
2025-12-27,Z7,P1,200.38,602.1,338.5,364.7,620.6,633.5
2025-12-28,Z7,P1,72.52,198.03,167.6,125.4,342.6,407.9
2025-12-29,Z7,P1,331.23,417.09,527.1,536.3,1591.7,1711.3
2025-12-30,Z7,P1,306.67,674.43,605.4,578.8,1699.7,1790.1
2025-12-31,Z7,P1,317.37,301.95,378.8,352.8,952.9,1449.7
2026-01-01,Z7,P1,0.0,135.53,456.2,447.1,883.2,1090.1
2026-01-02,Z7,P1,119.26,90.11,406.2,494.7,911.0,1075.3
2026-01-03,Z7,P1,381.23,200.38,268.8,244.3,453.4,585.2
2026-01-04,Z7,P1,96.96,72.52,141.2,113.8,303.8,421.3
2026-01-05,Z7,P1,1050.5,331.23,782.9,692.7,1106.6,1182.1
2026-01-06,Z7,P1,762.5,306.67,738.2,717.3,1126.8,1173.0
2026-01-07,Z7,P1,687.66,317.37,679.2,638.6,1014.2,1419.7
2026-01-08,Z7,P1,775.57,0.0,695.9,838.8,1045.3,1480.2
2026-01-09,Z7,P1,1125.08,119.26,680.5,565.8,1111.1,1528.8
2026-01-10,Z7,P1,458.78,381.23,382.2,373.1,594.0,670.4
2026-01-11,Z7,P1,289.4,96.96,167.2,160.9,397.7,428.5
2026-01-12,Z7,P1,1011.23,1050.5,880.2,867.9,1401.1,1774.9
2026-01-13,Z7,P1,1080.14,762.5,803.5,771.1,1142.4,1482.9
2026-01-14,Z7,P1,938.21,687.66,731.3,752.2,1053.7,1490.2
2026-01-15,Z7,P1,1061.88,775.57,817.6,821.8,1446.3,1690.9
2026-01-16,Z7,P1,565.44,1125.08,861.3,824.0,1387.9,1848.6
2026-01-17,Z7,P1,222.71,458.78,427.8,451.8,666.5,707.9
2026-01-18,Z7,P1,192.9,289.4,172.5,197.4,356.6,456.9
2026-01-19,Z7,P1,852.17,1011.23,760.5,752.1,1228.4,1383.2
2026-01-20,Z7,P1,942.59,1080.14,753.0,764.9,1234.4,1367.5
2026-01-21,Z7,P1,1009.58,938.21,783.0,754.1,1200.6,1403.5
2026-01-22,Z7,P1,848.64,1061.88,708.9,779.0,1287.8,1397.4
2026-01-23,Z7,P1,1149.57,565.44,749.9,719.5,1224.1,1296.9
2026-01-24,Z7,P1,418.17,222.71,359.0,369.5,632.5,688.3
2026-01-25,Z7,P1,280.78,192.9,214.1,225.1,422.2,505.5
2026-01-26,Z7,P1,808.11,852.17,835.5,777.6,1302.7,1350.2
2026-01-27,Z7,P1,1035.03,942.59,822.1,768.5,1385.4,1522.9
2026-01-28,Z7,P1,1027.48,1009.58,790.3,789.3,1246.4,1330.2
2026-01-29,Z7,P1,1064.06,848.64,721.0,819.5,1271.2,1328.5
2026-01-30,Z7,P1,879.75,1149.57,960.3,877.1,1449.8,1739.5
2026-01-31,Z7,P1,553.0,418.17,353.7,365.8,568.0,648.6
2026-02-01,Z7,P1,163.0,280.78,190.4,207.1,370.4,439.3
2026-02-02,Z7,P1,822.85,808.11,881.4,877.9,1302.2,1445.8
2026-02-03,Z7,P1,1169.06,1035.03,895.8,899.9,1381.5,1479.4
2026-02-04,Z7,P1,457.3,1027.48,922.6,881.0,1403.3,1508.0
2026-02-05,Z7,P1,975.35,1064.06,931.7,872.0,1387.0,1530.8
2026-02-06,Z7,P1,988.83,879.75,899.3,882.7,1250.0,1388.3
2026-02-07,Z7,P1,390.46,553.0,427.2,458.2,645.5,657.1
2026-02-08,Z7,P1,313.97,163.0,214.5,226.6,408.6,473.8
2026-02-09,Z7,P1,847.82,822.85,851.2,833.6,1165.5,1335.2
2026-02-10,Z7,P1,1345.2,1169.06,918.7,941.3,1237.6,1419.6
2026-02-11,Z7,P1,1338.35,457.3,786.2,744.4,1123.5,1264.0
2026-02-12,Z7,P1,619.2,975.35,859.1,893.2,1248.6,1435.4
2026-02-13,Z7,P1,830.28,988.83,885.1,901.3,1372.9,1499.3
2026-02-14,Z7,P1,338.82,390.46,429.3,425.2,659.1,710.1
2026-02-15,Z7,P1,144.26,313.97,250.6,238.1,460.9,515.4
2026-02-16,Z7,P1,613.74,847.82,850.1,818.5,1202.7,1283.1
2026-02-17,Z7,P1,807.97,1345.2,944.7,1002.4,1365.8,1503.9
2026-02-18,Z7,P1,1165.98,1338.35,941.3,873.4,1443.1,1504.0
2026-02-19,Z7,P1,692.13,619.2,821.1,785.6,1227.4,1309.8
2026-02-20,Z7,P1,652.6,830.28,874.5,898.1,1237.7,1381.4
2026-02-21,Z7,P1,118.85,338.82,411.0,399.2,633.8,690.4
2026-02-22,Z7,P1,352.74,144.26,229.8,229.8,403.4,500.6
2026-02-23,Z7,P1,1026.73,613.74,784.6,759.7,1159.5,1260.6
2026-02-24,Z7,P1,683.09,807.97,930.0,883.2,1401.5,1468.3
2026-02-25,Z7,P1,601.93,1165.98,915.4,951.6,1386.9,1488.3
2026-02-26,Z7,P1,765.64,692.13,779.5,764.1,1134.0,1285.1
2026-02-27,Z7,P1,1255.67,652.6,799.2,780.6,1113.5,1251.8
2026-02-28,Z7,P1,515.14,118.85,358.4,358.3,597.4,704.4
2026-03-01,Z7,P1,267.26,352.74,234.8,250.3,428.2,491.6
2026-03-02,Z7,P1,734.36,1026.73,902.2,828.4,1304.9,1449.9
2026-03-03,Z7,P1,975.37,683.09,874.6,855.3,1353.9,1518.7
2026-03-04,Z7,P1,813.3,601.93,813.3,784.5,1326.3,1448.6
2026-03-05,Z7,P1,985.28,765.64,829.4,799.7,1182.1,1307.1
2026-03-06,Z7,P1,637.85,1255.67,972.0,938.1,1402.1,1509.0
2026-03-07,Z7,P1,533.94,515.14,396.4,426.3,627.9,652.2
2026-03-08,Z7,P1,141.69,267.26,263.0,244.0,494.6,549.1
2026-03-09,Z7,P1,1210.96,734.36,849.7,812.1,1208.5,1323.0
2026-03-10,Z7,P1,765.03,975.37,941.5,903.8,1500.0,1621.4
2026-03-11,Z7,P1,742.9,813.3,916.0,938.2,1448.1,1534.7
2026-03-12,Z7,P1,974.43,985.28,828.5,809.1,1234.9,1366.8
2026-03-13,Z7,P1,692.44,637.85,828.1,754.6,1173.6,1292.8
2026-03-14,Z7,P1,477.43,533.94,367.6,428.7,636.1,682.8
2026-03-15,Z7,P1,138.11,141.69,270.0,232.5,472.4,578.0
2026-03-16,Z7,P1,809.51,1210.96,974.9,907.0,1328.9,1493.5
2026-03-17,Z7,P1,683.52,765.03,846.3,810.3,1190.0,1340.3
2026-03-18,Z7,P1,699.89,742.9,843.1,833.0,1214.6,1431.5
2026-03-19,Z7,P1,1034.93,974.43,857.2,849.8,1215.1,1350.4
2026-03-20,Z7,P1,752.57,692.44,837.9,830.4,1241.7,1383.9
2026-03-21,Z7,P1,364.55,477.43,440.4,443.5,657.3,721.1
2026-03-22,Z7,P1,358.87,138.11,302.0,264.9,475.0,569.6
2026-03-23,Z7,P1,734.23,809.51,904.0,870.5,1218.0,1399.6
2026-03-24,Z7,P1,399.96,683.52,845.7,860.2,1253.4,1359.6
2026-03-25,Z7,P1,484.77,699.89,797.2,787.7,1130.7,1270.8
2026-03-26,Z7,P1,1384.32,1034.93,874.5,875.3,1237.3,1376.9
2026-03-27,Z7,P1,703.68,752.57,858.1,857.4,1250.4,1372.1
2026-03-28,Z7,P1,472.35,364.55,509.8,495.6,698.4,801.3
2026-03-29,Z7,P1,324.23,358.87,271.0,263.6,448.4,560.5
2026-03-30,Z7,P1,1132.36,734.23,837.5,813.2,1177.1,1372.2
2026-03-31,Z7,P1,1309.9,399.96,795.5,752.7,1188.9,1364.7
2026-04-01,Z7,P1,971.07,484.77,745.8,714.4,1029.9,1151.0
2026-04-02,Z7,P1,1283.91,1384.32,938.6,989.3,1331.4,1444.2
2026-04-03,Z7,P1,917.33,703.68,797.4,781.5,1150.7,1255.4
2026-04-04,Z7,P1,679.17,472.35,455.1,473.1,642.0,776.3
2026-04-05,Z7,P1,109.76,324.23,278.5,258.3,470.8,545.2
2026-04-06,Z7,P1,347.29,1132.36,881.1,834.2,1233.2,1431.2
2026-04-07,Z7,P1,937.05,1309.9,929.7,868.8,1348.6,1524.0
2026-04-08,Z7,P1,797.51,971.07,876.8,828.0,1334.4,1507.5
2026-04-09,Z7,P1,770.77,1283.91,1013.2,1073.2,1531.7,1591.3
2026-04-10,Z7,P1,690.6,917.33,901.2,845.2,1307.0,1429.3
2026-04-11,Z7,P1,610.19,679.17,484.8,501.5,759.4,807.6
2026-04-12,Z7,P1,249.29,109.76,235.7,230.2,455.1,518.0
2026-04-13,Z7,P1,874.88,347.29,782.6,719.5,1110.5,1200.8
2026-04-14,Z7,P1,1185.03,937.05,899.8,890.7,1298.4,1473.5
2026-04-15,Z7,P1,765.58,797.51,848.8,856.8,1209.8,1306.1
2026-04-16,Z7,P1,812.95,770.77,927.1,895.7,1376.4,1577.7
2026-04-17,Z7,P1,976.03,690.6,782.5,765.3,1131.7,1269.4
2026-04-18,Z7,P1,566.07,610.19,467.6,531.8,719.0,793.6
2026-04-19,Z7,P1,458.38,249.29,274.3,276.6,485.2,526.7
2026-04-20,Z7,P1,1392.92,874.88,836.1,797.9,1167.6,1591.1
2026-04-21,Z7,P1,756.82,1185.03,880.7,898.2,1314.2,1513.0
2026-04-22,Z7,P1,1119.58,765.58,808.8,806.8,1145.9,1271.0
2026-04-23,Z7,P1,1118.7,812.95,890.1,900.9,1332.5,1492.3
2026-04-24,Z7,P1,800.64,976.03,849.5,871.6,1382.8,1528.1
2026-04-25,Z7,P1,254.57,566.07,473.7,523.9,765.2,786.1
2026-04-26,Z7,P1,156.33,458.38,241.7,253.9,496.1,563.5
2026-04-27,Z7,P1,190.59,1392.92,784.7,847.6,1407.2,1505.4
2026-04-28,Z7,P1,642.54,756.82,778.4,878.7,1349.7,1449.5
2026-04-29,Z7,P1,977.09,1119.58,765.4,811.8,1273.4,1440.9
2026-04-30,Z7,P1,1150.5,1118.7,799.0,857.2,1335.0,1475.4
2025-10-01,Z7,P2,68.99,63.73,87.9,91.4,166.7,195.2
2025-10-02,Z7,P2,21.65,33.65,85.8,90.1,149.5,191.4
2025-10-03,Z7,P2,104.8,182.86,111.7,104.9,171.5,206.9
2025-10-04,Z7,P2,51.54,248.49,118.4,114.4,217.1,258.2
2025-10-05,Z7,P2,28.35,81.79,117.2,105.4,205.4,263.8
2025-10-06,Z7,P2,100.78,39.66,82.1,77.7,141.9,175.0
2025-10-07,Z7,P2,93.75,58.24,94.0,89.9,167.1,199.0
2025-10-08,Z7,P2,17.89,68.99,90.6,89.0,161.4,193.6
2025-10-09,Z7,P2,46.03,21.65,76.3,83.9,111.5,147.4
2025-10-10,Z7,P2,207.12,104.8,120.5,119.4,236.8,266.5
2025-10-11,Z7,P2,141.21,51.54,107.2,98.9,191.8,220.0
2025-10-12,Z7,P2,136.21,28.35,84.1,82.9,143.9,188.9
2025-10-13,Z7,P2,52.43,100.78,81.9,83.9,154.2,188.5
2025-10-14,Z7,P2,23.83,93.75,86.1,87.3,168.2,194.9
2025-10-15,Z7,P2,81.97,17.89,75.7,73.6,126.6,181.0
2025-10-16,Z7,P2,37.61,46.03,73.9,71.0,112.4,166.6
2025-10-17,Z7,P2,41.99,207.12,102.4,101.4,184.6,211.8
2025-10-18,Z7,P2,34.22,141.21,113.6,114.7,228.1,252.7
2025-10-19,Z7,P2,65.87,136.21,95.4,89.8,153.1,183.2
2025-10-20,Z7,P2,34.37,52.43,86.0,73.8,152.6,179.8
2025-10-21,Z7,P2,53.69,23.83,90.2,78.1,150.9,189.8
2025-10-22,Z7,P2,84.97,81.97,90.1,91.0,170.2,195.2
2025-10-23,Z7,P2,75.58,37.61,90.7,88.8,134.9,184.8
2025-10-24,Z7,P2,112.87,41.99,119.8,124.0,221.1,270.8
2025-10-25,Z7,P2,143.46,34.22,106.0,112.7,189.7,243.6
2025-10-26,Z7,P2,58.33,65.87,82.0,83.0,134.3,149.5
2025-10-27,Z7,P2,62.27,34.37,76.1,67.2,145.6,179.9
2025-10-28,Z7,P2,35.6,53.69,86.4,77.3,161.0,201.3
2025-10-29,Z7,P2,157.61,84.97,78.3,80.6,150.3,178.0
2025-10-30,Z7,P2,106.69,75.58,77.5,86.3,139.6,159.2
2025-10-31,Z7,P2,67.61,112.87,97.1,102.4,185.4,204.8
2025-11-01,Z7,P2,162.05,143.46,90.5,98.1,160.0,174.4
2025-11-02,Z7,P2,84.74,58.33,78.4,84.6,164.7,171.9
2025-11-03,Z7,P2,24.85,62.27,71.3,74.4,133.2,159.6
2025-11-04,Z7,P2,29.67,35.6,67.7,70.5,119.3,147.8
2025-11-05,Z7,P2,161.41,157.61,75.7,79.3,161.2,172.4
2025-11-06,Z7,P2,93.57,106.69,75.8,84.7,146.5,164.4
2025-11-07,Z7,P2,60.05,67.61,111.3,110.0,211.8,231.4
2025-11-08,Z7,P2,56.47,162.05,99.8,102.3,183.8,214.3
2025-11-09,Z7,P2,61.27,84.74,91.8,89.1,167.8,173.0
2025-11-10,Z7,P2,43.68,24.85,65.2,60.5,114.4,150.4
2025-11-11,Z7,P2,38.82,29.67,70.8,66.9,134.3,164.6
2025-11-12,Z7,P2,92.44,161.41,80.9,84.8,179.1,200.7
2025-11-13,Z7,P2,84.9,93.57,80.5,90.7,154.3,172.7
2025-11-14,Z7,P2,49.22,60.05,92.4,93.7,164.5,193.4
2025-11-15,Z7,P2,115.83,56.47,94.8,94.1,198.6,212.3
2025-11-16,Z7,P2,48.63,61.27,82.5,69.7,147.7,171.0
2025-11-17,Z7,P2,149.21,43.68,66.0,51.9,113.9,147.6
2025-11-18,Z7,P2,78.81,38.82,68.6,52.7,118.4,151.6
2025-11-19,Z7,P2,149.47,92.44,81.0,76.1,193.3,208.1
2025-11-20,Z7,P2,8.9,84.9,80.2,76.5,155.2,183.9
2025-11-21,Z7,P2,59.79,49.22,95.8,81.7,164.9,195.9
2025-11-22,Z7,P2,42.82,115.83,101.7,93.9,179.8,193.1
2025-11-23,Z7,P2,48.99,48.63,67.2,51.1,122.0,146.2
2025-11-24,Z7,P2,77.26,149.21,73.4,62.9,131.3,160.9
2025-11-25,Z7,P2,45.08,78.81,75.4,68.7,133.1,163.2
2025-11-26,Z7,P2,39.06,149.47,78.9,79.3,168.6,192.9
2025-11-27,Z7,P2,83.92,8.9,79.0,67.2,147.3,173.3
2025-11-28,Z7,P2,147.74,59.79,82.8,75.4,130.2,161.7
2025-11-29,Z7,P2,158.56,42.82,78.0,73.3,132.0,167.5
2025-11-30,Z7,P2,63.52,48.99,61.8,54.3,111.9,111.9
2025-12-01,Z7,P2,19.96,77.26,72.3,63.8,141.6,166.5
2025-12-02,Z7,P2,178.43,45.08,67.0,53.7,121.7,167.2
2025-12-03,Z7,P2,45.85,39.06,68.6,60.2,145.2,203.6
2025-12-04,Z7,P2,112.42,83.92,69.1,69.4,138.0,162.9
2025-12-05,Z7,P2,22.56,147.74,93.8,85.2,167.8,179.0
2025-12-06,Z7,P2,97.95,158.56,91.5,90.4,159.7,181.9
2025-12-07,Z7,P2,89.25,63.52,69.1,70.4,120.3,144.3
2025-12-08,Z7,P2,54.26,19.96,60.2,55.8,138.3,160.6
2025-12-09,Z7,P2,129.94,178.43,68.3,59.3,139.3,170.8
2025-12-10,Z7,P2,121.33,45.85,75.4,72.8,156.0,178.9
2025-12-11,Z7,P2,43.14,112.42,77.7,70.2,137.0,162.3
2025-12-12,Z7,P2,90.93,22.56,73.8,63.5,131.8,182.9
2025-12-13,Z7,P2,86.76,97.95,89.9,81.7,138.2,185.1
2025-12-14,Z7,P2,23.88,89.25,66.7,65.5,115.3,128.1
2025-12-17,Z7,P2,7.45,121.33,72.7,67.6,151.7,170.3
2025-12-18,Z7,P2,98.89,43.14,70.3,56.9,128.0,154.1
2025-12-19,Z7,P2,25.93,90.93,92.7,89.5,170.0,190.8
2025-12-20,Z7,P2,0.0,86.76,82.7,62.0,140.9,172.1
2025-12-21,Z7,P2,35.05,23.88,52.0,32.4,102.6,106.3
2025-12-24,Z7,P2,33.09,7.45,53.2,46.8,128.3,159.0
2025-12-25,Z7,P2,59.51,98.89,69.7,59.2,155.1,194.7
2025-12-26,Z7,P2,66.53,25.93,71.6,55.9,107.4,147.7
2025-12-27,Z7,P2,30.84,0.0,67.8,60.0,114.9,175.3
2025-12-28,Z7,P2,30.1,35.05,48.9,33.3,95.2,130.1
2025-12-29,Z7,P2,33.79,58.8,63.8,54.9,207.1,235.0
2025-12-30,Z7,P2,5.54,48.75,108.2,79.8,281.3,281.5
2025-12-31,Z7,P2,17.02,33.09,61.7,50.4,140.4,193.5
2026-01-01,Z7,P2,25.13,59.51,50.4,42.0,107.2,167.0
2026-01-02,Z7,P2,49.09,66.53,59.4,47.6,118.4,176.9
2026-01-03,Z7,P2,12.34,30.84,46.4,46.4,76.6,122.3
2026-01-04,Z7,P2,18.31,30.1,34.1,21.6,72.0,98.4
2026-01-05,Z7,P2,11.98,33.79,47.9,33.4,170.8,218.3
2026-01-06,Z7,P2,14.5,5.54,60.7,46.4,208.8,226.8
2026-01-07,Z7,P2,109.33,17.02,53.6,34.7,116.2,135.0
2026-01-08,Z7,P2,188.27,25.13,63.6,60.3,134.4,164.0
2026-01-09,Z7,P2,27.53,49.09,68.3,61.5,111.2,135.8
2026-01-10,Z7,P2,31.87,12.34,86.2,51.6,104.3,139.6
2026-01-11,Z7,P2,0.0,18.31,40.1,24.0,79.5,110.2
2026-01-12,Z7,P2,114.63,11.98,62.3,49.5,120.3,145.3
2026-01-13,Z7,P2,67.91,14.5,54.4,28.9,88.6,121.5
2026-01-14,Z7,P2,61.21,109.33,73.3,62.8,136.7,145.7
2026-01-15,Z7,P2,54.13,188.27,55.5,58.3,132.2,146.7
2026-01-16,Z7,P2,67.19,27.53,60.4,48.3,105.7,136.0
2026-01-17,Z7,P2,150.12,31.87,54.9,32.0,68.6,115.7
2026-01-18,Z7,P2,114.28,0.0,40.9,19.6,55.4,77.2
2026-01-19,Z7,P2,37.13,114.63,58.6,59.3,124.2,143.3
2026-01-20,Z7,P2,24.08,67.91,51.1,43.2,106.1,129.7
2026-01-21,Z7,P2,82.37,61.21,51.7,49.5,117.3,149.1
2026-01-22,Z7,P2,79.99,54.13,56.3,51.4,147.0,165.9
2026-01-23,Z7,P2,144.3,67.19,74.3,73.3,141.3,161.4
2026-01-24,Z7,P2,86.12,150.12,78.5,68.3,129.9,153.5
2026-01-25,Z7,P2,106.65,114.28,54.2,52.1,93.9,104.3
2026-01-26,Z7,P2,151.61,37.13,60.2,41.9,111.5,148.7
2026-01-27,Z7,P2,24.89,24.08,62.8,51.4,124.5,157.0
2026-01-28,Z7,P2,79.73,82.37,65.6,56.6,147.2,147.2
2026-01-29,Z7,P2,53.59,79.99,71.9,69.1,159.7,167.6
2026-01-30,Z7,P2,116.66,144.3,74.2,72.5,128.1,147.8
2026-01-31,Z7,P2,124.52,86.12,84.0,77.9,148.9,175.7
2026-02-01,Z7,P2,61.54,106.65,70.0,61.8,111.9,114.0
2026-02-02,Z7,P2,68.34,151.61,64.1,64.3,140.3,151.5
2026-02-03,Z7,P2,6.65,24.89,62.3,57.8,124.4,150.1
2026-02-04,Z7,P2,153.12,79.73,74.6,69.9,141.8,165.4
2026-02-05,Z7,P2,139.63,53.59,78.3,86.4,187.6,218.3
2026-02-06,Z7,P2,16.42,116.66,84.2,81.8,143.2,175.0
2026-02-07,Z7,P2,12.31,124.52,86.4,84.6,156.3,156.3
2026-02-08,Z7,P2,48.47,61.54,68.3,57.3,139.3,139.3
2026-02-09,Z7,P2,42.4,68.34,74.6,66.6,143.9,181.2
2026-02-10,Z7,P2,11.08,6.65,62.2,42.5,100.7,129.2
2026-02-11,Z7,P2,20.79,153.12,66.3,53.4,139.6,155.7
2026-02-12,Z7,P2,87.74,139.63,74.5,63.2,151.0,165.9
2026-02-13,Z7,P2,3.04,16.42,70.4,67.8,151.0,162.6
2026-02-14,Z7,P2,43.98,12.31,59.4,56.2,166.2,173.0
2026-02-15,Z7,P2,93.58,48.47,74.4,56.5,131.2,143.3
2026-02-16,Z7,P2,31.15,42.4,68.5,61.4,142.0,162.3
2026-02-17,Z7,P2,0.0,11.08,60.2,41.6,101.2,131.9
2026-02-18,Z7,P2,101.2,20.79,73.2,66.3,141.9,181.9
2026-02-19,Z7,P2,72.29,87.74,80.0,80.4,148.8,188.0
2026-02-20,Z7,P2,127.19,3.04,88.7,75.2,160.5,172.8
2026-02-21,Z7,P2,30.89,43.98,75.1,73.8,129.9,141.0
2026-02-22,Z7,P2,10.96,93.58,72.8,75.4,137.7,146.6
2026-02-23,Z7,P2,105.49,31.15,69.7,71.2,146.2,184.6
2026-02-24,Z7,P2,27.02,0.0,54.1,35.0,90.7,119.9
2026-02-25,Z7,P2,50.46,101.2,69.5,74.4,155.4,169.0
2026-02-26,Z7,P2,79.98,72.29,69.7,82.5,158.0,174.0
2026-02-27,Z7,P2,69.14,127.19,79.2,75.8,136.4,159.3
2026-02-28,Z7,P2,47.83,30.89,60.4,65.1,117.8,136.8
2026-03-01,Z7,P2,34.76,10.96,57.4,47.0,101.2,109.5
2026-03-02,Z7,P2,55.37,105.49,63.4,57.8,113.6,140.3
2026-03-03,Z7,P2,46.91,27.02,54.1,27.1,84.3,113.5
2026-03-04,Z7,P2,72.06,50.46,71.7,74.3,141.8,149.0
2026-03-05,Z7,P2,47.74,79.98,86.1,87.1,174.3,193.3
2026-03-06,Z7,P2,103.94,69.14,84.3,80.2,134.3,139.8
2026-03-07,Z7,P2,16.92,47.83,72.3,57.8,90.4,122.9
2026-03-08,Z7,P2,147.04,34.76,52.8,42.7,111.2,121.7
2026-03-09,Z7,P2,158.85,55.37,68.7,61.1,129.5,174.1
2026-03-10,Z7,P2,13.48,46.91,59.5,42.1,90.1,105.9
2026-03-11,Z7,P2,3.46,72.06,71.2,59.9,141.2,153.6
2026-03-12,Z7,P2,49.66,47.74,72.3,65.5,144.8,179.6
2026-03-13,Z7,P2,26.89,103.94,83.8,80.1,155.1,158.7
2026-03-14,Z7,P2,80.45,16.92,74.1,64.3,122.3,168.5
2026-03-15,Z7,P2,44.26,147.04,78.2,74.8,133.4,157.1
2026-03-16,Z7,P2,146.98,158.85,76.1,69.6,153.0,166.4
2026-03-17,Z7,P2,123.24,13.48,52.1,39.4,92.0,124.8
2026-03-18,Z7,P2,54.49,3.46,73.3,68.3,141.9,173.6
2026-03-19,Z7,P2,96.57,49.66,77.5,75.3,150.8,175.9
2026-03-20,Z7,P2,15.03,26.89,98.2,100.7,168.8,193.8
2026-03-21,Z7,P2,104.63,80.45,87.2,86.0,119.6,143.6
2026-03-22,Z7,P2,41.26,44.26,80.2,67.4,144.0,190.9
2026-03-23,Z7,P2,49.59,146.98,90.0,88.8,159.3,208.3
2026-03-24,Z7,P2,18.4,123.24,70.5,74.9,121.9,133.5
2026-03-25,Z7,P2,22.38,54.49,72.8,72.1,138.1,175.9
2026-03-26,Z7,P2,93.04,96.57,74.2,87.7,129.4,153.0
2026-03-27,Z7,P2,53.61,15.03,92.6,95.4,153.5,181.1
2026-03-28,Z7,P2,133.93,104.63,98.5,100.7,143.2,156.1
2026-03-29,Z7,P2,55.07,41.26,64.3,69.2,152.0,160.8
2026-03-30,Z7,P2,57.58,49.59,75.9,80.1,180.1,209.7
2026-03-31,Z7,P2,23.48,18.4,61.3,58.2,126.9,148.9
2026-04-01,Z7,P2,26.79,22.38,70.8,59.6,118.8,138.0
2026-04-02,Z7,P2,12.85,93.04,79.6,89.7,146.0,155.6
2026-04-03,Z7,P2,128.92,53.61,77.6,83.0,125.4,140.6
2026-04-04,Z7,P2,46.52,133.93,86.9,86.6,144.8,156.2
2026-04-05,Z7,P2,10.71,55.07,67.5,72.6,120.4,130.8
2026-04-06,Z7,P2,81.41,57.58,65.8,75.8,157.9,178.2
2026-04-07,Z7,P2,149.15,23.48,53.6,50.8,138.9,155.3
2026-04-08,Z7,P2,54.0,26.79,46.8,41.6,88.5,113.8
2026-04-09,Z7,P2,107.68,12.85,61.8,62.5,123.6,161.8
2026-04-10,Z7,P2,72.43,128.92,66.5,71.6,113.8,134.0
2026-04-11,Z7,P2,134.73,46.52,76.1,72.3,151.5,170.5
2026-04-12,Z7,P2,56.03,10.71,53.2,46.1,99.3,133.0
2026-04-13,Z7,P2,46.5,81.41,60.1,65.1,134.8,158.7
2026-04-14,Z7,P2,84.17,149.15,64.7,63.7,126.5,151.0
2026-04-15,Z7,P2,53.76,54.0,63.0,59.9,109.6,142.5
2026-04-16,Z7,P2,12.18,107.68,70.8,72.8,142.9,167.6
2026-04-17,Z7,P2,107.97,72.43,92.3,88.2,141.4,144.0
2026-04-18,Z7,P2,142.41,134.73,88.4,93.6,165.7,184.7
2026-04-19,Z7,P2,62.32,56.03,55.7,47.5,89.2,97.7
2026-04-20,Z7,P2,90.29,46.5,64.1,62.3,123.1,145.2
2026-04-21,Z7,P2,97.24,84.17,68.5,69.0,129.2,164.8
2026-04-22,Z7,P2,87.11,53.76,59.3,53.7,108.6,148.2
2026-04-23,Z7,P2,123.68,12.18,62.4,54.6,125.7,146.0
2026-04-24,Z7,P2,18.43,107.97,71.8,71.9,157.4,160.5
2026-04-25,Z7,P2,81.02,142.41,76.8,69.3,153.1,175.6
2026-04-26,Z7,P2,53.74,62.32,54.9,51.9,104.9,140.6
2026-04-27,Z7,P2,47.15,90.29,62.4,58.2,154.8,180.7
2026-04-28,Z7,P2,115.89,97.24,70.5,64.5,152.2,161.1
2026-04-29,Z7,P2,36.67,87.11,66.1,56.7,128.2,150.0
2026-04-30,Z7,P2,82.9,123.68,77.0,58.6,145.4,155.7
2025-10-01,Z7,P3,837.97,866.51,753.9,750.0,977.4,1040.5
2025-10-02,Z7,P3,365.83,954.94,761.6,749.0,1067.8,1174.8
2025-10-03,Z7,P3,1076.41,864.44,809.0,807.9,1053.3,1102.4
2025-10-04,Z7,P3,706.57,597.22,622.4,582.5,854.7,854.7
2025-10-05,Z7,P3,443.66,349.56,451.8,454.9,615.1,708.2
2025-10-06,Z7,P3,629.3,649.12,714.9,698.9,915.0,935.2
2025-10-07,Z7,P3,742.12,577.11,722.4,707.8,983.1,1017.2
2025-10-08,Z7,P3,662.7,837.97,764.3,748.5,987.0,1051.8
2025-10-09,Z7,P3,872.61,365.83,664.5,660.3,983.2,1003.5
2025-10-10,Z7,P3,702.52,1076.41,829.6,793.0,1137.1,1252.8
2025-10-11,Z7,P3,644.1,706.57,603.7,592.4,796.7,891.6
2025-10-12,Z7,P3,409.43,443.66,407.9,410.9,570.6,631.0
2025-10-13,Z7,P3,627.98,629.3,698.7,697.5,911.2,959.1
2025-10-14,Z7,P3,873.03,742.12,699.2,703.8,899.1,1026.2
2025-10-15,Z7,P3,830.71,662.7,717.2,712.4,962.9,1088.3
2025-10-16,Z7,P3,818.23,872.61,732.1,751.4,993.0,1074.7
2025-10-17,Z7,P3,659.44,702.52,767.9,751.4,1060.2,1115.5
2025-10-18,Z7,P3,571.84,644.1,607.0,622.2,814.1,829.3
2025-10-19,Z7,P3,382.57,409.43,439.6,444.8,609.2,680.5
2025-10-20,Z7,P3,660.43,627.98,699.6,681.3,914.0,951.7
2025-10-21,Z7,P3,610.02,873.03,758.9,746.5,1001.6,1016.6
2025-10-22,Z7,P3,909.67,830.71,773.6,762.8,1046.2,1062.8
2025-10-23,Z7,P3,772.18,818.23,763.3,739.2,978.9,1073.5
2025-10-24,Z7,P3,951.24,659.44,779.0,770.3,1082.6,1144.9
2025-10-25,Z7,P3,529.12,571.84,629.7,640.7,803.3,867.9
2025-10-26,Z7,P3,451.69,382.57,401.4,374.3,614.3,690.2
2025-10-27,Z7,P3,650.22,660.43,735.9,707.1,987.5,1033.6
2025-10-28,Z7,P3,810.59,610.02,692.5,686.1,933.9,960.9
2025-10-29,Z7,P3,731.3,909.67,751.5,732.1,1090.2,1186.8
2025-10-30,Z7,P3,448.83,772.18,759.7,779.8,1034.4,1119.1
2025-10-31,Z7,P3,877.07,951.24,802.1,775.4,1193.0,1258.4
2025-11-01,Z7,P3,700.5,529.12,633.1,646.9,787.8,857.9
2025-11-02,Z7,P3,399.45,451.69,454.5,462.6,616.7,684.2
2025-11-03,Z7,P3,587.7,650.22,732.3,706.1,993.9,1024.7
2025-11-04,Z7,P3,762.21,810.59,743.7,755.3,973.8,1061.8
2025-11-05,Z7,P3,838.32,731.3,744.6,740.7,1000.0,1064.8
2025-11-06,Z7,P3,1004.66,448.83,716.3,706.3,921.8,971.1
2025-11-07,Z7,P3,698.32,877.07,789.5,800.0,1099.6,1123.5
2025-11-08,Z7,P3,656.36,700.5,608.9,604.5,815.6,897.6
2025-11-09,Z7,P3,364.02,399.45,407.2,377.9,603.9,644.2
2025-11-10,Z7,P3,524.58,587.7,700.8,682.0,887.7,988.5
2025-11-11,Z7,P3,837.03,762.21,754.6,733.3,1040.4,1068.6
2025-11-12,Z7,P3,653.39,838.32,769.7,773.0,1005.1,1081.4
2025-11-13,Z7,P3,722.07,1004.66,762.2,751.0,1024.3,1134.0
2025-11-14,Z7,P3,598.2,698.32,769.0,763.0,1049.5,1106.7
2025-11-15,Z7,P3,505.52,656.36,639.8,620.9,819.0,905.3
2025-11-16,Z7,P3,482.01,364.02,415.0,400.9,612.4,661.5
2025-11-17,Z7,P3,694.23,524.58,674.2,679.7,884.2,884.2
2025-11-18,Z7,P3,786.49,837.03,784.4,764.7,1106.7,1116.9
2025-11-19,Z7,P3,760.75,653.39,728.0,727.4,960.8,1031.7
2025-11-20,Z7,P3,719.17,722.07,754.9,746.9,1034.5,1094.5
2025-11-21,Z7,P3,707.01,598.2,744.7,761.4,969.6,1069.9
2025-11-22,Z7,P3,918.46,505.52,620.8,636.8,784.6,836.0
2025-11-23,Z7,P3,179.54,482.01,429.4,449.1,578.2,630.9
2025-11-24,Z7,P3,602.95,694.23,675.5,677.3,883.5,930.1
2025-11-25,Z7,P3,910.5,786.49,772.1,755.0,1103.1,1116.9
2025-11-26,Z7,P3,1009.18,760.75,727.0,744.1,973.7,1075.4
2025-11-27,Z7,P3,755.84,719.17,715.2,719.2,1006.6,1140.8
2025-11-28,Z7,P3,927.06,707.01,728.7,747.5,984.5,1023.7
2025-11-29,Z7,P3,294.84,918.46,693.0,665.6,966.1,1065.2
2025-11-30,Z7,P3,449.38,179.54,369.2,355.3,578.0,638.7
2025-12-01,Z7,P3,480.82,602.95,678.0,665.7,849.8,896.8
2025-12-02,Z7,P3,851.05,910.5,768.4,757.2,1036.0,1176.7
2025-12-03,Z7,P3,735.47,1009.18,772.1,743.6,1065.9,1159.6
2025-12-04,Z7,P3,730.11,755.84,752.0,768.1,1017.8,1084.0
2025-12-05,Z7,P3,743.98,927.06,792.4,782.8,1058.7,1151.3
2025-12-06,Z7,P3,396.46,294.84,612.8,585.2,842.6,848.2
2025-12-07,Z7,P3,301.81,449.38,384.6,394.9,556.6,658.6
2025-12-08,Z7,P3,602.47,480.82,621.0,622.3,850.8,854.3
2025-12-09,Z7,P3,424.03,851.05,765.5,807.8,1058.3,1106.5
2025-12-10,Z7,P3,865.52,735.47,761.8,751.1,1092.7,1105.1
2025-12-11,Z7,P3,820.18,730.11,719.4,730.0,941.5,1051.4
2025-12-12,Z7,P3,615.43,743.98,740.7,737.1,979.6,1028.4
2025-12-13,Z7,P3,435.28,396.46,554.7,552.2,759.5,851.6
2025-12-14,Z7,P3,505.8,301.81,383.4,404.1,584.8,624.4
2025-12-17,Z7,P3,211.0,865.52,775.8,798.9,1149.4,1258.7
2025-12-18,Z7,P3,1016.25,820.18,729.7,744.9,965.1,1010.4
2025-12-19,Z7,P3,810.36,615.43,714.3,748.5,965.6,1062.4
2025-12-20,Z7,P3,631.49,435.28,483.3,452.6,640.5,690.2
2025-12-21,Z7,P3,409.99,505.8,387.7,369.7,533.2,574.6
2025-12-24,Z7,P3,608.84,211.0,432.3,498.2,697.1,829.4
2025-12-25,Z7,P3,306.96,1016.25,480.6,643.3,882.9,1028.6
2025-12-26,Z7,P3,361.62,810.36,530.1,634.7,807.1,979.7
2025-12-27,Z7,P3,556.64,631.49,458.0,469.6,673.1,683.4
2025-12-28,Z7,P3,163.01,409.99,379.4,369.7,541.4,592.0
2025-12-29,Z7,P3,489.6,489.34,495.7,497.0,1013.0,1013.0
2025-12-30,Z7,P3,595.07,497.66,506.7,528.3,1039.5,1039.5
2025-12-31,Z7,P3,409.44,608.84,511.8,583.1,796.4,924.9
2026-01-01,Z7,P3,108.44,306.96,474.8,540.3,725.1,850.6
2026-01-02,Z7,P3,530.51,361.62,475.5,524.6,661.9,768.5
2026-01-03,Z7,P3,230.4,556.64,498.5,532.4,736.7,736.7
2026-01-04,Z7,P3,148.49,163.01,306.4,262.7,479.6,532.7
2026-01-05,Z7,P3,551.43,489.6,614.5,572.8,861.3,989.2
2026-01-06,Z7,P3,617.15,595.07,674.4,646.9,897.7,974.1
2026-01-07,Z7,P3,213.36,409.44,559.1,529.7,816.7,862.3
2026-01-08,Z7,P3,235.06,108.44,619.2,564.7,910.8,997.2
2026-01-09,Z7,P3,647.04,530.51,637.3,575.9,864.5,904.6
2026-01-10,Z7,P3,287.89,230.4,521.7,517.9,676.9,714.3
2026-01-11,Z7,P3,183.45,148.49,355.2,316.6,533.1,602.8
2026-01-12,Z7,P3,571.35,551.43,637.4,639.0,883.1,980.1
2026-01-13,Z7,P3,483.29,617.15,668.2,622.5,918.2,949.2
2026-01-14,Z7,P3,798.53,213.36,497.0,481.1,796.4,879.5
2026-01-15,Z7,P3,771.15,235.06,511.8,464.7,796.5,936.9
2026-01-16,Z7,P3,842.99,647.04,653.4,646.4,928.7,1046.5
2026-01-17,Z7,P3,597.95,287.89,538.0,477.8,674.0,785.8
2026-01-18,Z7,P3,322.55,183.45,298.2,277.7,443.1,534.7
2026-01-19,Z7,P3,616.7,571.35,574.4,584.2,869.5,1008.5
2026-01-20,Z7,P3,623.91,483.29,576.5,546.4,868.2,1006.3
2026-01-21,Z7,P3,747.02,798.53,633.4,595.5,889.5,1047.5
2026-01-22,Z7,P3,697.42,771.15,620.7,625.7,889.4,1013.6
2026-01-23,Z7,P3,675.6,842.99,660.3,638.5,894.7,1033.2
2026-01-24,Z7,P3,540.95,597.95,497.8,505.4,678.5,757.3
2026-01-25,Z7,P3,470.18,322.55,306.2,285.6,452.1,559.9
2026-01-26,Z7,P3,864.47,616.7,557.5,544.4,856.7,958.6
2026-01-27,Z7,P3,592.66,623.91,632.2,609.5,924.1,1088.9
2026-01-28,Z7,P3,663.74,747.02,625.7,609.2,917.5,1040.0
2026-01-29,Z7,P3,663.7,697.42,636.5,608.1,838.0,1011.9
2026-01-30,Z7,P3,697.39,675.6,631.9,602.7,898.0,973.5
2026-01-31,Z7,P3,537.39,540.95,506.1,516.8,641.7,656.6
2026-02-01,Z7,P3,363.3,470.18,352.3,342.6,498.7,519.0
2026-02-02,Z7,P3,837.0,864.47,663.9,643.8,1012.0,1030.3
2026-02-03,Z7,P3,728.08,592.66,588.1,558.4,820.0,888.8
2026-02-04,Z7,P3,753.62,663.74,643.1,616.1,839.2,954.1
2026-02-05,Z7,P3,792.18,663.7,634.0,632.6,806.5,883.7
2026-02-06,Z7,P3,910.29,697.39,685.6,666.8,931.2,965.8
2026-02-07,Z7,P3,351.79,537.39,528.7,519.6,648.1,675.2
2026-02-08,Z7,P3,476.29,363.3,394.6,386.2,538.9,585.0
2026-02-09,Z7,P3,852.7,837.0,704.5,694.5,957.1,1034.0
2026-02-10,Z7,P3,476.32,728.08,624.1,653.4,851.4,929.1
2026-02-11,Z7,P3,518.0,753.62,690.0,683.6,926.8,938.3
2026-02-12,Z7,P3,807.05,792.18,706.5,713.2,977.4,1000.0
2026-02-13,Z7,P3,850.15,910.29,752.5,730.1,1026.3,1110.7
2026-02-14,Z7,P3,389.05,351.79,547.1,539.4,690.3,747.6
2026-02-15,Z7,P3,565.7,476.29,408.4,387.8,522.6,583.4
2026-02-16,Z7,P3,561.53,852.7,731.6,731.4,993.9,1022.7
2026-02-17,Z7,P3,436.15,476.32,637.0,609.1,841.0,888.3
2026-02-18,Z7,P3,742.56,518.0,669.7,648.7,848.2,848.2
2026-02-19,Z7,P3,473.81,807.05,711.7,712.7,944.0,957.4
2026-02-20,Z7,P3,785.25,850.15,778.0,781.8,1070.4,1070.4
2026-02-21,Z7,P3,662.24,389.05,518.8,513.9,617.4,710.6
2026-02-22,Z7,P3,390.7,565.7,459.3,485.3,566.4,586.9
2026-02-23,Z7,P3,734.52,561.53,688.0,687.4,876.6,932.2
2026-02-24,Z7,P3,770.07,436.15,576.5,578.7,772.7,798.8
2026-02-25,Z7,P3,877.57,742.56,655.1,644.8,862.8,899.7
2026-02-26,Z7,P3,806.85,473.81,629.3,624.5,851.0,870.5
2026-02-27,Z7,P3,590.38,785.25,773.4,763.9,1060.5,1123.9
2026-02-28,Z7,P3,458.11,662.24,536.0,511.2,696.9,814.6
2026-03-01,Z7,P3,493.08,390.7,425.7,415.0,606.3,659.9
2026-03-02,Z7,P3,917.68,734.52,726.0,716.7,976.6,1066.4
2026-03-03,Z7,P3,932.78,770.07,672.1,669.0,911.2,973.5
2026-03-04,Z7,P3,636.16,877.57,716.6,723.0,974.4,989.1
2026-03-05,Z7,P3,539.07,806.85,702.7,696.5,918.9,994.3
2026-03-06,Z7,P3,657.35,590.38,734.2,727.1,979.6,1071.0
2026-03-07,Z7,P3,505.6,458.11,471.4,459.1,707.4,786.3
2026-03-08,Z7,P3,367.41,493.08,448.3,436.1,594.3,678.2
2026-03-09,Z7,P3,344.61,917.68,767.9,748.0,1110.8,1203.9
2026-03-10,Z7,P3,721.21,932.78,754.9,733.5,999.2,1129.4
2026-03-11,Z7,P3,651.84,636.16,694.0,683.7,924.9,973.5
2026-03-12,Z7,P3,633.97,539.07,701.5,703.5,908.2,947.4
2026-03-13,Z7,P3,638.97,657.35,724.8,721.8,954.9,1009.1
2026-03-14,Z7,P3,482.08,505.6,525.0,524.1,724.3,744.6
2026-03-15,Z7,P3,278.68,367.41,445.5,441.3,657.0,722.7
2026-03-16,Z7,P3,691.26,344.61,636.6,616.8,929.5,929.5
2026-03-17,Z7,P3,516.9,721.21,715.4,699.8,928.3,954.9
2026-03-18,Z7,P3,748.93,651.84,739.8,743.9,975.2,1034.8
2026-03-19,Z7,P3,542.37,633.97,679.3,680.1,861.2,885.8
2026-03-20,Z7,P3,825.86,638.97,734.2,717.3,965.7,965.7
2026-03-21,Z7,P3,628.34,482.08,596.9,585.8,741.9,803.5
2026-03-22,Z7,P3,187.33,278.68,415.1,399.3,582.3,639.9
2026-03-23,Z7,P3,419.33,691.26,732.5,734.5,947.7,1048.6
2026-03-24,Z7,P3,589.84,516.9,714.3,708.6,926.7,1001.5
2026-03-25,Z7,P3,440.05,748.93,735.9,732.7,958.9,1092.8
2026-03-26,Z7,P3,558.04,542.37,713.8,718.3,931.0,971.7
2026-03-27,Z7,P3,709.91,825.86,756.8,752.7,958.7,1080.7
2026-03-28,Z7,P3,633.13,628.34,584.9,566.9,755.2,771.5
2026-03-29,Z7,P3,323.15,187.33,374.2,368.3,568.5,631.0
2026-03-30,Z7,P3,693.83,419.33,630.6,614.1,864.3,981.6
2026-03-31,Z7,P3,725.08,589.84,706.1,719.9,864.8,951.7
2026-04-01,Z7,P3,853.58,440.05,655.4,652.8,883.1,947.0
2026-04-02,Z7,P3,763.32,558.04,654.7,665.8,846.5,961.5
2026-04-03,Z7,P3,616.45,709.91,729.4,714.5,954.1,1050.5
2026-04-04,Z7,P3,732.82,633.13,585.6,575.5,786.5,875.7
2026-04-05,Z7,P3,459.92,323.15,362.5,349.1,548.2,641.1
2026-04-06,Z7,P3,468.53,693.83,653.8,649.2,875.8,909.8
2026-04-07,Z7,P3,682.27,725.08,653.9,651.6,885.3,961.4
2026-04-08,Z7,P3,570.62,853.58,670.7,698.4,933.9,965.6
2026-04-09,Z7,P3,831.42,763.32,699.4,696.5,923.2,1030.3
2026-04-10,Z7,P3,718.97,616.45,737.6,717.4,997.8,1037.7
2026-04-11,Z7,P3,502.62,732.82,624.7,606.2,818.8,910.4
2026-04-12,Z7,P3,354.4,459.92,375.2,371.6,571.3,626.4
2026-04-13,Z7,P3,847.04,468.53,609.9,584.3,847.2,892.2
2026-04-14,Z7,P3,381.07,682.27,663.9,653.3,872.9,964.2
2026-04-15,Z7,P3,611.9,570.62,673.9,662.1,906.9,963.1
2026-04-16,Z7,P3,554.79,831.42,714.8,704.6,923.9,1021.8
2026-04-17,Z7,P3,705.4,718.97,752.2,745.1,1023.2,1126.1
2026-04-18,Z7,P3,677.2,502.62,639.2,649.9,858.2,902.0
2026-04-19,Z7,P3,299.97,354.4,386.7,376.4,626.8,653.7
2026-04-20,Z7,P3,788.78,847.04,667.8,673.7,876.8,926.9
2026-04-21,Z7,P3,652.49,381.07,615.2,607.7,867.3,900.7
2026-04-22,Z7,P3,773.84,611.9,664.2,668.9,890.6,960.8
2026-04-23,Z7,P3,641.27,554.79,662.5,679.9,910.9,992.1
2026-04-24,Z7,P3,679.12,705.4,707.4,693.1,934.9,1046.9
2026-04-25,Z7,P3,806.0,677.2,550.4,535.2,842.2,874.2
2026-04-26,Z7,P3,292.42,299.97,369.7,337.1,575.3,644.5
2026-04-27,Z7,P3,300.77,788.78,673.9,705.7,1034.0,1061.6
2026-04-28,Z7,P3,499.99,652.49,620.1,647.3,891.9,946.5
2026-04-29,Z7,P3,758.52,773.84,634.5,659.4,954.7,983.9
2026-04-30,Z7,P3,671.44,641.27,615.6,658.5,884.5,926.8
2025-10-01,Z8,P1,2977.04,2172.39,2476.4,2243.8,3073.4,3602.0
2025-10-02,Z8,P1,3061.19,4252.35,2755.3,2646.3,3729.2,4093.1
2025-10-03,Z8,P1,1947.22,2346.47,2446.7,2313.2,3478.1,4133.6
2025-10-04,Z8,P1,100.0,607.04,362.6,468.6,854.5,1213.9
2025-10-05,Z8,P1,30.0,0.0,84.8,74.3,453.5,859.8
2025-10-06,Z8,P1,3375.53,2764.22,2704.5,2560.0,3927.1,4223.5
2025-10-07,Z8,P1,2192.59,2007.35,2273.4,2266.5,2909.8,3266.6
2025-10-08,Z8,P1,3060.74,2977.04,2417.9,2330.4,3653.6,3931.1
2025-10-09,Z8,P1,1393.99,3061.19,2456.0,2542.2,3766.5,4310.5
2025-10-10,Z8,P1,2027.31,1947.22,2533.6,2654.9,3197.1,3737.3
2025-10-11,Z8,P1,189.82,100.0,364.6,398.7,900.1,1265.1
2025-10-12,Z8,P1,0.0,30.0,85.4,116.5,480.6,888.2
2025-10-13,Z8,P1,3066.07,3375.53,2625.1,2598.2,3667.3,3942.1
2025-10-14,Z8,P1,1545.58,2192.59,2165.9,2057.2,2882.1,3186.1
2025-10-15,Z8,P1,2511.13,3060.74,2501.0,2421.3,3582.6,3885.1
2025-10-16,Z8,P1,3160.58,1393.99,2382.7,2145.2,3014.9,3578.3
2025-10-17,Z8,P1,1265.55,2027.31,2264.7,2336.0,2902.6,3422.1
2025-10-18,Z8,P1,50.16,189.82,446.4,461.9,860.1,1336.2
2025-10-19,Z8,P1,0.0,0.0,95.4,111.4,460.9,865.9
2025-10-20,Z8,P1,4197.52,3066.07,2630.4,2486.3,3735.0,3943.7
2025-10-21,Z8,P1,1798.14,1545.58,2032.6,1817.4,2745.4,2956.6
2025-10-22,Z8,P1,2239.62,2511.13,2481.5,2228.7,3501.8,3853.3
2025-10-23,Z8,P1,1646.11,3160.58,2476.0,2426.1,3602.9,3989.5
2025-10-24,Z8,P1,3158.91,1265.55,2074.6,1945.1,2503.8,3018.9
2025-10-25,Z8,P1,53.12,50.16,337.8,331.3,795.3,1202.5
2025-10-26,Z8,P1,47.32,0.0,29.8,18.0,347.1,760.4
2025-10-27,Z8,P1,2560.0,4197.52,2687.5,2624.5,3785.1,4244.7
2025-10-28,Z8,P1,1475.44,1798.14,2062.0,1915.4,2790.1,3199.3
2025-10-29,Z8,P1,1484.52,2239.62,2553.4,2471.4,3449.2,3901.2
2025-10-30,Z8,P1,1870.31,1646.11,2514.3,2241.9,3287.7,3880.2
2025-10-31,Z8,P1,2993.23,3158.91,2297.0,2145.6,3594.2,3955.5
2025-11-01,Z8,P1,31.94,53.12,169.6,184.1,639.9,991.0
2025-11-02,Z8,P1,71.29,47.32,61.4,48.8,485.6,810.7
2025-11-03,Z8,P1,1882.02,2560.0,2796.9,2732.9,4204.8,4809.4
2025-11-04,Z8,P1,2961.57,1475.44,2324.9,2312.3,2685.2,3458.5
2025-11-05,Z8,P1,2620.45,1484.52,2263.7,2162.4,2890.9,3134.5
2025-11-06,Z8,P1,2964.26,1870.31,2140.3,2244.7,2946.5,3651.1
2025-11-07,Z8,P1,2135.77,2993.23,2586.1,2461.1,3740.4,3969.7
2025-11-08,Z8,P1,375.43,31.94,174.1,167.7,645.4,1028.5
2025-11-09,Z8,P1,205.5,71.29,81.1,51.9,399.0,795.6
2025-11-10,Z8,P1,1817.87,1882.02,2493.2,2549.6,3387.7,3992.3
2025-11-11,Z8,P1,1360.08,2961.57,2244.3,2238.6,3554.0,3846.3
2025-11-12,Z8,P1,1662.75,2620.45,2269.4,2113.7,3567.1,3887.5
2025-11-13,Z8,P1,1745.97,2964.26,2471.1,2392.1,3607.1,4004.8
2025-11-14,Z8,P1,2361.47,2135.77,2534.4,2469.8,3379.7,3789.1
2025-11-15,Z8,P1,384.9,375.43,290.0,295.7,723.2,1089.8
2025-11-16,Z8,P1,0.0,205.5,124.8,108.6,429.2,864.4
2025-11-17,Z8,P1,2813.28,1817.87,2528.3,2656.0,3082.3,3852.7
2025-11-18,Z8,P1,2095.51,1360.08,2047.6,1968.7,3056.2,3088.5
2025-11-19,Z8,P1,1779.06,1662.75,2353.4,2086.2,2967.6,3393.8
2025-11-20,Z8,P1,3344.12,1745.97,2449.8,2203.3,3022.5,3240.2
2025-11-21,Z8,P1,3969.35,2361.47,2557.6,2435.9,3424.1,3894.9
2025-11-22,Z8,P1,154.23,384.9,330.4,361.2,790.2,1131.4
2025-11-23,Z8,P1,55.0,0.0,75.4,99.9,503.2,894.6
2025-11-24,Z8,P1,2889.76,2813.28,2309.0,2203.0,3540.6,3850.9
2025-11-25,Z8,P1,3406.14,2095.51,2185.6,2091.4,3198.3,3569.7
2025-11-26,Z8,P1,2546.16,1779.06,2150.0,2166.0,3028.9,3231.0
2025-11-27,Z8,P1,4603.71,3344.12,2524.4,2489.2,3608.1,3841.3
2025-11-28,Z8,P1,2410.62,3969.35,2570.8,2463.8,3555.9,4052.0
2025-11-29,Z8,P1,274.57,154.23,279.0,270.6,781.5,1052.0
2025-11-30,Z8,P1,289.93,55.0,97.2,124.3,548.0,880.4
2025-12-01,Z8,P1,4239.96,2889.76,2521.8,2309.5,3655.8,3743.7
2025-12-02,Z8,P1,1848.32,3406.14,2509.8,2363.2,3525.5,3905.7
2025-12-03,Z8,P1,3918.13,2546.16,2403.3,2246.1,3566.0,3713.0
2025-12-04,Z8,P1,1969.28,4603.71,2721.3,2526.0,3747.1,4430.0
2025-12-05,Z8,P1,2681.7,2410.62,2506.3,2436.4,3412.5,4013.5
2025-12-06,Z8,P1,30.86,274.57,265.1,290.9,744.2,1083.3
2025-12-07,Z8,P1,258.7,289.93,137.2,145.1,576.2,909.7
2025-12-08,Z8,P1,2206.34,4239.96,2709.8,2547.4,3882.5,4142.8
2025-12-09,Z8,P1,2123.05,1848.32,2307.1,2177.7,3090.1,3767.7
2025-12-10,Z8,P1,2612.5,3918.13,2552.9,2315.3,3660.4,3943.8
2025-12-11,Z8,P1,1362.93,1969.28,2426.1,2492.1,3484.3,4370.9
2025-12-12,Z8,P1,1763.83,2681.7,2418.1,2388.7,3858.4,4053.1
2025-12-13,Z8,P1,316.03,30.86,192.1,270.2,665.1,1053.1
2025-12-15,Z8,P1,2720.72,2206.34,2624.0,2684.0,3626.0,4359.3
2025-12-16,Z8,P1,2271.9,2123.05,2300.6,2250.6,3263.0,3894.5
2025-12-17,Z8,P1,1942.2,2612.5,2612.9,2480.3,3845.1,4254.3
2025-12-18,Z8,P1,1899.83,1362.93,2209.2,2187.3,2833.1,3752.5
2025-12-19,Z8,P1,2646.24,1763.83,2506.6,2407.3,3092.9,3725.9
2025-12-20,Z8,P1,618.13,316.03,221.0,190.5,655.1,986.9
2025-12-22,Z8,P1,890.97,2720.72,1310.3,1527.3,3504.7,3621.9
2025-12-23,Z8,P1,1154.71,2271.9,1208.3,1355.4,2883.0,3214.7
2025-12-24,Z8,P1,992.41,1942.2,959.9,1298.4,2856.3,3521.7
2025-12-25,Z8,P1,206.71,1899.83,937.6,1150.3,2600.1,3048.0
2025-12-26,Z8,P1,275.0,2646.24,1016.1,1203.9,3318.5,3559.2
2025-12-27,Z8,P1,66.32,618.13,222.1,310.0,770.9,1110.6
2025-12-28,Z8,P1,131.23,47.24,137.8,115.1,615.9,1177.2
2025-12-29,Z8,P1,817.6,890.97,1197.5,1288.8,2633.7,2671.1
2025-12-30,Z8,P1,425.08,1154.71,1135.0,1263.9,2197.4,2546.2
2025-12-31,Z8,P1,694.1,992.41,1084.7,1177.2,2303.4,2808.0
2026-01-02,Z8,P1,263.8,275.0,606.7,907.2,2533.0,2658.9
2026-01-03,Z8,P1,195.68,66.32,251.9,244.3,557.5,1173.2
2026-01-04,Z8,P1,176.45,131.23,215.7,148.8,521.6,1239.4
2026-01-05,Z8,P1,2096.03,817.6,1790.5,1731.5,2330.4,2749.4
2026-01-06,Z8,P1,1911.7,425.08,1636.2,1388.9,2818.0,2818.0
2026-01-07,Z8,P1,1761.49,694.1,1923.7,1753.2,2777.1,2932.3
2026-01-09,Z8,P1,3027.84,263.8,1850.4,1179.4,2582.0,2963.3
2026-01-10,Z8,P1,392.06,195.68,286.7,313.9,678.0,1221.4
2026-01-11,Z8,P1,40.6,176.45,84.2,130.8,506.4,1174.2
2026-01-12,Z8,P1,1580.27,2096.03,2447.2,1937.9,3495.8,4592.2
2026-01-13,Z8,P1,1937.5,1911.7,2400.1,1920.1,3260.8,5073.7
2026-01-14,Z8,P1,2879.8,1761.49,2143.7,1861.8,4221.1,5257.0
2026-01-15,Z8,P1,1654.0,4301.47,3891.3,2542.5,4001.1,4651.9
2026-01-16,Z8,P1,2552.27,3027.84,2362.0,2181.0,4050.4,4530.6
2026-01-17,Z8,P1,47.1,392.06,340.2,374.8,736.4,1256.1
2026-01-18,Z8,P1,297.14,40.6,63.1,106.9,415.0,965.5
2026-01-19,Z8,P1,930.03,1580.27,2065.3,1822.8,2858.4,2858.4
2026-01-20,Z8,P1,1399.18,1937.5,2415.3,2201.3,3374.0,3485.7
2026-01-21,Z8,P1,2306.92,2879.8,2265.2,2001.0,3669.7,3822.9
2026-01-22,Z8,P1,2515.61,1654.0,2633.9,2419.6,4345.0,4345.0
2026-01-23,Z8,P1,2774.74,2552.27,2183.3,1913.4,3758.9,3758.9
2026-01-24,Z8,P1,246.08,47.1,205.8,261.6,626.0,1161.2
2026-01-25,Z8,P1,36.72,297.14,190.0,166.4,529.5,1039.4
2026-01-26,Z8,P1,2889.54,930.03,1768.5,1883.7,2569.8,3143.9
2026-01-27,Z8,P1,1446.23,1399.18,1936.1,1676.7,3033.6,3036.2
2026-01-28,Z8,P1,3597.4,2306.92,2607.6,2357.0,3841.8,4007.1
2026-01-29,Z8,P1,2356.06,2515.61,2425.2,2382.5,3901.6,3957.7
2026-01-30,Z8,P1,2355.19,2774.74,2494.5,2246.3,3626.4,3719.8
2026-01-31,Z8,P1,234.94,246.08,169.4,241.2,606.0,1145.6
2026-03-01,Z8,P1,35.98,0.0,95.8,169.5,611.7,1363.4
2026-03-02,Z8,P1,2844.64,1433.19,1956.0,1708.9,2897.2,2897.2
2026-03-03,Z8,P1,2856.12,2641.15,2400.6,2322.3,3668.8,3940.1
2026-03-04,Z8,P1,3335.92,2293.63,2242.7,2134.4,3185.3,3930.5
2026-03-05,Z8,P1,2469.47,2665.75,2637.1,2510.4,3737.3,3977.6
2026-03-06,Z8,P1,2308.28,2468.74,2619.0,2546.9,3484.3,3916.7
2026-03-07,Z8,P1,393.0,471.88,366.5,507.9,951.8,1353.9
2026-03-08,Z8,P1,596.28,35.98,94.2,124.8,657.0,1042.4
2026-03-09,Z8,P1,2324.0,2844.64,2113.1,2012.4,3422.1,3692.4
2026-03-10,Z8,P1,1176.26,2856.12,2493.5,2489.5,3570.0,3900.5
2026-03-11,Z8,P1,1634.09,3335.92,2468.5,2493.3,3442.2,3933.7
2026-03-12,Z8,P1,832.85,2469.47,2439.6,2451.4,3537.8,3901.1
2026-03-13,Z8,P1,1974.28,2308.28,2447.8,2322.7,3268.4,3889.7
2026-03-14,Z8,P1,131.87,393.0,274.2,353.6,728.2,1133.3
2026-03-15,Z8,P1,43.38,596.28,326.9,491.6,802.1,1160.2
2026-03-16,Z8,P1,1441.15,2324.0,2230.1,2133.7,3126.7,3756.6
2026-03-17,Z8,P1,2205.27,1176.26,2160.7,2119.1,2965.1,3522.7
2026-03-18,Z8,P1,2380.54,1634.09,2310.1,2162.5,2871.9,3287.2
2026-03-19,Z8,P1,2427.13,832.85,2171.1,2031.0,2789.0,3560.3
2026-03-20,Z8,P1,2164.6,1974.28,2582.3,2554.3,3174.3,3786.4
2026-03-21,Z8,P1,307.15,131.87,353.3,375.6,843.8,1241.7
2026-03-22,Z8,P1,0.0,43.38,128.2,168.8,567.8,880.6
2026-03-23,Z8,P1,1665.96,1441.15,2184.6,1955.3,3184.8,3503.1
2026-03-24,Z8,P1,1318.88,2205.27,2101.9,2007.0,4149.6,4149.6
2026-03-25,Z8,P1,1541.25,2380.54,2378.2,2403.5,3152.1,3818.4
2026-03-26,Z8,P1,2679.92,2427.13,2193.8,1989.2,3012.1,3678.8
2026-03-27,Z8,P1,2094.93,2164.6,2327.0,2177.8,3159.1,3642.1
2026-03-28,Z8,P1,150.22,307.15,338.2,367.7,839.8,1161.2
2026-03-29,Z8,P1,422.34,0.0,124.6,192.2,572.4,990.7
2026-03-30,Z8,P1,1910.93,1665.96,2251.1,2175.4,3050.9,4580.7
2026-03-31,Z8,P1,2013.62,1318.88,2221.0,1983.1,2623.4,3101.3
2026-04-01,Z8,P1,1822.3,1541.25,2405.1,2258.6,3065.9,3332.0
2026-04-02,Z8,P1,2524.85,2679.92,2288.6,1996.2,3403.0,3831.5
2026-04-03,Z8,P1,2603.03,2094.93,2392.3,2280.3,3019.8,3553.2
2026-04-04,Z8,P1,392.01,150.22,300.3,374.2,868.8,1149.9
2026-04-06,Z8,P1,120.76,1910.93,2242.1,2081.5,2982.2,3742.5
2026-04-07,Z8,P1,2455.39,2013.62,2215.4,2128.3,3938.0,3938.0
2026-04-08,Z8,P1,1487.78,1822.3,2182.0,2063.6,3100.4,3371.9
2026-04-09,Z8,P1,2086.99,2524.85,2398.3,2292.4,3453.4,3707.6
2026-04-10,Z8,P1,2162.83,2603.03,2304.4,2215.0,3490.7,3838.5
2026-04-11,Z8,P1,237.23,392.01,255.1,312.9,709.0,1253.3
2026-04-13,Z8,P1,1247.24,120.76,1349.8,1017.0,2856.1,3214.2
2026-04-14,Z8,P1,2486.47,2455.39,2338.4,2236.4,3359.1,3746.1
2026-04-15,Z8,P1,1438.79,1487.78,2043.2,1962.5,2869.2,3282.1
2026-04-16,Z8,P1,1517.23,2086.99,2358.6,2242.7,3304.2,3579.1
2026-04-17,Z8,P1,1695.7,2162.83,2335.6,2233.2,3401.0,3505.1
2026-04-18,Z8,P1,108.12,237.23,331.9,373.7,782.7,1289.0
2026-04-19,Z8,P1,282.34,127.61,143.7,215.1,588.9,1218.4
2026-04-20,Z8,P1,1309.65,1247.24,1599.7,1425.7,2358.6,3118.6
2026-04-21,Z8,P1,2424.67,2486.47,2303.3,2245.1,3412.4,3688.6
2026-04-22,Z8,P1,1963.22,1438.79,1847.6,1684.2,2642.6,2710.0
2026-04-23,Z8,P1,1996.92,1517.23,2100.5,2009.0,2955.2,3116.0
2026-04-24,Z8,P1,1112.46,1695.7,1943.1,2069.6,3044.2,3163.7
2026-04-25,Z8,P1,28.29,108.12,251.2,255.5,719.9,1217.9
2026-04-26,Z8,P1,101.3,282.34,199.4,213.0,592.1,1193.8
2026-04-28,Z8,P1,2630.83,2424.67,1958.5,2218.1,3443.2,3688.0
2026-04-29,Z8,P1,2766.59,1963.22,1941.3,1937.1,3048.9,3119.0
2026-04-30,Z8,P1,2560.64,1996.92,2035.5,2154.0,3045.0,3360.2
2025-10-01,Z8,P3,104.27,25.56,108.6,105.5,190.5,236.5
2025-10-02,Z8,P3,121.7,110.93,132.3,118.2,222.6,267.7
2025-10-03,Z8,P3,160.69,149.72,116.6,111.3,212.1,242.5
2025-10-04,Z8,P3,38.26,77.68,127.3,121.7,250.7,283.8
2025-10-05,Z8,P3,76.95,57.25,50.5,59.0,87.7,104.7
2025-10-06,Z8,P3,273.68,102.19,106.9,96.5,181.8,216.8
2025-10-07,Z8,P3,400.61,51.46,110.7,93.7,184.6,213.3
2025-10-08,Z8,P3,204.15,104.27,112.2,105.7,190.4,220.7
2025-10-09,Z8,P3,192.47,121.7,121.8,118.0,249.1,282.5
2025-10-10,Z8,P3,140.15,160.69,106.5,103.3,197.8,219.5
2025-10-11,Z8,P3,119.93,38.26,81.4,92.1,173.4,179.9
2025-10-12,Z8,P3,59.66,76.95,48.7,51.1,71.3,106.5
2025-10-13,Z8,P3,102.38,273.68,120.3,112.0,230.1,258.7
2025-10-14,Z8,P3,65.39,400.61,125.3,116.6,262.2,333.7
2025-10-15,Z8,P3,108.01,204.15,131.1,112.5,221.5,242.9
2025-10-16,Z8,P3,124.71,192.47,125.7,111.0,227.2,270.3
2025-10-17,Z8,P3,81.39,140.15,141.7,130.9,240.9,278.4
2025-10-18,Z8,P3,133.48,119.93,117.5,112.9,202.2,232.5
2025-10-19,Z8,P3,82.44,59.66,43.2,57.6,85.5,119.7
2025-10-20,Z8,P3,197.29,102.38,129.7,104.0,244.6,289.3
2025-10-21,Z8,P3,147.5,65.39,113.2,106.0,255.9,266.7
2025-10-22,Z8,P3,169.17,108.01,124.6,106.8,234.0,258.8
2025-10-23,Z8,P3,192.28,124.71,118.8,107.6,237.9,269.4
2025-10-24,Z8,P3,111.0,81.39,136.1,125.0,250.3,277.1
2025-10-25,Z8,P3,160.63,133.48,100.3,105.4,177.3,206.2
2025-10-26,Z8,P3,100.96,82.44,41.7,68.5,120.8,169.2
2025-10-27,Z8,P3,155.5,197.29,122.8,110.6,237.2,264.7
2025-10-28,Z8,P3,154.91,147.5,113.3,106.7,225.8,277.1
2025-10-29,Z8,P3,168.84,169.17,131.6,126.2,234.0,257.1
2025-10-30,Z8,P3,92.23,192.28,143.1,133.8,236.4,263.0
2025-10-31,Z8,P3,127.96,111.0,127.1,133.9,233.7,251.4
2025-11-01,Z8,P3,114.42,160.63,122.7,128.5,205.0,224.1
2025-11-02,Z8,P3,66.16,100.96,82.3,106.7,143.6,171.5
2025-11-03,Z8,P3,267.06,155.5,143.0,127.2,248.0,306.0
2025-11-04,Z8,P3,75.1,154.91,146.6,136.6,233.9,279.4
2025-11-05,Z8,P3,176.63,168.84,145.5,133.2,266.6,294.5
2025-11-06,Z8,P3,84.27,92.23,156.3,147.9,274.9,300.5
2025-11-07,Z8,P3,106.86,127.96,135.4,131.0,226.7,255.4
2025-11-08,Z8,P3,117.74,114.42,130.5,131.2,225.6,240.5
2025-11-09,Z8,P3,35.39,66.16,59.7,97.2,133.1,160.5
2025-11-10,Z8,P3,122.61,267.06,131.7,125.0,244.1,267.4
2025-11-11,Z8,P3,64.46,75.1,125.6,121.0,230.6,257.7
2025-11-12,Z8,P3,100.8,176.63,125.2,124.0,224.2,256.5
2025-11-13,Z8,P3,194.25,84.27,132.3,135.1,228.9,241.1
2025-11-14,Z8,P3,48.49,106.86,125.2,135.5,204.7,226.9
2025-11-15,Z8,P3,70.85,117.74,129.8,133.4,204.8,220.4
2025-11-16,Z8,P3,38.94,35.39,33.4,59.6,127.6,152.8
2025-11-17,Z8,P3,175.94,122.61,139.4,131.0,248.4,306.5
2025-11-18,Z8,P3,202.96,64.46,108.7,115.4,198.4,220.9
2025-11-19,Z8,P3,152.79,100.8,121.7,114.2,225.9,265.1
2025-11-20,Z8,P3,85.93,194.25,134.0,134.4,244.1,290.9
2025-11-21,Z8,P3,169.35,48.49,129.9,131.5,222.4,240.9
2025-11-22,Z8,P3,33.47,70.85,111.3,110.1,188.8,207.2
2025-11-23,Z8,P3,0.0,38.94,58.5,69.1,129.6,181.1
2025-11-24,Z8,P3,162.96,175.94,117.8,113.2,217.0,269.4
2025-11-25,Z8,P3,135.53,202.96,110.5,113.2,205.1,246.9
2025-11-26,Z8,P3,291.54,152.79,126.8,118.4,224.2,271.1
2025-11-27,Z8,P3,218.57,85.93,117.6,112.7,215.9,261.7
2025-11-28,Z8,P3,179.73,169.35,139.3,132.0,236.0,274.0
2025-11-29,Z8,P3,143.2,33.47,102.9,99.1,188.8,208.6
2025-11-30,Z8,P3,48.49,0.0,44.2,53.8,83.9,132.7
2025-12-01,Z8,P3,161.55,162.96,132.0,120.4,276.0,320.8
2025-12-02,Z8,P3,123.12,135.53,131.9,103.1,220.7,254.4
2025-12-03,Z8,P3,195.98,291.54,130.1,130.7,269.8,302.1
2025-12-04,Z8,P3,158.86,218.57,134.6,121.3,224.4,265.7
2025-12-05,Z8,P3,88.27,179.73,140.6,123.9,231.5,273.5
2025-12-06,Z8,P3,92.71,143.2,118.6,111.2,188.4,227.9
2025-12-07,Z8,P3,96.38,48.49,45.8,51.9,79.6,105.7
2025-12-08,Z8,P3,229.93,161.55,136.0,116.7,241.9,283.4
2025-12-09,Z8,P3,86.81,123.12,113.9,103.0,196.6,243.5
2025-12-10,Z8,P3,115.19,195.98,124.1,113.2,235.1,260.2
2025-12-11,Z8,P3,53.55,158.86,145.3,134.3,255.6,308.6
2025-12-12,Z8,P3,175.34,88.27,122.6,114.8,213.5,253.6
2025-12-13,Z8,P3,89.91,92.71,100.7,107.9,178.6,233.7
2025-12-15,Z8,P3,220.88,229.93,167.2,156.6,282.6,329.7
2025-12-16,Z8,P3,221.35,86.81,150.6,127.0,246.2,311.9
2025-12-17,Z8,P3,171.33,115.19,135.8,125.1,261.6,292.9
2025-12-18,Z8,P3,132.64,53.55,132.5,126.6,230.6,272.0
2025-12-19,Z8,P3,79.58,175.34,142.8,133.0,224.9,268.2
2025-12-20,Z8,P3,61.91,89.91,95.1,92.5,171.2,187.0
2025-12-22,Z8,P3,207.63,220.88,126.1,110.1,236.2,262.0
2025-12-23,Z8,P3,164.47,221.35,128.4,110.9,245.3,248.5
2025-12-24,Z8,P3,195.25,171.33,114.7,107.1,221.9,264.0
2025-12-25,Z8,P3,0.0,132.64,111.4,116.9,219.1,249.9
2025-12-26,Z8,P3,0.0,79.58,121.4,112.6,212.8,235.9
2025-12-27,Z8,P3,29.95,61.91,100.7,99.8,166.0,198.3
2025-12-28,Z8,P3,0.0,61.01,49.6,57.9,226.0,226.0
2025-12-29,Z8,P3,124.92,207.63,132.6,120.0,237.0,258.1
2025-12-30,Z8,P3,108.5,164.47,120.4,108.3,220.0,235.3
2025-12-31,Z8,P3,144.53,195.25,123.3,113.5,231.2,260.0
2026-01-02,Z8,P3,185.84,0.0,104.5,88.0,140.8,204.1
2026-01-03,Z8,P3,88.18,29.95,88.8,68.2,115.1,186.4
2026-01-04,Z8,P3,33.46,0.0,37.8,45.7,133.3,197.6
2026-01-05,Z8,P3,197.92,124.92,125.3,122.5,245.1,290.1
2026-01-06,Z8,P3,106.09,108.5,117.5,101.1,224.1,238.9
2026-01-07,Z8,P3,90.65,144.53,119.5,103.8,232.8,239.8
2026-01-09,Z8,P3,133.8,185.84,140.4,138.4,228.0,252.4
2026-01-10,Z8,P3,112.71,88.18,124.1,118.3,179.0,207.0
2026-01-11,Z8,P3,0.0,33.46,38.9,36.9,84.4,92.6
2026-01-12,Z8,P3,193.19,197.92,138.5,128.5,259.5,272.9
2026-01-13,Z8,P3,232.89,106.09,150.5,129.0,275.7,293.7
2026-01-14,Z8,P3,324.91,90.65,140.3,126.5,251.3,268.0
2026-01-15,Z8,P3,218.12,99.83,127.1,111.2,254.6,307.0
2026-01-16,Z8,P3,322.33,133.8,124.7,105.7,214.4,216.1
2026-01-17,Z8,P3,171.96,112.71,110.5,112.8,173.8,187.7
2026-01-18,Z8,P3,0.0,0.0,28.2,42.0,59.2,78.0
2026-01-19,Z8,P3,258.51,193.19,135.3,127.1,265.1,282.8
2026-01-20,Z8,P3,265.08,232.89,123.3,115.6,244.8,285.8
2026-01-21,Z8,P3,196.49,324.91,150.6,146.6,297.1,351.0
2026-01-22,Z8,P3,175.16,218.12,136.3,125.7,282.8,292.2
2026-01-23,Z8,P3,145.66,322.33,161.9,146.3,286.3,344.1
2026-01-24,Z8,P3,97.78,171.96,136.4,132.0,212.0,238.7
2026-01-25,Z8,P3,17.71,0.0,31.1,48.1,65.2,93.6
2026-01-26,Z8,P3,160.67,258.51,145.4,139.0,260.9,294.6
2026-01-27,Z8,P3,125.31,265.08,138.5,129.6,249.9,286.9
2026-01-28,Z8,P3,92.15,196.49,148.2,145.0,283.8,285.2
2026-01-29,Z8,P3,68.04,175.16,149.1,139.7,245.9,294.2
2026-01-30,Z8,P3,291.61,145.66,171.0,161.4,307.1,307.1
2026-01-31,Z8,P3,127.01,97.78,158.1,152.5,261.3,261.3
2026-03-01,Z8,P3,0.0,44.04,62.5,70.7,170.3,187.4
2026-03-02,Z8,P3,30.89,94.08,151.3,142.7,248.6,282.8
2026-03-03,Z8,P3,118.61,170.51,160.0,140.6,251.0,288.1
2026-03-04,Z8,P3,213.08,273.02,161.4,147.3,263.0,283.2
2026-03-05,Z8,P3,136.56,73.0,159.3,154.1,251.2,276.4
2026-03-06,Z8,P3,270.47,147.58,161.5,148.2,267.6,314.1
2026-03-07,Z8,P3,90.18,166.43,148.8,140.7,247.6,286.1
2026-03-08,Z8,P3,32.35,0.0,51.1,73.5,137.7,190.8
2026-03-09,Z8,P3,169.84,30.89,159.4,149.5,258.3,310.6
2026-03-10,Z8,P3,153.36,118.61,156.4,140.5,236.6,255.0
2026-03-11,Z8,P3,212.67,213.08,178.0,166.6,305.2,329.4
2026-03-12,Z8,P3,84.7,136.56,153.0,144.0,237.1,260.5
2026-03-13,Z8,P3,102.2,270.47,180.0,167.5,306.3,320.2
2026-03-14,Z8,P3,98.92,90.18,153.5,150.1,258.9,284.2
2026-03-15,Z8,P3,9.59,32.35,36.2,43.7,76.5,86.0
2026-03-16,Z8,P3,162.22,169.84,165.5,155.2,274.7,300.5
2026-03-17,Z8,P3,120.96,153.36,173.1,160.3,260.7,288.6
2026-03-18,Z8,P3,57.21,212.67,201.9,178.8,313.2,340.0
2026-03-19,Z8,P3,168.52,84.7,163.9,155.8,261.9,301.6
2026-03-20,Z8,P3,304.37,102.2,196.8,185.9,307.6,345.9
2026-03-21,Z8,P3,70.07,98.92,169.3,160.6,240.4,259.4
2026-03-22,Z8,P3,47.85,9.59,56.4,73.5,73.5,106.0
2026-03-23,Z8,P3,211.83,162.22,140.8,141.4,227.7,244.2
2026-03-24,Z8,P3,134.29,120.96,169.0,152.9,276.3,325.7
2026-03-25,Z8,P3,201.07,57.21,179.8,181.6,275.2,328.7
2026-03-26,Z8,P3,182.53,168.52,146.7,143.4,238.6,264.8
2026-03-27,Z8,P3,25.58,304.37,175.9,168.5,314.4,353.2
2026-03-28,Z8,P3,222.75,70.07,142.7,148.8,213.6,255.2
2026-03-29,Z8,P3,25.25,47.85,55.2,76.7,76.7,93.9
2026-03-30,Z8,P3,131.35,211.83,150.4,141.6,233.6,278.2
2026-03-31,Z8,P3,136.53,134.29,164.9,147.4,257.6,277.0
2026-04-01,Z8,P3,101.61,201.07,163.3,150.3,266.2,305.7
2026-04-02,Z8,P3,113.5,182.53,153.2,148.8,250.5,296.0
2026-04-03,Z8,P3,238.64,25.58,182.3,165.1,293.9,332.8
2026-04-04,Z8,P3,258.24,222.75,139.4,142.3,212.1,249.9
2026-04-06,Z8,P3,37.66,131.35,158.8,146.7,260.8,318.7
2026-04-07,Z8,P3,105.11,136.53,130.4,129.1,225.3,256.0
2026-04-08,Z8,P3,266.17,101.61,157.1,140.6,261.0,324.2
2026-04-09,Z8,P3,319.37,113.5,144.6,139.2,237.7,284.4
2026-04-10,Z8,P3,89.03,238.64,159.3,143.3,269.2,296.1
2026-04-11,Z8,P3,83.75,258.24,142.0,143.6,250.8,286.2
2026-04-13,Z8,P3,129.24,37.66,154.8,145.8,249.7,299.0
2026-04-14,Z8,P3,83.61,105.11,153.1,138.5,249.2,285.2
2026-04-15,Z8,P3,221.94,266.17,154.9,143.7,254.0,279.0
2026-04-16,Z8,P3,185.39,319.37,162.3,154.1,267.9,332.1
2026-04-17,Z8,P3,92.46,89.03,175.9,158.9,291.5,340.6
2026-04-18,Z8,P3,213.07,83.75,133.2,142.4,252.0,271.9
2026-04-19,Z8,P3,16.38,40.39,73.5,90.4,184.2,200.8
2026-04-20,Z8,P3,176.73,129.24,153.8,138.9,244.2,288.3
2026-04-21,Z8,P3,203.15,83.61,149.4,138.2,253.3,278.1
2026-04-22,Z8,P3,171.29,221.94,176.1,168.0,290.8,321.3
2026-04-23,Z8,P3,74.94,185.39,164.7,157.9,293.3,298.0
2026-04-24,Z8,P3,97.77,92.46,159.3,134.8,250.1,252.1
2026-04-25,Z8,P3,154.68,213.07,136.1,120.6,252.4,284.5
2026-04-26,Z8,P3,38.0,16.38,38.4,47.3,171.2,223.5
2026-04-28,Z8,P3,129.78,203.15,128.2,104.7,248.4,276.1
2026-04-29,Z8,P3,352.97,171.29,142.7,115.9,262.3,294.2
2026-04-30,Z8,P3,131.49,74.94,134.1,110.5,279.8,308.5
2025-10-01,Z8,P4,854.21,0.0,345.8,304.7,785.9,902.5
2025-10-02,Z8,P4,274.93,621.16,507.5,457.1,956.2,1056.0
2025-10-03,Z8,P4,984.27,152.75,383.1,307.6,882.2,1002.7
2025-10-04,Z8,P4,56.77,0.0,2.8,0.0,143.6,222.5
2025-10-05,Z8,P4,0.0,0.0,0.9,0.0,101.5,159.4
2025-10-06,Z8,P4,173.85,1126.64,433.5,473.4,1021.4,1194.1
2025-10-07,Z8,P4,944.49,696.57,496.9,412.3,967.6,1094.0
2025-10-08,Z8,P4,771.87,854.21,496.3,429.9,1056.0,1127.3
2025-10-09,Z8,P4,136.43,274.93,397.8,368.0,791.4,887.9
2025-10-10,Z8,P4,1358.72,984.27,461.0,448.3,1156.2,1279.2
2025-10-11,Z8,P4,85.0,56.77,46.4,94.7,215.0,221.9
2025-10-12,Z8,P4,0.0,0.0,1.3,6.1,152.8,159.7
2025-10-13,Z8,P4,411.37,173.85,389.3,361.5,1014.8,1117.5
2025-10-14,Z8,P4,502.17,944.49,437.5,441.7,1088.2,1265.0
2025-10-15,Z8,P4,623.89,771.87,581.8,555.9,1131.1,1246.5
2025-10-16,Z8,P4,162.78,136.43,452.4,440.5,886.4,1030.2
2025-10-17,Z8,P4,153.24,1358.72,519.4,559.7,1331.7,1401.7
2025-10-18,Z8,P4,0.0,85.0,71.0,114.3,295.6,318.0
2025-10-19,Z8,P4,0.0,0.0,2.6,19.5,165.2,194.3
2025-10-20,Z8,P4,866.02,411.37,333.1,406.4,860.9,1086.7
2025-10-21,Z8,P4,892.91,502.17,481.1,519.8,1019.1,1080.1
2025-10-22,Z8,P4,443.72,623.89,570.6,521.3,1046.7,1204.5
2025-10-23,Z8,P4,167.93,162.78,406.3,367.6,849.4,926.0
2025-10-24,Z8,P4,239.04,153.24,401.2,378.5,1211.3,1256.2
2025-10-25,Z8,P4,0.0,0.0,29.2,79.2,253.9,299.0
2025-10-26,Z8,P4,60.89,0.0,1.3,0.0,141.5,143.9
2025-10-27,Z8,P4,643.03,866.02,494.5,518.8,1092.3,1183.0
2025-10-28,Z8,P4,682.43,892.91,472.1,490.7,1142.4,1157.9
2025-10-29,Z8,P4,397.54,443.72,506.0,506.8,1087.1,1091.6
2025-10-30,Z8,P4,598.05,167.93,384.4,372.4,909.2,1073.6
2025-10-31,Z8,P4,149.7,239.04,314.7,385.0,1169.2,1296.9
2025-11-01,Z8,P4,0.0,0.0,28.9,55.1,247.4,309.3
2025-11-02,Z8,P4,0.0,60.89,12.3,32.5,148.2,148.2
2025-11-03,Z8,P4,399.21,643.03,493.5,433.3,880.2,1007.4
2025-11-04,Z8,P4,320.27,682.43,586.3,536.8,1110.7,1286.9
2025-11-05,Z8,P4,785.79,397.54,485.7,467.3,945.1,1016.2
2025-11-06,Z8,P4,508.48,598.05,475.7,435.5,831.9,986.8
2025-11-07,Z8,P4,1036.19,149.7,406.4,372.8,958.0,1076.6
2025-11-08,Z8,P4,0.0,0.0,15.3,65.1,261.2,261.2
2025-11-09,Z8,P4,0.0,0.0,2.9,22.9,157.5,176.4
2025-11-10,Z8,P4,0.0,399.21,435.3,419.3,896.1,1064.2
2025-11-11,Z8,P4,350.52,320.27,470.8,477.2,920.5,1048.0
2025-11-12,Z8,P4,961.69,785.79,524.2,479.5,1056.4,1136.0
2025-11-13,Z8,P4,1531.71,508.48,488.6,451.0,838.1,937.4
2025-11-14,Z8,P4,133.15,1036.19,513.1,535.7,1047.8,1186.7
2025-11-15,Z8,P4,0.0,0.0,18.8,63.3,230.6,230.6
2025-11-16,Z8,P4,0.0,0.0,12.5,32.1,173.8,175.9
2025-11-17,Z8,P4,625.65,0.0,369.9,371.7,879.2,1011.0
2025-11-18,Z8,P4,1279.71,350.52,484.0,458.1,903.6,1073.1
2025-11-19,Z8,P4,91.05,961.69,512.4,461.9,995.4,1197.1
2025-11-20,Z8,P4,251.58,1531.71,573.8,511.0,1288.3,1366.2
2025-11-21,Z8,P4,1341.88,133.15,384.7,308.9,997.0,1062.3
2025-11-22,Z8,P4,0.0,0.0,16.1,49.8,221.0,240.6
2025-11-23,Z8,P4,27.07,0.0,3.3,11.5,160.7,175.1
2025-11-24,Z8,P4,592.36,625.65,485.9,471.9,974.5,1133.9
2025-11-25,Z8,P4,110.0,1279.71,510.6,529.0,1233.9,1302.7
2025-11-26,Z8,P4,1334.91,91.05,449.2,366.1,992.9,1070.2
2025-11-27,Z8,P4,338.51,251.58,518.2,449.1,1278.0,1330.8
2025-11-28,Z8,P4,826.99,1341.88,536.1,574.2,1365.0,1435.6
2025-11-29,Z8,P4,0.0,0.0,30.2,62.8,244.7,251.5
2025-11-30,Z8,P4,0.0,27.07,14.0,42.6,179.4,179.4
2025-12-01,Z8,P4,417.33,592.36,495.9,471.3,923.8,1041.4
2025-12-02,Z8,P4,612.73,110.0,441.5,352.0,1033.9,1178.2
2025-12-03,Z8,P4,565.84,1334.91,461.6,536.2,1348.9,1392.0
2025-12-04,Z8,P4,132.0,338.51,356.3,385.2,1085.8,1463.4
2025-12-05,Z8,P4,528.78,826.99,701.3,641.2,1423.0,1544.7
2025-12-06,Z8,P4,0.0,0.0,25.7,55.7,215.9,248.5
2025-12-07,Z8,P4,66.43,0.0,6.0,19.4,145.7,177.9
2025-12-08,Z8,P4,584.49,417.33,452.5,414.2,793.8,957.1
2025-12-09,Z8,P4,0.0,612.73,422.1,443.3,1065.6,1248.9
2025-12-10,Z8,P4,225.88,565.84,669.3,564.0,1210.9,1299.8
2025-12-11,Z8,P4,511.74,132.0,437.2,384.8,948.2,1098.7
2025-12-12,Z8,P4,391.69,528.78,488.2,447.7,1181.9,1326.4
2025-12-13,Z8,P4,0.0,0.0,15.8,46.7,208.8,229.6
2025-12-15,Z8,P4,534.37,584.49,487.2,513.6,983.4,1122.0
2025-12-16,Z8,P4,129.79,0.0,302.6,407.6,948.9,1173.6
2025-12-17,Z8,P4,435.02,225.88,360.6,381.1,1005.9,1198.0
2025-12-18,Z8,P4,858.33,511.74,408.5,379.9,773.3,886.0
2025-12-19,Z8,P4,855.85,391.69,505.0,510.5,1066.1,1217.4
2025-12-20,Z8,P4,0.0,0.0,8.2,38.3,203.3,212.7
2025-12-22,Z8,P4,475.34,534.37,320.6,404.9,861.1,923.8
2025-12-23,Z8,P4,297.08,129.79,222.8,201.3,750.5,817.6
2025-12-24,Z8,P4,451.12,435.02,249.4,368.7,925.5,1019.8
2025-12-25,Z8,P4,0.0,858.33,254.2,386.6,898.8,989.8
2025-12-26,Z8,P4,0.0,855.85,252.6,363.0,1003.1,1029.5
2025-12-27,Z8,P4,0.0,0.0,10.4,50.1,203.3,214.1
2025-12-28,Z8,P4,0.0,43.13,18.0,80.1,289.1,416.4
2025-12-29,Z8,P4,0.0,475.34,314.7,365.1,759.4,903.3
2025-12-30,Z8,P4,0.0,297.08,299.8,375.8,860.8,906.9
2025-12-31,Z8,P4,322.09,451.12,271.4,372.9,746.4,902.6
2026-01-02,Z8,P4,441.91,0.0,232.0,271.4,792.0,977.4
2026-01-03,Z8,P4,0.0,0.0,7.6,5.1,191.3,208.2
2026-01-04,Z8,P4,0.0,0.0,6.1,27.1,218.5,309.8
2026-01-05,Z8,P4,88.87,0.0,262.5,293.5,802.0,913.4
2026-01-06,Z8,P4,317.27,0.0,238.8,250.3,711.5,823.3
2026-01-07,Z8,P4,400.0,322.09,419.0,348.1,889.9,1030.1
2026-01-09,Z8,P4,0.0,441.91,377.8,342.7,801.3,937.3
2026-01-10,Z8,P4,14.06,0.0,6.2,10.6,202.5,232.5
2026-01-11,Z8,P4,0.0,0.0,1.8,7.0,211.8,216.3
2026-01-12,Z8,P4,0.0,88.87,266.1,288.5,828.6,929.1
2026-01-13,Z8,P4,957.6,317.27,388.6,336.9,971.7,1066.7
2026-01-14,Z8,P4,357.86,400.0,340.0,322.8,767.2,844.0
2026-01-15,Z8,P4,95.9,419.05,446.0,397.1,967.4,1004.2
2026-01-16,Z8,P4,483.88,0.0,405.9,299.1,941.7,1198.1
2026-01-17,Z8,P4,0.0,14.06,2.4,0.0,153.3,203.7
2026-01-18,Z8,P4,0.0,0.0,1.3,0.0,110.7,163.9
2026-01-19,Z8,P4,124.83,0.0,366.2,313.2,775.5,873.0
2026-01-20,Z8,P4,191.62,957.6,323.9,312.5,848.3,1074.7
2026-01-21,Z8,P4,203.06,357.86,412.9,378.4,1022.9,1212.3
2026-01-22,Z8,P4,1222.2,95.9,333.5,285.7,793.8,896.2
2026-01-23,Z8,P4,814.1,483.88,407.4,376.0,759.0,940.8
2026-01-24,Z8,P4,0.0,0.0,11.6,0.0,135.6,211.0
2026-01-25,Z8,P4,0.0,0.0,2.2,0.0,86.8,136.2
2026-01-26,Z8,P4,52.11,124.83,317.2,263.6,713.1,793.7
2026-01-27,Z8,P4,470.42,191.62,299.1,285.1,852.9,973.0
2026-01-28,Z8,P4,223.39,203.06,322.7,277.4,775.6,853.2
2026-01-29,Z8,P4,100.19,1222.2,375.8,498.5,1158.3,1656.2
2026-01-30,Z8,P4,891.9,814.1,485.7,467.4,872.8,1031.6
2026-01-31,Z8,P4,0.0,0.0,4.7,0.0,170.0,253.7
2026-03-01,Z8,P4,0.0,0.0,29.9,34.1,277.9,312.8
2026-03-02,Z8,P4,1048.77,101.0,491.5,357.5,926.6,964.1
2026-03-03,Z8,P4,920.24,510.62,457.1,418.9,929.2,948.8
2026-03-04,Z8,P4,999.38,607.76,476.2,447.5,951.1,1075.7
2026-03-05,Z8,P4,239.86,0.0,404.6,323.7,934.8,986.5
2026-03-06,Z8,P4,37.65,988.54,572.6,513.4,1312.3,1390.0
2026-03-07,Z8,P4,77.26,52.64,104.1,147.4,325.9,387.0
2026-03-08,Z8,P4,0.0,0.0,18.5,24.3,237.0,262.8
2026-03-09,Z8,P4,684.93,1048.77,432.4,400.6,1236.9,1337.2
2026-03-10,Z8,P4,142.0,920.24,484.5,505.2,1131.5,1337.1
2026-03-11,Z8,P4,473.1,999.38,508.8,513.8,1228.2,1366.7
2026-03-12,Z8,P4,0.0,239.86,354.4,356.3,784.1,875.2
2026-03-13,Z8,P4,246.67,37.65,364.2,371.7,975.0,1154.6
2026-03-14,Z8,P4,0.0,77.26,213.3,232.7,519.9,519.9
2026-03-15,Z8,P4,26.1,0.0,27.5,32.0,192.3,200.0
2026-03-16,Z8,P4,1476.6,684.93,444.2,432.2,1027.4,1141.4
2026-03-17,Z8,P4,47.98,142.0,398.7,340.5,940.0,1034.4
2026-03-18,Z8,P4,1161.06,473.1,441.8,425.5,922.8,1055.7
2026-03-19,Z8,P4,208.28,0.0,411.9,332.5,947.6,1070.7
2026-03-20,Z8,P4,460.7,246.67,550.8,543.9,1029.5,1200.7
2026-03-21,Z8,P4,59.1,0.0,37.7,69.9,280.5,285.7
2026-03-22,Z8,P4,0.0,26.1,13.7,45.6,150.7,150.7
2026-03-23,Z8,P4,781.34,1476.6,519.1,560.0,1304.9,1418.1
2026-03-24,Z8,P4,623.82,47.98,427.0,446.4,905.7,1074.4
2026-03-25,Z8,P4,135.0,1161.06,381.8,516.4,1171.6,1347.8
2026-03-26,Z8,P4,238.7,208.28,234.4,270.5,721.3,858.0
2026-03-27,Z8,P4,1510.5,460.7,494.4,529.2,967.1,1200.4
2026-03-28,Z8,P4,0.0,59.1,83.3,122.7,258.4,320.4
2026-03-29,Z8,P4,3.61,0.0,17.7,47.1,180.5,221.0
2026-03-30,Z8,P4,0.0,781.34,567.6,610.7,1374.0,1391.7
2026-03-31,Z8,P4,188.0,623.82,545.0,514.4,991.5,1200.5
2026-04-01,Z8,P4,686.48,135.0,374.1,389.7,1084.6,1198.3
2026-04-02,Z8,P4,506.4,238.7,423.7,450.9,917.1,997.9
2026-04-03,Z8,P4,0.0,1510.5,576.9,593.5,1238.7,1494.2
2026-04-04,Z8,P4,0.0,0.0,21.6,81.5,274.7,303.9
2026-04-06,Z8,P4,0.0,0.0,507.8,469.0,1214.3,1311.5
2026-04-07,Z8,P4,201.91,188.0,323.2,348.0,841.8,913.8
2026-04-08,Z8,P4,318.84,686.48,363.6,499.0,1128.0,1243.9
2026-04-09,Z8,P4,595.0,506.4,380.0,437.6,758.6,945.0
2026-04-10,Z8,P4,117.96,0.0,375.6,318.4,1069.8,1130.5
2026-04-11,Z8,P4,28.7,0.0,66.1,99.8,304.5,349.3
2026-04-13,Z8,P4,97.0,0.0,364.0,474.2,1004.0,1162.4
2026-04-14,Z8,P4,1067.8,201.91,304.1,334.1,721.5,870.1
2026-04-15,Z8,P4,0.0,318.84,426.7,414.9,926.5,1110.2
2026-04-16,Z8,P4,1132.23,595.0,497.1,458.0,887.2,1017.5
2026-04-17,Z8,P4,443.51,117.96,427.3,424.8,1174.3,1317.6
2026-04-18,Z8,P4,483.34,28.7,35.1,79.5,240.3,255.3
2026-04-19,Z8,P4,0.0,131.03,40.2,73.3,295.6,333.5
2026-04-20,Z8,P4,108.74,97.0,312.9,281.4,859.2,956.6
2026-04-21,Z8,P4,125.0,1067.8,384.6,446.1,1099.0,1256.2
2026-04-22,Z8,P4,560.93,0.0,276.6,299.4,855.4,912.6
2026-04-23,Z8,P4,138.0,1132.23,382.5,534.5,1006.7,1194.1
2026-04-24,Z8,P4,655.14,443.51,528.9,559.5,1110.7,1217.7
2026-04-25,Z8,P4,0.0,483.34,184.6,245.9,384.1,389.3
2026-04-26,Z8,P4,0.0,0.0,25.7,55.5,289.6,351.3
2026-04-28,Z8,P4,140.0,125.0,276.8,231.8,1075.2,1136.8
2026-04-29,Z8,P4,0.0,560.93,407.5,518.2,983.6,1114.7
2026-04-30,Z8,P4,1073.7,138.0,272.7,273.7,1069.9,1118.5
2025-10-01,Z9,P1,224.32,787.95,556.3,547.6,855.8,946.8
2025-10-02,Z9,P1,437.44,469.25,471.9,452.6,658.0,747.9
2025-10-03,Z9,P1,484.62,214.41,410.0,407.1,704.4,751.4
2025-10-04,Z9,P1,230.46,535.43,420.8,462.3,572.0,654.2
2025-10-05,Z9,P1,159.22,212.75,265.3,294.2,493.9,618.4
2025-10-06,Z9,P1,251.52,348.86,456.6,458.8,788.4,995.7
2025-10-07,Z9,P1,403.24,247.29,358.8,358.7,707.7,811.0
2025-10-08,Z9,P1,375.13,224.32,414.6,421.2,871.6,1049.9
2025-10-09,Z9,P1,410.53,437.44,478.7,482.6,814.3,894.8
2025-10-10,Z9,P1,486.63,484.62,493.6,485.1,748.1,801.7
2025-10-11,Z9,P1,360.32,230.46,368.5,405.9,650.1,804.1
2025-10-12,Z9,P1,296.2,159.22,270.5,285.5,472.8,666.1
2025-10-13,Z9,P1,246.57,251.52,393.7,396.0,627.7,646.9
2025-10-14,Z9,P1,458.71,403.24,436.5,434.7,655.3,665.3
2025-10-15,Z9,P1,213.5,375.13,389.2,390.7,612.1,650.5
2025-10-16,Z9,P1,392.32,410.53,462.1,452.3,742.7,783.4
2025-10-17,Z9,P1,596.91,486.63,473.6,459.0,691.4,691.4
2025-10-18,Z9,P1,252.77,360.32,362.4,333.9,506.0,590.9
2025-10-19,Z9,P1,506.19,296.2,328.7,338.9,379.8,538.4
2025-10-20,Z9,P1,436.96,246.57,361.0,374.9,578.1,634.2
2025-10-21,Z9,P1,269.51,458.71,427.5,413.9,614.2,667.8
2025-10-22,Z9,P1,211.3,213.5,398.1,375.1,597.6,660.9
2025-10-23,Z9,P1,282.33,392.32,428.8,436.1,583.9,641.3
2025-10-24,Z9,P1,336.0,596.91,461.8,454.2,638.9,697.2
2025-10-25,Z9,P1,322.75,252.77,354.9,375.9,528.3,606.8
2025-10-26,Z9,P1,103.51,506.19,343.0,341.3,435.0,521.4
2025-10-27,Z9,P1,407.49,436.96,362.0,358.9,470.7,562.7
2025-10-28,Z9,P1,260.62,269.51,368.8,378.7,552.0,605.1
2025-10-29,Z9,P1,179.53,211.3,358.7,365.7,524.3,607.4
2025-10-30,Z9,P1,240.88,282.33,385.4,387.7,566.9,596.0
2025-10-31,Z9,P1,328.52,336.0,435.3,437.1,643.9,697.8
2025-11-01,Z9,P1,223.73,322.75,339.1,353.0,493.4,574.7
2025-11-02,Z9,P1,180.94,103.51,230.8,239.6,373.4,460.7
2025-11-03,Z9,P1,263.35,407.49,383.4,400.5,548.8,602.2
2025-11-04,Z9,P1,473.72,260.62,345.1,363.6,503.4,562.8
2025-11-05,Z9,P1,393.15,179.53,338.9,364.4,471.4,537.6
2025-11-06,Z9,P1,156.47,240.88,361.0,381.3,519.5,585.2
2025-11-07,Z9,P1,121.57,328.52,408.1,415.3,626.5,628.7
2025-11-08,Z9,P1,140.42,223.73,335.1,354.9,475.1,528.3
2025-11-09,Z9,P1,247.45,180.94,271.0,285.5,332.7,419.0
2025-11-10,Z9,P1,299.22,263.35,358.0,373.9,530.3,583.4
2025-11-11,Z9,P1,416.72,473.72,370.3,393.7,484.2,567.6
2025-11-12,Z9,P1,119.3,393.15,346.1,351.5,470.7,540.6
2025-11-13,Z9,P1,77.73,156.47,303.8,280.2,476.0,531.0
2025-11-14,Z9,P1,242.76,121.57,316.4,296.9,505.3,623.5
2025-11-15,Z9,P1,148.13,140.42,244.9,229.9,401.6,444.2
2025-11-16,Z9,P1,140.0,247.45,241.1,249.6,379.8,434.0
2025-11-17,Z9,P1,265.75,299.22,313.7,323.5,468.4,503.2
2025-11-18,Z9,P1,100.89,416.72,336.9,340.8,491.8,535.5
2025-11-19,Z9,P1,527.27,119.3,303.5,277.4,565.3,595.5
2025-11-20,Z9,P1,100.11,77.73,269.7,254.0,405.1,460.6
2025-11-21,Z9,P1,476.73,242.76,264.3,267.6,398.0,432.3
2025-11-22,Z9,P1,232.13,148.13,232.5,206.7,360.2,401.0
2025-11-23,Z9,P1,184.87,140.0,184.1,161.2,278.0,299.6
2025-11-24,Z9,P1,183.29,265.75,286.9,295.2,430.8,451.9
2025-11-25,Z9,P1,130.99,100.89,289.8,284.4,433.9,489.0
2025-11-26,Z9,P1,205.9,527.27,314.2,300.7,447.8,501.1
2025-11-27,Z9,P1,270.72,100.11,248.3,245.2,385.1,427.5
2025-11-28,Z9,P1,363.41,476.73,326.4,316.8,465.9,538.5
2025-11-29,Z9,P1,275.44,232.13,215.5,205.5,358.0,408.3
2025-11-30,Z9,P1,70.87,184.87,172.4,167.3,282.3,316.1
2025-12-01,Z9,P1,255.59,183.29,267.4,274.5,405.9,466.6
2025-12-02,Z9,P1,119.75,130.99,264.4,255.1,404.4,449.9
2025-12-03,Z9,P1,266.76,205.9,272.0,303.2,424.1,474.8
2025-12-04,Z9,P1,206.69,270.72,253.6,240.5,399.8,464.0
2025-12-05,Z9,P1,432.46,363.41,327.9,333.6,453.1,506.5
2025-12-06,Z9,P1,188.43,275.44,203.8,210.4,346.8,404.8
2025-12-07,Z9,P1,83.33,70.87,148.1,168.9,259.0,285.7
2025-12-08,Z9,P1,199.06,255.59,252.8,262.0,378.2,439.6
2025-12-09,Z9,P1,154.91,119.75,227.3,241.4,372.7,449.0
2025-12-10,Z9,P1,579.89,266.76,203.2,253.8,369.9,428.7
2025-12-11,Z9,P1,319.23,206.69,212.7,244.2,355.4,438.8
2025-12-12,Z9,P1,484.15,432.46,306.8,321.8,482.0,558.4
2025-12-13,Z9,P1,218.98,188.43,174.0,223.7,319.0,407.8
2025-12-14,Z9,P1,59.68,83.33,113.3,117.5,229.6,257.4
2025-12-15,Z9,P1,235.03,199.06,269.6,271.8,376.4,481.2
2025-12-16,Z9,P1,211.52,154.91,194.2,189.9,327.1,393.3
2025-12-17,Z9,P1,274.34,579.89,257.2,327.9,533.4,651.1
2025-12-18,Z9,P1,401.31,319.23,259.2,254.0,389.4,453.2
2025-12-19,Z9,P1,170.18,484.15,304.1,330.7,524.2,557.8
2025-12-20,Z9,P1,177.66,218.98,212.5,168.7,324.1,379.1
2025-12-21,Z9,P1,0.0,59.68,78.0,33.7,141.1,190.1
2025-12-22,Z9,P1,182.62,235.03,210.9,172.0,323.7,407.3
2025-12-23,Z9,P1,108.53,211.52,182.9,109.2,309.3,376.2
2025-12-24,Z9,P1,168.13,274.34,168.2,131.4,320.6,440.6
2025-12-25,Z9,P1,42.4,401.31,191.6,146.6,320.9,431.6
2025-12-26,Z9,P1,68.34,170.18,218.7,193.5,321.3,434.2
2025-12-27,Z9,P1,433.53,177.66,183.8,136.8,266.3,384.8
2025-12-28,Z9,P1,183.06,0.0,43.4,12.2,91.3,161.7
2025-12-29,Z9,P1,282.69,182.62,223.1,190.0,342.8,449.6
2025-12-30,Z9,P1,184.31,108.53,208.3,122.0,342.9,445.4
2025-12-31,Z9,P1,234.05,168.13,193.7,129.9,319.2,497.8
2026-01-01,Z9,P1,0.0,42.4,175.2,143.9,249.5,386.1
2026-01-02,Z9,P1,388.11,68.34,195.2,154.0,289.0,379.1
2026-01-03,Z9,P1,0.0,433.53,163.8,160.0,310.8,390.5
2026-01-04,Z9,P1,107.03,183.06,100.6,97.3,108.2,149.5
2026-01-05,Z9,P1,153.54,282.69,279.5,307.6,393.5,448.0
2026-01-06,Z9,P1,370.62,184.31,257.1,291.7,382.5,432.9
2026-01-07,Z9,P1,84.48,234.05,311.9,329.0,461.8,535.0
2026-01-08,Z9,P1,435.78,0.0,245.5,283.8,340.7,390.7
2026-01-09,Z9,P1,110.36,388.11,270.7,280.6,474.0,507.6
2026-01-10,Z9,P1,132.6,0.0,159.0,176.4,340.9,384.6
2026-01-11,Z9,P1,59.65,107.03,122.6,100.4,193.0,224.2
2026-01-12,Z9,P1,226.38,153.54,284.9,294.6,413.4,440.9
2026-01-13,Z9,P1,292.37,370.62,259.4,292.7,375.6,390.7
2026-01-14,Z9,P1,193.64,84.48,271.4,287.2,388.7,421.1
2026-01-15,Z9,P1,397.08,435.78,257.8,316.7,395.3,445.1
2026-01-16,Z9,P1,119.72,110.36,234.9,224.7,417.0,436.4
2026-01-17,Z9,P1,139.54,132.6,140.8,127.6,319.5,319.5
2026-01-18,Z9,P1,135.78,59.65,94.5,84.0,188.8,198.5
2026-01-19,Z9,P1,393.82,226.38,228.8,264.2,392.1,429.8
2026-01-20,Z9,P1,166.46,292.37,233.5,273.8,374.1,395.1
2026-01-21,Z9,P1,145.04,193.64,213.3,252.7,344.2,387.6
2026-01-22,Z9,P1,168.12,397.08,250.2,286.9,461.3,461.3
2026-01-23,Z9,P1,268.86,119.72,201.0,189.0,370.5,388.4
2026-01-24,Z9,P1,194.09,139.54,194.7,159.3,306.6,347.0
2026-01-25,Z9,P1,44.76,135.78,88.5,80.1,182.1,214.0
2026-01-26,Z9,P1,0.0,393.82,229.0,258.3,379.7,400.0
2026-01-27,Z9,P1,292.19,166.46,237.7,244.4,390.6,451.1
2026-01-28,Z9,P1,160.73,145.04,230.9,232.2,392.6,429.5
2026-01-29,Z9,P1,182.49,168.12,242.5,254.0,378.3,441.6
2026-01-30,Z9,P1,294.32,268.86,227.5,242.6,396.4,455.4
2026-01-31,Z9,P1,132.84,194.09,176.9,137.0,267.6,352.5
2026-02-01,Z9,P1,68.02,44.76,96.1,72.6,193.0,222.3
2026-02-02,Z9,P1,203.74,0.0,182.7,221.1,367.7,437.4
2026-02-03,Z9,P1,611.58,292.19,226.4,245.5,395.7,427.9
2026-02-04,Z9,P1,544.05,160.73,210.7,202.3,364.3,394.3
2026-02-05,Z9,P1,242.76,182.49,260.8,256.3,423.7,464.2
2026-02-06,Z9,P1,157.62,294.32,236.3,247.4,385.1,425.2
2026-02-07,Z9,P1,232.78,132.84,182.6,147.5,323.6,352.8
2026-02-08,Z9,P1,141.65,68.02,86.7,66.7,199.9,202.7
2026-02-09,Z9,P1,140.61,203.74,208.7,217.7,390.1,418.2
2026-02-10,Z9,P1,258.29,611.58,290.1,290.0,522.7,573.4
2026-02-11,Z9,P1,310.05,544.05,292.8,300.1,461.4,520.1
2026-02-12,Z9,P1,355.81,242.76,268.5,247.9,433.9,470.9
2026-02-13,Z9,P1,186.09,157.62,238.2,211.3,379.7,425.4
2026-02-14,Z9,P1,112.36,232.78,184.0,143.0,331.4,379.4
2026-02-15,Z9,P1,62.25,141.65,85.8,83.5,192.6,202.0
2026-02-16,Z9,P1,90.64,140.61,270.1,247.8,378.5,446.7
2026-02-17,Z9,P1,595.25,258.29,269.4,288.3,493.7,506.2
2026-02-18,Z9,P1,281.24,310.05,285.6,295.6,444.4,509.0
2026-02-19,Z9,P1,370.76,355.81,276.2,253.7,401.3,427.5
2026-02-20,Z9,P1,152.61,186.09,263.5,250.1,391.0,438.8
2026-02-21,Z9,P1,162.12,112.36,200.2,187.7,349.5,398.3
2026-02-22,Z9,P1,166.3,62.25,125.8,96.2,206.0,273.6
2026-02-23,Z9,P1,227.06,90.64,223.1,203.0,345.8,408.2
2026-02-24,Z9,P1,398.82,595.25,293.3,299.5,525.9,604.5
2026-02-25,Z9,P1,136.38,281.24,278.4,267.8,427.3,494.2
2026-02-26,Z9,P1,181.13,370.76,280.2,265.1,372.0,442.8
2026-02-27,Z9,P1,170.51,152.61,264.1,238.0,413.4,470.3
2026-02-28,Z9,P1,91.7,162.12,153.1,153.6,290.3,333.8
2026-03-01,Z9,P1,174.35,166.3,130.9,97.1,224.9,249.8
2026-03-02,Z9,P1,243.15,227.06,230.9,219.0,374.8,462.0
2026-03-03,Z9,P1,642.22,398.82,322.9,342.1,609.5,683.4
2026-03-04,Z9,P1,175.9,136.38,298.8,286.2,465.8,566.5
2026-03-05,Z9,P1,394.78,181.13,287.1,288.4,440.1,529.5
2026-03-06,Z9,P1,245.35,170.51,258.9,243.0,379.5,455.2
2026-03-07,Z9,P1,68.13,91.7,200.2,170.0,343.7,407.6
2026-03-08,Z9,P1,210.46,174.35,172.7,143.8,253.0,296.1
2026-03-09,Z9,P1,145.35,243.15,258.0,245.3,382.0,473.6
2026-03-10,Z9,P1,331.93,642.22,317.0,347.3,574.7,668.7
2026-03-11,Z9,P1,73.94,175.9,256.8,250.5,389.0,474.0
2026-03-12,Z9,P1,289.83,394.78,284.6,280.8,460.6,515.9
2026-03-13,Z9,P1,326.51,245.35,262.7,241.0,396.6,482.0
2026-03-14,Z9,P1,74.8,68.13,148.1,118.6,272.7,320.3
2026-03-15,Z9,P1,7.02,210.46,165.0,153.3,263.6,302.1
2026-03-16,Z9,P1,146.8,145.35,287.6,252.1,394.5,452.5
2026-03-17,Z9,P1,340.19,331.93,334.8,342.4,590.8,713.5
2026-03-18,Z9,P1,226.66,73.94,274.1,245.0,383.2,474.6
2026-03-19,Z9,P1,153.67,289.83,316.8,302.4,452.8,520.4
2026-03-20,Z9,P1,277.48,326.51,274.2,264.7,400.8,491.2
2026-03-21,Z9,P1,119.48,74.8,138.5,110.3,267.7,327.7
2026-03-22,Z9,P1,32.1,7.02,131.0,132.8,234.6,303.7
2026-03-23,Z9,P1,299.99,146.8,263.8,249.3,385.6,454.2
2026-03-24,Z9,P1,197.78,340.19,302.3,305.3,457.8,528.8
2026-03-25,Z9,P1,495.86,226.66,236.2,227.1,383.8,438.9
2026-03-26,Z9,P1,148.07,153.67,270.3,243.6,418.5,500.2
2026-03-27,Z9,P1,450.9,277.48,277.8,279.7,428.8,501.6
2026-03-28,Z9,P1,148.54,119.48,129.5,123.4,268.5,281.2
2026-03-29,Z9,P1,94.63,32.1,101.3,99.9,190.5,225.3
2026-03-30,Z9,P1,310.62,299.99,256.6,245.3,398.9,486.9
2026-03-31,Z9,P1,9.99,197.78,300.9,319.8,526.4,611.8
2026-04-01,Z9,P1,120.5,495.86,313.1,345.0,472.0,585.0
2026-04-02,Z9,P1,313.71,148.07,267.2,258.8,413.6,506.6
2026-04-03,Z9,P1,199.61,450.9,292.3,281.3,456.4,527.1
2026-04-04,Z9,P1,95.57,148.54,165.4,136.2,297.6,365.7
2026-04-05,Z9,P1,223.91,94.63,143.2,110.3,225.6,273.2
2026-04-06,Z9,P1,202.4,310.62,269.7,251.1,396.7,498.8
2026-04-07,Z9,P1,361.61,9.99,222.1,221.3,377.2,473.0
2026-04-08,Z9,P1,153.24,120.5,249.6,243.6,407.2,491.7
2026-04-09,Z9,P1,670.48,313.71,249.9,242.4,411.8,507.6
2026-04-10,Z9,P1,417.31,199.61,258.5,263.3,428.0,496.7
2026-04-11,Z9,P1,402.94,95.57,183.9,135.9,317.6,370.3
2026-04-12,Z9,P1,286.91,223.91,142.9,101.9,243.2,243.2
2026-04-13,Z9,P1,170.54,202.4,241.6,235.3,387.9,482.0
2026-04-14,Z9,P1,183.68,361.61,244.8,252.4,419.3,465.6
2026-04-15,Z9,P1,629.1,153.24,222.4,214.3,406.2,510.5
2026-04-16,Z9,P1,394.53,670.48,308.8,324.2,542.6,651.4
2026-04-17,Z9,P1,312.65,417.31,284.0,266.2,429.4,547.0
2026-04-18,Z9,P1,290.26,402.94,211.1,176.9,336.1,394.4
2026-04-19,Z9,P1,215.88,286.91,192.8,162.9,291.8,353.5
2026-04-20,Z9,P1,248.21,170.54,266.0,263.6,413.1,520.5
2026-04-21,Z9,P1,308.71,183.68,285.9,288.3,426.9,502.8
2026-04-22,Z9,P1,305.13,629.1,348.3,334.5,585.2,696.0
2026-04-23,Z9,P1,400.56,394.53,313.9,309.2,535.3,617.1
2026-04-24,Z9,P1,564.31,312.65,340.0,315.5,501.6,574.8
2026-04-25,Z9,P1,288.7,290.26,217.3,200.4,409.6,464.7
2026-04-26,Z9,P1,112.73,215.88,187.3,153.1,313.2,356.6
2026-04-27,Z9,P1,48.68,248.21,236.7,216.9,446.3,536.7
2026-04-28,Z9,P1,416.36,308.71,286.2,233.9,491.6,563.4
2026-04-29,Z9,P1,374.29,305.13,256.2,249.4,525.7,543.4
2026-04-30,Z9,P1,428.73,400.56,281.2,279.6,554.9,624.0
2025-10-01,Z9,P2,53.95,133.38,123.9,141.2,434.1,453.3
2025-10-02,Z9,P2,157.18,40.58,112.5,129.2,417.5,427.8
2025-10-03,Z9,P2,0.0,68.8,150.6,163.3,447.1,461.8
2025-10-04,Z9,P2,113.94,143.37,182.8,193.4,401.8,468.7
2025-10-05,Z9,P2,96.74,150.4,113.5,102.4,343.3,369.1
2025-10-06,Z9,P2,32.79,105.99,137.7,156.9,445.6,474.7
2025-10-07,Z9,P2,125.16,99.75,134.2,144.3,430.0,435.4
2025-10-08,Z9,P2,49.12,53.95,130.8,136.5,494.8,528.4
2025-10-09,Z9,P2,150.92,157.18,125.8,148.6,429.1,433.3
2025-10-10,Z9,P2,86.82,0.0,124.8,141.8,413.2,413.2
2025-10-11,Z9,P2,81.55,113.94,131.7,122.5,403.5,450.0
2025-10-12,Z9,P2,218.2,96.74,112.4,101.5,311.2,387.3
2025-10-13,Z9,P2,43.11,32.79,126.6,129.6,305.6,332.3
2025-10-14,Z9,P2,35.96,125.16,133.9,147.4,320.0,346.6
2025-10-15,Z9,P2,71.63,49.12,129.0,148.2,303.9,314.3
2025-10-16,Z9,P2,129.33,150.92,137.8,156.5,298.6,329.2
2025-10-17,Z9,P2,203.61,86.82,154.6,180.2,325.8,355.6
2025-10-18,Z9,P2,215.77,81.55,132.3,132.5,300.3,335.3
2025-10-19,Z9,P2,123.21,218.2,123.7,151.3,273.9,273.9
2025-10-20,Z9,P2,113.03,43.11,127.8,131.7,246.8,290.3
2025-10-21,Z9,P2,75.77,35.96,132.2,131.9,257.0,292.2
2025-10-22,Z9,P2,154.97,71.63,129.8,131.9,282.2,288.2
2025-10-23,Z9,P2,99.88,129.33,140.0,155.8,290.0,332.2
2025-10-24,Z9,P2,68.07,203.61,129.7,141.3,253.8,265.4
2025-10-25,Z9,P2,20.61,215.77,112.3,121.2,229.8,292.0
2025-10-26,Z9,P2,8.33,123.21,103.9,109.3,239.2,272.7
2025-10-27,Z9,P2,126.65,113.03,101.2,101.0,201.0,240.6
2025-10-28,Z9,P2,101.46,75.77,99.3,99.5,204.7,240.4
2025-10-29,Z9,P2,88.33,154.97,89.9,95.7,207.7,217.4
2025-10-30,Z9,P2,89.88,99.88,99.9,111.6,202.1,237.7
2025-10-31,Z9,P2,90.97,68.07,106.6,115.5,215.7,268.6
2025-11-01,Z9,P2,135.63,20.61,100.7,95.7,218.7,262.6
2025-11-02,Z9,P2,41.9,8.33,85.0,78.5,191.1,212.1
2025-11-03,Z9,P2,35.67,126.65,84.4,89.8,191.9,210.3
2025-11-04,Z9,P2,102.86,101.46,85.7,93.3,171.9,213.4
2025-11-05,Z9,P2,111.12,88.33,89.6,93.2,205.1,238.3
2025-11-06,Z9,P2,37.62,89.88,92.7,105.1,194.2,219.5
2025-11-07,Z9,P2,98.79,90.97,106.1,108.0,199.5,221.5
2025-11-08,Z9,P2,131.18,135.63,102.8,108.3,190.7,219.7
2025-11-09,Z9,P2,36.87,41.9,91.8,100.3,186.9,211.9
2025-11-10,Z9,P2,133.61,35.67,77.0,87.4,161.3,193.0
2025-11-11,Z9,P2,21.88,102.86,79.7,87.0,159.7,183.8
2025-11-12,Z9,P2,22.79,111.12,82.7,91.0,174.9,195.4
2025-11-13,Z9,P2,27.07,37.62,78.9,93.5,153.8,187.0
2025-11-14,Z9,P2,20.83,98.79,115.1,118.1,212.2,235.9
2025-11-15,Z9,P2,18.87,131.18,116.5,119.9,236.9,247.6
2025-11-16,Z9,P2,71.39,36.87,63.3,67.1,125.2,138.5
2025-11-17,Z9,P2,71.18,133.61,78.9,89.3,169.9,200.3
2025-11-18,Z9,P2,35.14,21.88,69.4,78.0,151.0,186.3
2025-11-19,Z9,P2,8.29,22.79,74.6,86.8,159.5,208.4
2025-11-20,Z9,P2,33.65,27.07,74.2,81.7,144.4,182.3
2025-11-21,Z9,P2,165.18,20.83,75.8,81.3,147.6,185.2
2025-11-22,Z9,P2,50.75,18.87,68.6,78.5,171.5,199.8
2025-11-23,Z9,P2,170.41,71.39,72.0,73.8,145.0,181.1
2025-11-24,Z9,P2,38.08,71.18,63.7,71.5,149.8,187.4
2025-11-25,Z9,P2,145.42,35.14,60.2,67.6,133.5,179.8
2025-11-26,Z9,P2,57.86,8.29,58.1,60.9,134.2,161.4
2025-11-27,Z9,P2,72.73,33.65,66.7,76.2,147.5,182.9
2025-11-28,Z9,P2,22.13,165.18,62.3,86.4,156.6,185.9
2025-11-29,Z9,P2,23.49,50.75,79.2,90.0,148.1,179.0
2025-11-30,Z9,P2,24.91,170.41,63.6,77.2,148.1,199.0
2025-12-01,Z9,P2,7.43,38.08,56.9,68.2,144.0,185.6
2025-12-02,Z9,P2,128.1,145.42,72.4,81.9,152.0,188.2
2025-12-03,Z9,P2,44.1,57.86,57.2,70.5,118.8,165.8
2025-12-04,Z9,P2,46.66,72.73,76.1,78.2,174.2,194.4
2025-12-05,Z9,P2,139.72,22.13,74.8,75.1,177.2,209.3
2025-12-06,Z9,P2,49.3,23.49,59.5,70.4,123.7,161.9
2025-12-07,Z9,P2,195.5,24.91,49.7,61.0,185.0,217.1
2025-12-08,Z9,P2,16.45,7.43,48.4,58.8,128.8,169.5
2025-12-09,Z9,P2,82.85,128.1,61.7,68.7,143.1,206.1
2025-12-10,Z9,P2,69.87,44.1,54.4,49.9,107.9,155.9
2025-12-11,Z9,P2,47.1,46.66,56.7,62.7,127.3,150.4
2025-12-12,Z9,P2,39.1,139.72,94.8,100.8,177.9,189.2
2025-12-13,Z9,P2,61.05,49.3,72.5,75.8,139.3,175.4
2025-12-14,Z9,P2,16.08,195.5,56.2,75.7,147.3,190.0
2025-12-15,Z9,P2,45.66,16.45,53.4,54.2,99.1,139.5
2025-12-16,Z9,P2,122.4,82.85,62.6,74.8,155.1,187.6
2025-12-17,Z9,P2,151.0,69.87,69.4,74.3,161.4,190.9
2025-12-18,Z9,P2,75.85,47.1,55.0,59.1,120.0,159.3
2025-12-19,Z9,P2,28.13,39.1,68.4,70.7,144.5,216.4
2025-12-20,Z9,P2,51.79,61.05,57.1,45.8,78.5,125.2
2025-12-21,Z9,P2,11.14,16.08,43.3,29.5,169.0,204.7
2025-12-22,Z9,P2,14.68,45.66,64.9,43.1,141.4,174.4
2025-12-23,Z9,P2,90.85,122.4,71.2,58.7,160.8,183.5
2025-12-24,Z9,P2,184.18,151.0,54.8,45.2,122.9,171.5
2025-12-25,Z9,P2,55.19,75.85,59.6,54.7,119.3,162.8
2025-12-26,Z9,P2,54.68,28.13,61.5,61.9,128.8,169.1
2025-12-27,Z9,P2,103.07,51.79,66.2,57.5,104.8,139.8
2025-12-28,Z9,P2,136.86,11.14,47.6,34.1,115.1,145.7
2025-12-29,Z9,P2,423.01,14.68,48.4,27.5,99.1,125.0
2025-12-30,Z9,P2,295.13,90.85,62.9,50.5,163.6,176.7
2025-12-31,Z9,P2,371.99,184.18,63.1,51.7,159.4,253.5
2026-01-01,Z9,P2,2.51,55.19,52.9,45.6,121.6,155.6
2026-01-02,Z9,P2,43.22,54.68,53.8,58.4,91.5,135.5
2026-01-03,Z9,P2,31.88,103.07,62.1,65.6,122.6,175.0
2026-01-04,Z9,P2,0.0,136.86,64.6,59.6,146.6,179.8
2026-01-05,Z9,P2,92.96,423.01,95.8,113.8,246.1,321.4
2026-01-06,Z9,P2,0.0,295.13,81.0,64.0,239.9,269.8
2026-01-07,Z9,P2,0.0,371.99,100.5,88.4,247.0,313.7
2026-01-08,Z9,P2,0.0,2.51,78.4,66.8,166.2,205.6
2026-01-09,Z9,P2,76.22,43.22,95.2,84.3,151.7,219.3
2026-01-10,Z9,P2,4.0,31.88,71.3,65.3,126.1,176.1
2026-01-11,Z9,P2,72.73,0.0,48.5,43.8,121.4,188.0
2026-01-12,Z9,P2,0.0,92.96,93.3,91.9,268.5,268.5
2026-01-13,Z9,P2,148.84,0.0,86.1,78.8,224.7,263.3
2026-01-14,Z9,P2,56.46,0.0,88.6,101.0,252.6,267.8
2026-01-15,Z9,P2,38.22,0.0,71.0,57.1,148.0,167.6
2026-01-16,Z9,P2,52.05,76.22,106.5,100.8,201.2,214.3
2026-01-17,Z9,P2,4.65,4.0,52.6,44.8,119.5,151.7
2026-01-18,Z9,P2,80.69,72.73,73.1,77.8,167.9,170.7
2026-01-19,Z9,P2,13.72,0.0,81.5,68.9,230.1,263.5
2026-01-20,Z9,P2,69.59,148.84,100.7,84.7,238.0,265.4
2026-01-21,Z9,P2,32.85,56.46,111.5,102.4,251.2,279.5
2026-01-22,Z9,P2,5.45,38.22,72.0,65.5,146.9,196.4
2026-01-23,Z9,P2,62.0,52.05,83.1,74.7,163.0,199.9
2026-01-24,Z9,P2,95.38,4.65,64.7,47.0,117.2,117.6
2026-01-25,Z9,P2,9.3,80.69,72.5,71.2,135.1,158.4
2026-01-26,Z9,P2,98.37,13.72,91.8,99.3,245.9,268.8
2026-01-27,Z9,P2,65.08,69.59,91.6,90.8,217.3,293.1
2026-01-28,Z9,P2,48.31,32.85,92.7,97.5,210.4,252.3
2026-01-29,Z9,P2,78.04,5.45,50.9,35.7,121.9,157.3
2026-01-30,Z9,P2,34.93,62.0,99.1,97.0,204.1,242.5
2026-01-31,Z9,P2,106.01,95.38,75.9,58.1,121.6,152.2
2026-02-01,Z9,P2,23.85,9.3,50.0,48.9,131.4,174.4
2026-02-02,Z9,P2,24.13,98.37,62.4,60.4,148.0,176.0
2026-02-03,Z9,P2,6.43,65.08,74.0,64.3,173.4,192.2
2026-02-04,Z9,P2,60.61,48.31,52.3,48.0,104.4,135.7
2026-02-05,Z9,P2,15.9,78.04,65.6,59.6,137.2,152.3
2026-02-06,Z9,P2,29.59,34.93,73.3,74.2,153.5,185.9
2026-02-07,Z9,P2,105.8,106.01,73.6,63.3,134.4,148.4
2026-02-08,Z9,P2,61.92,23.85,51.5,45.4,107.1,121.5
2026-02-09,Z9,P2,40.56,24.13,50.2,28.4,103.6,137.8
2026-02-10,Z9,P2,23.78,6.43,68.9,74.0,163.4,199.4
2026-02-11,Z9,P2,25.49,60.61,63.3,68.7,137.4,164.4
2026-02-12,Z9,P2,4.5,15.9,60.5,38.4,123.4,145.1
2026-02-13,Z9,P2,12.58,29.59,61.6,43.4,130.6,164.9
2026-02-14,Z9,P2,27.76,105.8,79.6,58.8,158.0,173.1
2026-02-15,Z9,P2,136.09,61.92,58.8,58.6,106.6,122.5
2026-02-16,Z9,P2,33.24,40.56,69.2,45.2,136.7,177.3
2026-02-17,Z9,P2,24.69,23.78,66.3,62.0,117.9,171.2
2026-02-18,Z9,P2,17.28,25.49,70.8,64.6,148.4,182.3
2026-02-19,Z9,P2,17.95,4.5,64.8,39.0,150.0,189.4
2026-02-20,Z9,P2,31.59,12.58,71.9,62.7,117.1,152.5
2026-02-21,Z9,P2,115.22,27.76,91.5,83.5,159.3,180.2
2026-02-22,Z9,P2,18.12,136.09,86.7,86.3,169.6,176.9
2026-02-23,Z9,P2,57.81,33.24,85.4,79.3,168.9,204.4
2026-02-24,Z9,P2,22.89,24.69,67.9,69.1,136.7,164.0
2026-02-25,Z9,P2,152.76,17.28,79.2,68.5,146.2,178.4
2026-02-26,Z9,P2,72.75,17.95,56.1,49.5,112.6,139.5
2026-02-27,Z9,P2,72.52,31.59,63.5,52.2,118.7,151.6
2026-02-28,Z9,P2,183.1,115.22,92.2,82.3,163.3,193.5
2026-03-01,Z9,P2,36.86,18.12,58.5,41.7,129.3,166.6
2026-03-02,Z9,P2,77.79,57.81,58.6,60.4,109.1,143.5
2026-03-03,Z9,P2,175.34,22.89,40.9,34.0,119.5,141.1
2026-03-04,Z9,P2,20.84,152.76,40.4,39.2,102.7,149.4
2026-03-05,Z9,P2,74.59,72.75,46.7,45.6,90.7,124.2
2026-03-06,Z9,P2,14.74,72.52,60.1,59.7,109.4,138.8
2026-03-07,Z9,P2,95.46,183.1,65.9,73.6,139.5,187.1
2026-03-08,Z9,P2,128.87,36.86,60.5,59.2,123.7,155.1
2026-03-09,Z9,P2,189.65,77.79,48.7,47.9,111.8,154.6
2026-03-10,Z9,P2,85.72,175.34,73.6,64.5,145.2,184.1
2026-03-11,Z9,P2,34.38,20.84,56.4,49.5,129.6,196.0
2026-03-12,Z9,P2,100.32,74.59,64.1,62.9,118.9,148.7
2026-03-13,Z9,P2,72.98,14.74,59.6,57.1,121.8,186.4
2026-03-14,Z9,P2,28.16,95.46,72.1,72.9,197.7,220.1
2026-03-15,Z9,P2,87.78,128.87,74.0,73.4,134.2,165.8
2026-03-16,Z9,P2,9.67,189.65,65.9,64.7,139.6,172.9
2026-03-17,Z9,P2,67.13,85.72,68.6,74.9,170.6,205.5
2026-03-18,Z9,P2,58.01,34.38,65.5,73.6,163.4,181.4
2026-03-19,Z9,P2,113.33,100.32,79.8,71.4,133.5,169.8
2026-03-20,Z9,P2,68.15,72.98,93.9,87.9,147.6,184.0
2026-03-21,Z9,P2,27.74,28.16,86.7,88.1,165.4,187.1
2026-03-22,Z9,P2,60.98,87.78,84.8,71.7,126.5,154.9
2026-03-23,Z9,P2,21.66,9.67,76.8,70.0,187.6,236.4
2026-03-24,Z9,P2,246.89,67.13,82.4,86.1,168.5,184.6
2026-03-25,Z9,P2,6.12,58.01,78.5,81.7,128.7,168.8
2026-03-26,Z9,P2,109.0,113.33,88.2,90.5,160.0,192.0
2026-03-27,Z9,P2,130.24,68.15,90.5,91.4,144.9,155.6
2026-03-28,Z9,P2,143.32,27.74,107.3,101.4,197.7,233.5
2026-03-29,Z9,P2,19.72,60.98,85.1,80.7,159.3,170.7
2026-03-30,Z9,P2,58.43,21.66,65.0,71.0,162.2,180.5
2026-03-31,Z9,P2,56.35,246.89,94.7,84.8,214.8,278.9
2026-04-01,Z9,P2,37.4,6.12,65.9,49.8,115.6,167.0
2026-04-02,Z9,P2,301.6,109.0,88.7,87.4,174.2,194.8
2026-04-03,Z9,P2,178.47,130.24,104.7,88.6,174.4,200.8
2026-04-04,Z9,P2,18.01,143.32,108.4,108.1,170.8,198.4
2026-04-05,Z9,P2,81.61,19.72,76.1,75.7,152.1,189.5
2026-04-06,Z9,P2,97.79,58.43,84.9,74.4,179.8,197.5
2026-04-07,Z9,P2,251.94,56.35,87.6,70.8,223.9,276.1
2026-04-08,Z9,P2,72.51,37.4,63.6,51.9,121.2,160.5
2026-04-09,Z9,P2,167.16,301.6,92.2,96.0,226.5,322.3
2026-04-10,Z9,P2,142.7,178.47,107.1,90.4,202.5,251.4
2026-04-11,Z9,P2,19.11,18.01,76.6,64.9,153.3,236.9
2026-04-12,Z9,P2,155.74,81.61,99.2,85.1,168.9,181.4
2026-04-13,Z9,P2,81.35,97.79,78.9,66.7,161.4,176.6
2026-04-14,Z9,P2,87.2,251.94,89.9,77.1,213.1,286.2
2026-04-15,Z9,P2,193.82,72.51,93.3,83.4,182.2,217.0
2026-04-16,Z9,P2,119.09,167.16,107.3,95.3,271.2,301.3
2026-04-17,Z9,P2,82.87,142.7,113.7,106.1,247.0,291.0
2026-04-18,Z9,P2,151.34,19.11,82.0,87.9,175.4,220.0
2026-04-19,Z9,P2,145.76,155.74,100.9,84.8,173.6,206.4
2026-04-20,Z9,P2,90.74,81.35,90.2,91.4,176.3,214.4
2026-04-21,Z9,P2,26.63,87.2,118.9,113.2,270.4,342.7
2026-04-22,Z9,P2,56.17,193.82,114.9,105.0,219.6,253.6
2026-04-23,Z9,P2,61.75,119.09,104.4,96.2,262.1,301.6
2026-04-24,Z9,P2,166.88,82.87,118.2,108.5,232.6,294.3
2026-04-25,Z9,P2,157.65,151.34,115.2,91.4,200.3,235.0
2026-04-26,Z9,P2,189.68,145.76,106.7,79.1,204.6,292.6
2026-04-27,Z9,P2,110.47,90.74,94.3,79.8,220.7,251.1
2026-04-28,Z9,P2,216.91,26.63,95.0,67.5,230.1,263.8
2026-04-29,Z9,P2,146.29,56.17,117.8,90.3,352.8,352.8
2026-04-30,Z9,P2,280.28,61.75,105.6,97.5,277.9,299.4
2025-10-01,Z9,P3,667.68,757.27,713.7,781.4,1059.8,1200.5
2025-10-02,Z9,P3,595.79,630.35,653.9,734.6,1133.5,1357.5
2025-10-03,Z9,P3,590.19,482.48,663.6,714.4,1091.1,1158.5
2025-10-04,Z9,P3,738.74,704.86,760.7,816.3,1121.3,1258.8
2025-10-05,Z9,P3,583.94,467.71,489.2,575.7,889.7,1076.0
2025-10-06,Z9,P3,830.08,672.93,708.0,796.2,1244.3,1373.1
2025-10-07,Z9,P3,633.38,795.43,762.6,794.3,1260.7,1404.0
2025-10-08,Z9,P3,393.98,667.68,729.1,793.0,1176.3,1336.2
2025-10-09,Z9,P3,547.0,595.79,685.4,764.1,1205.3,1423.7
2025-10-10,Z9,P3,1210.18,590.19,657.5,721.9,996.2,1155.4
2025-10-11,Z9,P3,834.48,738.74,708.3,813.1,1306.6,1532.4
2025-10-12,Z9,P3,732.3,583.94,477.9,536.0,790.0,937.5
2025-10-13,Z9,P3,523.38,830.08,743.1,807.0,1113.0,1236.7
2025-10-14,Z9,P3,890.7,633.38,685.1,708.6,1046.7,1191.8
2025-10-15,Z9,P3,674.91,393.98,601.6,659.6,993.8,1079.2
2025-10-16,Z9,P3,802.64,547.0,656.2,689.2,962.7,962.7
2025-10-17,Z9,P3,837.23,1210.18,808.5,792.0,1117.3,1214.4
2025-10-18,Z9,P3,811.86,834.48,741.3,760.4,1033.2,1092.2
2025-10-19,Z9,P3,680.99,732.3,640.6,668.2,899.3,1018.6
2025-10-20,Z9,P3,850.03,523.38,672.1,710.4,899.1,1044.4
2025-10-21,Z9,P3,530.36,890.7,736.7,758.5,1004.5,1110.1
2025-10-22,Z9,P3,820.09,674.91,662.8,690.9,913.8,940.2
2025-10-23,Z9,P3,954.09,802.64,688.9,710.7,931.7,1033.9
2025-10-24,Z9,P3,769.28,837.23,812.0,796.6,1007.7,1131.5
2025-10-25,Z9,P3,698.23,811.86,719.0,756.4,1006.4,1083.7
2025-10-26,Z9,P3,718.66,680.99,616.3,647.1,852.6,929.5
2025-10-27,Z9,P3,750.91,850.03,697.4,741.1,992.4,1063.4
2025-10-28,Z9,P3,617.53,530.36,639.7,669.2,869.8,1013.7
2025-10-29,Z9,P3,694.36,820.09,708.0,731.2,932.9,1003.6
2025-10-30,Z9,P3,629.63,954.09,730.5,751.7,1007.8,1173.4
2025-10-31,Z9,P3,818.57,769.28,737.9,787.7,1069.2,1184.9
2025-11-01,Z9,P3,843.42,698.23,706.8,741.8,945.0,1052.0
2025-11-02,Z9,P3,486.16,718.66,631.1,682.3,840.8,936.9
2025-11-03,Z9,P3,865.87,750.91,721.4,724.6,947.6,1025.8
2025-11-04,Z9,P3,705.19,617.53,654.6,711.5,925.5,1009.4
2025-11-05,Z9,P3,580.13,694.36,683.0,699.7,885.7,960.0
2025-11-06,Z9,P3,733.41,629.63,663.0,716.1,937.5,964.6
2025-11-07,Z9,P3,651.05,818.57,766.2,826.8,1065.6,1156.0
2025-11-08,Z9,P3,829.5,843.42,733.0,760.0,1005.1,1046.5
2025-11-09,Z9,P3,651.19,486.16,536.3,616.0,792.8,828.3
2025-11-10,Z9,P3,651.63,865.87,733.6,770.3,985.3,1074.7
2025-11-11,Z9,P3,564.62,705.19,668.2,714.1,949.1,973.8
2025-11-12,Z9,P3,681.37,580.13,670.6,717.4,887.1,958.4
2025-11-13,Z9,P3,730.59,733.41,650.4,738.2,960.2,1036.4
2025-11-14,Z9,P3,570.54,651.05,712.4,744.4,944.6,967.7
2025-11-15,Z9,P3,407.11,829.5,702.3,766.3,1002.9,1059.1
2025-11-16,Z9,P3,547.81,651.19,505.9,589.0,817.9,856.5
2025-11-17,Z9,P3,610.63,651.63,687.9,733.5,957.4,997.9
2025-11-18,Z9,P3,798.59,564.62,623.7,679.0,833.9,863.7
2025-11-19,Z9,P3,593.64,681.37,669.8,706.3,950.0,963.8
2025-11-20,Z9,P3,772.91,730.59,703.8,743.0,942.3,1018.8
2025-11-21,Z9,P3,962.26,570.54,666.7,720.0,868.7,907.8
2025-11-22,Z9,P3,627.67,407.11,575.4,639.3,870.9,994.3
2025-11-23,Z9,P3,595.62,547.81,535.0,617.4,757.9,825.5
2025-11-24,Z9,P3,668.98,610.63,659.1,718.8,917.9,983.4
2025-11-25,Z9,P3,712.37,798.59,627.1,705.0,919.3,1023.9
2025-11-26,Z9,P3,860.64,593.64,640.1,674.2,880.4,913.0
2025-11-27,Z9,P3,928.14,772.91,684.4,733.8,948.1,1017.9
2025-11-28,Z9,P3,692.17,962.26,705.3,721.8,1046.1,1133.5
2025-11-29,Z9,P3,719.97,627.67,585.6,643.7,906.9,927.7
2025-11-30,Z9,P3,259.95,595.62,509.4,539.5,776.2,822.9
2025-12-01,Z9,P3,584.6,668.98,651.6,669.1,939.8,1005.0
2025-12-02,Z9,P3,645.77,712.37,589.0,685.3,902.8,1015.2
2025-12-03,Z9,P3,713.86,860.64,639.2,696.6,920.3,972.8
2025-12-04,Z9,P3,522.08,928.14,713.6,755.4,1045.0,1164.8
2025-12-05,Z9,P3,550.11,692.17,616.3,751.7,1038.1,1056.5
2025-12-06,Z9,P3,658.43,719.97,635.4,691.4,932.6,1011.0
2025-12-07,Z9,P3,329.66,259.95,444.0,521.3,699.1,752.0
2025-12-08,Z9,P3,625.22,584.6,600.9,658.7,857.5,899.4
2025-12-09,Z9,P3,551.46,645.77,563.6,689.3,887.4,923.7
2025-12-10,Z9,P3,632.83,713.86,565.4,681.1,858.6,969.3
2025-12-11,Z9,P3,782.76,522.08,510.0,686.7,911.7,971.8
2025-12-12,Z9,P3,632.13,550.11,503.7,722.6,882.4,1024.5
2025-12-13,Z9,P3,882.18,658.43,601.2,623.0,832.3,922.5
2025-12-14,Z9,P3,608.74,329.66,394.1,443.6,665.1,750.1
2025-12-15,Z9,P3,987.18,625.22,622.7,659.9,886.8,946.8
2025-12-16,Z9,P3,779.03,551.46,552.2,672.7,835.6,844.4
2025-12-17,Z9,P3,425.08,632.83,580.6,695.1,910.0,993.8
2025-12-18,Z9,P3,730.94,782.76,644.8,734.2,950.9,1083.8
2025-12-19,Z9,P3,871.57,632.13,617.4,688.2,921.0,997.9
2025-12-20,Z9,P3,389.02,882.18,603.3,634.7,801.6,912.5
2025-12-21,Z9,P3,700.22,608.74,460.5,501.9,697.6,783.8
2025-12-22,Z9,P3,815.1,987.18,577.7,620.8,928.9,1071.0
2025-12-23,Z9,P3,785.5,779.03,537.5,604.6,786.7,925.7
2025-12-24,Z9,P3,789.22,425.08,441.6,537.6,677.7,756.2
2025-12-25,Z9,P3,574.49,730.94,530.6,593.2,792.3,985.8
2025-12-26,Z9,P3,598.9,871.57,582.1,665.1,806.4,964.7
2025-12-27,Z9,P3,724.3,389.02,453.8,504.3,768.7,926.5
2025-12-28,Z9,P3,550.93,700.22,472.0,491.4,667.1,787.2
2025-12-29,Z9,P3,541.37,815.1,657.0,688.3,911.6,1065.1
2025-12-30,Z9,P3,571.41,785.5,620.9,649.9,821.0,1012.0
2025-12-31,Z9,P3,1182.85,789.22,537.7,604.4,841.6,957.4
2026-01-01,Z9,P3,434.69,574.49,533.2,612.2,693.1,799.5
2026-01-02,Z9,P3,658.15,598.9,581.2,613.4,701.8,890.2
2026-01-03,Z9,P3,537.76,724.3,526.0,624.9,768.6,953.1
2026-01-04,Z9,P3,464.63,550.93,497.3,530.9,611.2,726.3
2026-01-05,Z9,P3,517.77,541.37,639.0,706.1,950.8,1062.1
2026-01-06,Z9,P3,525.74,571.41,633.4,671.9,865.6,900.1
2026-01-07,Z9,P3,190.0,1182.85,770.1,764.6,1031.4,1142.9
2026-01-08,Z9,P3,408.93,434.69,591.3,665.4,891.6,891.6
2026-01-09,Z9,P3,520.0,658.15,650.8,715.4,933.7,989.6
2026-01-10,Z9,P3,363.19,537.76,597.7,630.6,844.5,863.9
2026-01-11,Z9,P3,642.12,464.63,506.4,589.6,747.5,772.7
2026-01-12,Z9,P3,687.23,517.77,620.2,674.9,871.1,882.2
2026-01-13,Z9,P3,483.35,525.74,630.4,683.2,896.9,896.9
2026-01-14,Z9,P3,588.83,190.0,524.4,527.3,853.4,1004.0
2026-01-15,Z9,P3,459.02,408.93,540.0,528.3,860.5,860.5
2026-01-16,Z9,P3,506.78,520.0,653.7,677.1,938.3,938.3
2026-01-17,Z9,P3,468.5,363.19,470.9,503.7,763.8,763.8
2026-01-18,Z9,P3,347.57,642.12,543.7,567.9,757.3,798.3
2026-01-19,Z9,P3,681.42,687.23,652.1,656.2,899.4,938.4
2026-01-20,Z9,P3,339.55,483.35,583.9,588.5,855.1,855.1
2026-01-21,Z9,P3,614.17,588.83,631.9,704.9,991.8,1112.1
2026-01-22,Z9,P3,427.52,459.02,531.1,516.5,850.3,877.2
2026-01-23,Z9,P3,522.16,506.78,606.0,622.9,863.0,863.0
2026-01-24,Z9,P3,589.35,468.5,533.4,513.1,739.0,815.8
2026-01-25,Z9,P3,463.71,347.57,451.5,475.2,696.2,796.1
2026-01-26,Z9,P3,688.23,681.42,625.9,625.9,859.2,955.2
2026-01-27,Z9,P3,509.68,339.55,499.4,470.0,833.6,837.4
2026-01-28,Z9,P3,698.74,614.17,637.3,652.8,910.2,975.8
2026-01-29,Z9,P3,617.16,427.52,510.9,496.7,783.2,783.2
2026-01-30,Z9,P3,628.85,522.16,602.5,594.4,846.5,851.5
2026-01-31,Z9,P3,448.24,589.35,545.8,545.8,751.0,851.0
2026-02-01,Z9,P3,351.75,463.71,434.0,448.0,610.4,656.4
2026-02-02,Z9,P3,505.41,688.23,588.6,628.1,881.0,944.3
2026-02-03,Z9,P3,497.98,509.68,533.5,525.9,790.3,802.3
2026-02-04,Z9,P3,431.24,698.74,575.0,565.5,824.2,853.5
2026-02-05,Z9,P3,641.49,617.16,553.8,551.3,810.4,840.6
2026-02-06,Z9,P3,806.31,628.85,568.3,557.3,830.2,859.9
2026-02-07,Z9,P3,699.5,448.24,466.9,504.9,770.2,816.4
2026-02-08,Z9,P3,564.52,351.75,437.5,470.7,691.3,763.6
2026-02-09,Z9,P3,303.66,505.41,564.8,572.3,943.5,953.5
2026-02-10,Z9,P3,780.05,497.98,519.3,507.8,829.1,829.1
2026-02-11,Z9,P3,497.22,431.24,507.5,530.8,844.8,891.6
2026-02-12,Z9,P3,405.02,641.49,591.9,605.1,852.5,852.5
2026-02-13,Z9,P3,570.08,806.31,682.3,690.7,940.6,1074.0
2026-02-14,Z9,P3,473.29,699.5,512.7,505.0,786.2,840.6
2026-02-15,Z9,P3,381.56,564.52,445.7,484.6,675.6,688.5
2026-02-16,Z9,P3,774.38,303.66,544.4,535.1,859.1,888.5
2026-02-17,Z9,P3,574.09,780.05,620.6,615.5,858.3,1003.4
2026-02-18,Z9,P3,654.8,497.22,571.3,577.6,871.7,877.4
2026-02-19,Z9,P3,767.24,405.02,523.9,528.9,782.4,787.3
2026-02-20,Z9,P3,580.52,570.08,607.1,624.8,862.2,917.8
2026-02-21,Z9,P3,685.27,473.29,554.4,557.8,793.8,857.8
2026-02-22,Z9,P3,352.9,381.56,461.1,449.9,642.6,701.8
2026-02-23,Z9,P3,455.32,774.38,589.1,600.8,870.3,913.3
2026-02-24,Z9,P3,579.98,574.09,585.1,597.9,805.5,887.2
2026-02-25,Z9,P3,534.73,654.8,623.4,605.5,837.4,930.8
2026-02-26,Z9,P3,655.96,767.24,592.5,586.6,850.7,895.5
2026-02-27,Z9,P3,420.3,580.52,603.7,627.3,804.8,849.8
2026-02-28,Z9,P3,696.07,685.27,539.4,565.6,760.1,800.5
2026-03-01,Z9,P3,688.55,352.9,389.7,378.3,578.4,649.8
2026-03-02,Z9,P3,646.16,455.32,505.5,500.6,822.8,854.2
2026-03-03,Z9,P3,583.19,579.98,538.5,570.4,766.1,819.1
2026-03-04,Z9,P3,477.61,534.73,512.0,541.8,670.4,741.2
2026-03-05,Z9,P3,391.64,655.96,572.0,570.1,835.6,967.5
2026-03-06,Z9,P3,468.64,420.3,533.9,564.8,744.9,809.0
2026-03-07,Z9,P3,553.17,696.07,542.5,581.7,791.3,927.5
2026-03-08,Z9,P3,328.46,688.55,493.4,530.2,678.3,811.7
2026-03-09,Z9,P3,940.36,646.16,532.5,569.4,770.0,787.2
2026-03-10,Z9,P3,469.21,583.19,542.7,566.2,761.2,864.3
2026-03-11,Z9,P3,354.25,477.61,518.6,548.6,712.3,783.9
2026-03-12,Z9,P3,339.18,391.64,484.7,496.9,709.3,739.4
2026-03-13,Z9,P3,342.89,468.64,488.5,491.5,707.7,794.8
2026-03-14,Z9,P3,413.49,553.17,555.0,586.6,728.9,779.4
2026-03-15,Z9,P3,270.92,328.46,384.6,370.9,596.7,696.3
2026-03-16,Z9,P3,475.46,940.36,683.3,680.6,990.4,1154.4
2026-03-17,Z9,P3,559.3,469.21,501.6,486.3,725.7,819.7
2026-03-18,Z9,P3,547.43,354.25,513.8,494.7,726.1,797.7
2026-03-19,Z9,P3,458.2,339.18,502.3,496.9,708.8,778.0
2026-03-20,Z9,P3,572.93,342.89,494.1,468.4,701.1,797.7
2026-03-21,Z9,P3,820.25,413.49,546.7,576.8,740.8,808.5
2026-03-22,Z9,P3,560.29,270.92,375.2,368.5,571.7,625.8
2026-03-23,Z9,P3,430.24,475.46,563.3,574.3,862.9,978.2
2026-03-24,Z9,P3,458.49,559.3,529.2,558.6,752.3,820.9
2026-03-25,Z9,P3,679.4,547.43,526.7,539.1,705.3,789.3
2026-03-26,Z9,P3,530.58,458.2,501.6,472.7,706.8,798.5
2026-03-27,Z9,P3,537.43,572.93,518.3,529.7,676.1,720.4
2026-03-28,Z9,P3,643.05,820.25,597.3,560.3,866.9,930.1
2026-03-29,Z9,P3,376.09,560.29,490.4,487.9,661.9,716.2
2026-03-30,Z9,P3,540.57,430.24,508.3,530.1,760.4,904.4
2026-03-31,Z9,P3,477.89,458.49,510.5,509.1,726.3,862.8
2026-04-01,Z9,P3,455.92,679.4,569.9,545.4,762.0,830.8
2026-04-02,Z9,P3,672.72,530.58,531.1,517.8,694.0,751.4
2026-04-03,Z9,P3,705.43,537.43,573.4,564.6,773.2,839.3
2026-04-04,Z9,P3,805.92,643.05,571.1,582.2,798.2,913.2
2026-04-05,Z9,P3,845.37,376.09,435.7,400.1,639.0,686.4
2026-04-06,Z9,P3,1000.3,540.57,530.3,522.2,725.2,882.7
2026-04-07,Z9,P3,724.85,477.89,523.2,486.6,736.2,798.0
2026-04-08,Z9,P3,744.83,455.92,480.5,493.5,671.8,795.8
2026-04-09,Z9,P3,572.1,672.72,543.8,520.2,754.3,816.5
2026-04-10,Z9,P3,668.56,705.43,582.2,551.0,788.6,858.1
2026-04-11,Z9,P3,814.11,805.92,647.1,628.1,818.0,931.5
2026-04-12,Z9,P3,683.67,845.37,510.2,507.2,753.5,807.1
2026-04-13,Z9,P3,610.95,1000.3,649.3,626.3,960.3,1131.5
2026-04-14,Z9,P3,373.48,724.85,586.9,579.8,808.0,945.4
2026-04-15,Z9,P3,822.5,744.83,600.3,605.0,864.1,980.1
2026-04-16,Z9,P3,754.52,572.1,620.1,618.6,808.9,865.3
2026-04-17,Z9,P3,701.87,668.56,677.5,648.7,872.5,1001.9
2026-04-18,Z9,P3,922.9,814.11,738.9,720.1,964.9,1101.5
2026-04-19,Z9,P3,812.65,683.67,548.4,590.7,816.3,974.4
2026-04-20,Z9,P3,841.68,610.95,646.2,633.8,886.2,970.9
2026-04-21,Z9,P3,550.05,373.48,495.9,500.6,817.7,865.4
2026-04-22,Z9,P3,467.1,822.5,707.8,702.8,930.8,1058.9
2026-04-23,Z9,P3,797.76,754.52,675.4,655.6,917.1,1043.5
2026-04-24,Z9,P3,982.78,701.87,697.8,682.1,907.7,988.7
2026-04-25,Z9,P3,799.31,922.9,668.9,682.1,1073.8,1194.8
2026-04-26,Z9,P3,587.05,812.65,623.6,621.8,848.7,1015.1
2026-04-27,Z9,P3,442.76,841.68,661.1,678.3,1053.8,1158.0
2026-04-28,Z9,P3,1075.85,550.05,529.4,560.3,824.7,824.7
2026-04-29,Z9,P3,885.66,467.1,539.4,567.8,829.6,995.1
2026-04-30,Z9,P3,987.54,797.76,665.1,667.3,974.1,1072.7
